transaction_id,product_type,applicant_id,beneficiary_id,applicant_country,beneficiary_country,currency,amount,issue_date,expiry_date,status,goods_category,amendment_count,document_count,processing_days,discrepancy_flag,delay_flag,counterparty_relationship_years,customer_risk_rating,anomaly_score,anomaly_class,discrepancy_probability,delay_probability,predicted_processing_days,overall_risk_score,overall_risk_level
TF-2026-0000001,GUARANTEE,CUST-00886,CP-03351,CA,US,JPY,629619.52,2024-08-16,2024-11-02,ACTIVE,CHEMICALS,2,6,3,0,0,7,LOW,0.464169,NORMAL,0.226757,0.50293,10.82,24.67,LOW
TF-2026-0000002,IMPORT_LC,CUST-00187,CP-01180,CA,IN,CNY,1563233.52,2024-10-20,2025-02-10,ACTIVE,ELECTRONICS,5,7,14,1,1,1,MEDIUM,0.547615,NORMAL,0.426928,0.649855,11.67,59.62,MEDIUM
TF-2026-0000003,GUARANTEE,CUST-00137,CP-02860,CA,MX,JPY,1545109.57,2026-01-02,2026-04-24,SETTLED,CHEMICALS,0,8,8,0,0,13,MEDIUM,0.546118,NORMAL,0.237453,0.156726,4.74,36.34,LOW
TF-2026-0000004,COLLECTION,CUST-00399,CP-01625,CA,GB,CNY,1351414.55,2026-07-05,2026-11-12,ACTIVE,AUTO_PARTS,3,10,12,0,1,6,MEDIUM,0.526124,NORMAL,0.403252,0.622557,10.66,53.05,MEDIUM
TF-2026-0000005,IMPORT_LC,CUST-01095,CP-03037,CA,BR,CAD,71868.01,2025-07-08,2025-12-29,ACTIVE,AUTO_PARTS,5,7,16,1,1,9,HIGH,0.542728,NORMAL,0.738225,0.824972,15.84,79.12,HIGH
TF-2026-0000006,IMPORT_LC,CUST-00773,CP-03143,CA,DE,USD,1521482.6,2026-01-18,2026-03-20,ACTIVE,AGRICULTURE,1,4,11,1,1,3,MEDIUM,0.51908,NORMAL,0.207262,0.473302,9.81,40.04,MEDIUM
TF-2026-0000007,GUARANTEE,CUST-00661,CP-02303,CA,DE,JPY,218534.52,2024-11-09,2025-01-09,ACTIVE,CHEMICALS,3,9,13,0,1,8,MEDIUM,0.478973,NORMAL,0.53472,0.677699,11.46,47.04,MEDIUM
TF-2026-0000008,EXPORT_LC,CUST-00842,CP-01236,CA,DE,CNY,408328.21,2024-12-07,2025-04-22,ACTIVE,AGRICULTURE,4,5,14,1,1,2,HIGH,0.494102,NORMAL,0.436835,0.760411,13.29,55.39,MEDIUM
TF-2026-0000009,IMPORT_LC,CUST-01199,CP-01839,CA,JP,JPY,477790.11,2025-07-17,2025-10-15,SETTLED,AUTO_PARTS,4,3,13,0,1,12,HIGH,0.52572,NORMAL,0.397491,0.752058,12.58,62.33,MEDIUM
TF-2026-0000010,COLLECTION,CUST-00608,CP-00828,CA,MX,USD,236747.25,2026-03-10,2026-05-26,SETTLED,AGRICULTURE,5,10,20,0,1,15,MEDIUM,0.583895,NORMAL,0.487368,0.749311,14.28,69.27,HIGH
TF-2026-0000011,IMPORT_LC,CUST-00509,CP-03283,CA,AE,GBP,697112.64,2024-09-08,2024-11-15,SETTLED,ELECTRONICS,4,8,15,1,1,8,HIGH,0.470227,NORMAL,0.391417,0.807391,14.82,50.81,MEDIUM
TF-2026-0000012,COLLECTION,CUST-00638,CP-00673,CA,CN,USD,253241.45,2026-01-22,2026-04-17,CLOSED,AGRICULTURE,2,7,15,0,1,2,LOW,0.484959,NORMAL,0.174427,0.55084,12.2,27.99,LOW
TF-2026-0000013,COLLECTION,CUST-00320,CP-03358,CA,BR,CAD,109282.55,2025-04-06,2025-08-02,SETTLED,AGRICULTURE,2,5,7,0,0,10,MEDIUM,0.515986,NORMAL,0.202733,0.261705,8.16,31.74,LOW
TF-2026-0000014,EXPORT_LC,CUST-00389,CP-00018,CA,GB,GBP,302432.14,2026-07-30,2026-12-19,SETTLED,TEXTILES,3,8,10,0,0,14,LOW,0.500167,NORMAL,0.324037,0.420556,9.97,31.57,LOW
TF-2026-0000015,GUARANTEE,CUST-00119,CP-02667,CA,BR,CNY,2039788.6,2025-07-14,2025-10-13,SETTLED,TEXTILES,0,5,6,0,0,10,MEDIUM,0.539786,NORMAL,0.14788,0.254986,6.79,35.9,LOW
TF-2026-0000016,IMPORT_LC,CUST-01062,CP-00774,CA,AE,CNY,154771.67,2025-06-05,2025-09-25,CLOSED,AUTO_PARTS,2,9,14,0,1,12,MEDIUM,0.509876,NORMAL,0.393154,0.564165,11.62,46.28,MEDIUM
TF-2026-0000017,IMPORT_LC,CUST-00144,CP-03170,CA,AE,EUR,343250.71,2024-08-29,2024-12-29,ACTIVE,ELECTRONICS,5,9,16,0,1,14,MEDIUM,0.544771,NORMAL,0.521511,0.752297,12.6,65.46,HIGH
TF-2026-0000018,IMPORT_LC,CUST-00341,CP-00327,CA,GB,CAD,174904.62,2025-10-16,2026-03-10,ACTIVE,TEXTILES,0,3,10,0,0,10,MEDIUM,0.565185,NORMAL,0.205065,0.20541,7.74,40.14,MEDIUM
TF-2026-0000019,GUARANTEE,CUST-00996,CP-01939,CA,US,CNY,587349.15,2025-09-01,2026-01-17,SETTLED,INDUSTRIAL_EQUIPMENT,2,8,13,0,1,5,HIGH,0.467567,NORMAL,0.165154,0.536921,11.08,34.3,LOW
TF-2026-0000020,GUARANTEE,CUST-00510,CP-01510,CA,FR,GBP,826500.61,2025-05-07,2025-09-25,ACTIVE,AGRICULTURE,4,9,4,0,0,13,LOW,0.510843,NORMAL,0.432627,0.536557,9.74,41.78,MEDIUM
TF-2026-0000021,GUARANTEE,CUST-00877,CP-01951,CA,CN,USD,804217.85,2024-10-07,2025-02-08,CLOSED,INDUSTRIAL_EQUIPMENT,5,5,20,0,1,10,LOW,0.501532,NORMAL,0.540305,0.839076,18.32,52.99,MEDIUM
TF-2026-0000022,IMPORT_LC,CUST-00988,CP-02715,CA,FR,CNY,244749.84,2025-02-05,2025-04-09,CLOSED,ELECTRONICS,5,4,8,1,0,15,LOW,0.565058,NORMAL,0.608797,0.534015,11.39,58.72,MEDIUM
TF-2026-0000023,COLLECTION,CUST-00186,CP-03259,CA,MX,JPY,300133.74,2024-09-03,2025-02-02,CLOSED,CHEMICALS,4,4,10,0,0,5,HIGH,0.497862,NORMAL,0.567621,0.478015,11.5,50.32,MEDIUM
TF-2026-0000024,IMPORT_LC,CUST-00229,CP-00366,CA,MX,EUR,728331.25,2025-08-29,2026-01-30,CLOSED,INDUSTRIAL_EQUIPMENT,1,8,5,0,0,0,LOW,0.532587,NORMAL,0.227618,0.32597,7.71,34.03,LOW
TF-2026-0000025,EXPORT_LC,CUST-00219,CP-01620,CA,BR,USD,502765.11,2026-08-03,2027-01-05,ACTIVE,AUTO_PARTS,2,6,5,0,0,1,MEDIUM,0.486348,NORMAL,0.2637,0.321358,7.81,27.9,LOW
TF-2026-0000026,EXPORT_LC,CUST-01014,CP-01194,CA,SG,CNY,855540.07,2024-08-21,2025-02-15,ACTIVE,ELECTRONICS,1,6,8,0,0,8,HIGH,0.479411,NORMAL,0.150923,0.389261,7.76,30.48,LOW
TF-2026-0000027,GUARANTEE,CUST-00802,CP-01602,CA,MX,CNY,474471.52,2026-05-31,2026-11-15,ACTIVE,AUTO_PARTS,1,9,11,0,1,6,HIGH,0.48611,NORMAL,0.152872,0.430015,10.11,33.34,LOW
TF-2026-0000028,IMPORT_LC,CUST-00742,CP-02974,CA,DE,GBP,1246196.17,2024-12-31,2025-04-15,ACTIVE,CHEMICALS,5,5,16,0,1,8,LOW,0.507523,NORMAL,0.448363,0.725751,15.39,47.94,MEDIUM
TF-2026-0000029,IMPORT_LC,CUST-00244,CP-00987,CA,US,USD,414295.99,2025-07-02,2025-12-08,ACTIVE,CHEMICALS,5,9,16,0,1,14,LOW,0.546947,NORMAL,0.396767,0.813703,15.36,59.34,MEDIUM
TF-2026-0000030,IMPORT_LC,CUST-01174,CP-02346,CA,BR,JPY,89263.75,2025-04-08,2025-09-04,CLOSED,CHEMICALS,1,9,1,0,0,10,MEDIUM,0.531074,NORMAL,0.115754,0.166429,4.48,29.77,LOW
TF-2026-0000031,COLLECTION,CUST-00131,CP-02126,CA,GB,CNY,651854.0,2024-12-22,2025-05-19,CLOSED,ELECTRONICS,0,6,15,0,1,13,LOW,0.510454,NORMAL,0.201056,0.425399,10.78,30.82,LOW
TF-2026-0000032,EXPORT_LC,CUST-00180,CP-02304,CA,GB,EUR,2547236.61,2025-11-23,2026-01-22,CLOSED,ELECTRONICS,4,5,11,0,1,13,LOW,0.548452,NORMAL,0.367645,0.665924,12.36,53.55,MEDIUM
TF-2026-0000033,GUARANTEE,CUST-01103,CP-02092,CA,AE,CAD,1206662.69,2026-01-10,2026-05-27,ACTIVE,TEXTILES,1,3,9,0,0,1,MEDIUM,0.566596,NORMAL,0.204224,0.222442,9.17,40.89,MEDIUM
TF-2026-0000034,COLLECTION,CUST-00153,CP-02253,CA,MX,USD,129198.3,2025-11-24,2026-04-19,SETTLED,CHEMICALS,3,10,14,1,1,2,HIGH,0.541159,NORMAL,0.642555,0.701585,13.2,71.64,HIGH
TF-2026-0000035,COLLECTION,CUST-00777,CP-00107,CA,CN,JPY,237241.42,2024-12-02,2025-05-10,SETTLED,AGRICULTURE,0,9,12,0,1,3,HIGH,0.526574,NORMAL,0.125514,0.444299,8.91,43.61,MEDIUM
TF-2026-0000036,GUARANTEE,CUST-01003,CP-00392,CA,BR,EUR,234178.34,2025-02-17,2025-05-09,ACTIVE,AGRICULTURE,4,7,15,0,1,10,LOW,0.484846,NORMAL,0.548457,0.75314,13.85,46.26,MEDIUM
TF-2026-0000037,GUARANTEE,CUST-00020,CP-02813,CA,AE,USD,1358109.54,2025-03-05,2025-08-11,CLOSED,ELECTRONICS,3,7,17,0,1,14,MEDIUM,0.520192,NORMAL,0.344287,0.704497,14.11,52.52,MEDIUM
TF-2026-0000038,COLLECTION,CUST-01067,CP-02943,CA,MX,EUR,37426.02,2025-12-21,2026-03-01,CLOSED,INDUSTRIAL_EQUIPMENT,3,8,13,0,1,13,HIGH,0.576956,NORMAL,0.380275,0.71951,12.92,69.57,HIGH
TF-2026-0000039,EXPORT_LC,CUST-00983,CP-02040,CA,CN,JPY,1241294.08,2025-03-03,2025-05-02,CLOSED,AUTO_PARTS,5,4,9,0,0,4,HIGH,0.525956,NORMAL,0.456815,0.527096,11.11,56.27,MEDIUM
TF-2026-0000040,COLLECTION,CUST-00346,CP-02763,CA,US,EUR,1068167.34,2025-02-22,2025-06-25,SETTLED,CHEMICALS,1,8,11,0,1,2,MEDIUM,0.508334,NORMAL,0.173481,0.51469,10.44,37.51,LOW
TF-2026-0000041,GUARANTEE,CUST-00437,CP-00010,CA,SG,EUR,518380.99,2024-11-04,2025-02-17,ACTIVE,INDUSTRIAL_EQUIPMENT,5,3,22,0,1,13,HIGH,0.551452,NORMAL,0.443766,0.726199,14.06,68.56,HIGH
TF-2026-0000042,GUARANTEE,CUST-00382,CP-01647,CA,MX,USD,93501.04,2025-08-14,2025-10-13,SETTLED,ELECTRONICS,0,5,3,0,0,7,MEDIUM,0.54734,NORMAL,0.336768,0.190851,5.93,40.82,MEDIUM
TF-2026-0000043,EXPORT_LC,CUST-01099,CP-03325,CA,MX,GBP,126061.34,2025-11-10,2026-02-03,CLOSED,INDUSTRIAL_EQUIPMENT,1,5,5,0,0,3,MEDIUM,0.515944,NORMAL,0.23494,0.278889,9.12,33.28,LOW
TF-2026-0000044,COLLECTION,CUST-00545,CP-00487,CA,FR,CNY,425475.12,2025-06-07,2025-10-09,SETTLED,AUTO_PARTS,5,5,17,1,1,12,MEDIUM,0.507878,NORMAL,0.450288,0.745001,14.85,53.75,MEDIUM
TF-2026-0000045,EXPORT_LC,CUST-00107,CP-02779,CA,BR,CAD,323047.13,2025-08-27,2026-01-13,ACTIVE,ELECTRONICS,3,10,10,0,0,13,HIGH,0.518445,NORMAL,0.384536,0.455042,10.83,49.58,MEDIUM
TF-2026-0000046,EXPORT_LC,CUST-00305,CP-00940,CA,CN,CAD,312973.45,2026-04-11,2026-09-07,SETTLED,AUTO_PARTS,0,9,11,0,1,3,LOW,0.523942,NORMAL,0.160715,0.433727,8.29,33.56,LOW
TF-2026-0000047,GUARANTEE,CUST-00719,CP-02915,CA,US,EUR,677391.39,2025-06-10,2025-09-24,SETTLED,AGRICULTURE,3,7,13,1,1,2,MEDIUM,0.482931,NORMAL,0.653413,0.607382,11.42,48.84,MEDIUM
TF-2026-0000048,EXPORT_LC,CUST-00566,CP-00861,CA,FR,USD,69458.52,2024-12-22,2025-06-04,CLOSED,ELECTRONICS,5,4,13,1,1,6,LOW,0.557875,NORMAL,0.568913,0.798792,13.55,65.89,HIGH
TF-2026-0000049,EXPORT_LC,CUST-01093,CP-02953,CA,AE,JPY,499662.03,2026-03-08,2026-07-07,ACTIVE,CHEMICALS,2,8,3,0,0,9,LOW,0.464552,NORMAL,0.274218,0.4411,7.02,23.95,LOW
TF-2026-0000050,COLLECTION,CUST-01014,CP-02805,CA,BR,GBP,39456.33,2025-02-13,2025-05-10,SETTLED,ELECTRONICS,4,9,15,0,1,13,HIGH,0.592462,HIGH,0.480359,0.762501,14.25,75.03,HIGH
TF-2026-0000051,GUARANTEE,CUST-00550,CP-02262,CA,DE,CAD,1270447.53,2026-04-13,2026-07-26,CLOSED,AUTO_PARTS,5,6,17,1,1,14,HIGH,0.545437,NORMAL,0.592248,0.860275,14.79,76.48,HIGH
TF-2026-0000052,IMPORT_LC,CUST-00022,CP-03375,CA,GB,JPY,10545244.71,2025-08-13,2026-01-31,SETTLED,AUTO_PARTS,0,9,6,0,0,9,MEDIUM,0.619298,HIGH,0.23185,0.296973,7.85,47.15,MEDIUM
TF-2026-0000053,COLLECTION,CUST-00755,CP-00608,CA,MX,USD,180919.17,2025-04-09,2025-06-10,SETTLED,AGRICULTURE,1,6,1,0,0,12,HIGH,0.497568,NORMAL,0.132381,0.194038,4.84,27.24,LOW
TF-2026-0000054,EXPORT_LC,CUST-00932,CP-02643,CA,AE,CNY,96596.83,2025-06-26,2025-09-08,ACTIVE,INDUSTRIAL_EQUIPMENT,0,4,2,0,0,12,MEDIUM,0.560144,NORMAL,0.207953,0.270639,7.12,41.83,MEDIUM
TF-2026-0000055,IMPORT_LC,CUST-00020,CP-03243,CA,FR,CNY,673294.72,2026-04-26,2026-08-03,ACTIVE,AGRICULTURE,0,6,11,0,1,10,MEDIUM,0.499075,NORMAL,0.118613,0.450597,8.77,31.18,LOW
TF-2026-0000056,GUARANTEE,CUST-00211,CP-02096,CA,BR,USD,99039.86,2025-06-13,2025-09-30,CLOSED,AUTO_PARTS,2,7,15,0,1,9,LOW,0.502825,NORMAL,0.406639,0.535053,12.36,38.72,LOW
TF-2026-0000057,GUARANTEE,CUST-00243,CP-01477,CA,BR,USD,2681071.68,2026-05-18,2026-10-12,CLOSED,AGRICULTURE,3,8,6,1,0,6,LOW,0.519144,NORMAL,0.406191,0.425917,8.66,39.38,LOW
TF-2026-0000058,EXPORT_LC,CUST-00800,CP-01830,CA,MX,GBP,838276.64,2025-04-10,2025-06-25,SETTLED,ELECTRONICS,5,7,10,1,0,5,HIGH,0.493634,NORMAL,0.626027,0.552645,12.25,53.65,MEDIUM
TF-2026-0000059,COLLECTION,CUST-01126,CP-02037,CA,SG,USD,503889.92,2025-02-07,2025-07-20,CLOSED,AUTO_PARTS,3,4,7,0,0,3,LOW,0.48395,NORMAL,0.333195,0.358958,8.67,25.8,LOW
TF-2026-0000060,IMPORT_LC,CUST-00743,CP-02288,CA,US,USD,130706.34,2025-04-14,2025-10-10,CLOSED,CHEMICALS,2,10,7,1,0,5,HIGH,0.526471,NORMAL,0.610559,0.315928,8.72,53.63,MEDIUM
TF-2026-0000061,EXPORT_LC,CUST-00062,CP-00602,CA,US,CAD,187980.96,2025-08-03,2025-12-08,CLOSED,AUTO_PARTS,4,9,14,0,1,2,LOW,0.52146,NORMAL,0.495042,0.63139,11.72,49.82,MEDIUM
TF-2026-0000062,EXPORT_LC,CUST-00023,CP-01624,CA,DE,JPY,6033876.8,2025-06-05,2025-09-12,CLOSED,AUTO_PARTS,5,7,16,0,1,15,LOW,0.62829,HIGH,0.442334,0.801628,12.48,66.24,HIGH
TF-2026-0000063,EXPORT_LC,CUST-00804,CP-00753,CA,FR,CNY,543141.25,2025-01-17,2025-03-24,ACTIVE,AGRICULTURE,3,10,9,0,0,12,HIGH,0.507735,NORMAL,0.365248,0.512964,10.51,48.04,MEDIUM
TF-2026-0000064,IMPORT_LC,CUST-00134,CP-00868,CA,DE,CAD,218686.49,2024-12-09,2025-04-20,CLOSED,INDUSTRIAL_EQUIPMENT,1,7,13,1,1,12,MEDIUM,0.488471,NORMAL,0.253296,0.462776,10.18,33.03,LOW
TF-2026-0000065,GUARANTEE,CUST-00801,CP-02973,CA,FR,CNY,130145.03,2025-08-13,2025-12-12,SETTLED,TEXTILES,4,4,6,1,0,5,MEDIUM,0.517628,NORMAL,0.649786,0.553035,9.6,55.78,MEDIUM
TF-2026-0000066,EXPORT_LC,CUST-00289,CP-03150,CA,GB,GBP,530356.01,2026-03-01,2026-08-17,CLOSED,CHEMICALS,1,8,8,0,0,4,MEDIUM,0.479237,NORMAL,0.241692,0.234577,8.44,22.78,LOW
TF-2026-0000067,EXPORT_LC,CUST-00634,CP-02242,CA,DE,USD,440826.27,2026-05-15,2026-08-05,ACTIVE,AUTO_PARTS,2,5,14,0,1,2,HIGH,0.480685,NORMAL,0.279033,0.6016,11.69,41.98,MEDIUM
TF-2026-0000068,IMPORT_LC,CUST-00745,CP-01175,CA,AE,CNY,287549.82,2025-06-28,2025-10-06,CLOSED,AGRICULTURE,1,10,10,0,0,12,HIGH,0.523236,NORMAL,0.268919,0.180101,9.27,37.7,LOW
TF-2026-0000069,COLLECTION,CUST-00325,CP-02336,CA,GB,GBP,1004830.63,2025-06-30,2025-09-11,SETTLED,INDUSTRIAL_EQUIPMENT,5,4,11,0,1,1,LOW,0.535969,NORMAL,0.331603,0.789943,13.8,54.18,MEDIUM
TF-2026-0000070,GUARANTEE,CUST-00133,CP-01300,CA,CN,EUR,887076.98,2025-08-27,2025-11-13,SETTLED,AUTO_PARTS,3,3,15,0,1,2,MEDIUM,0.532943,NORMAL,0.398291,0.519668,10.3,51.03,MEDIUM
TF-2026-0000071,GUARANTEE,CUST-00881,CP-01940,CA,GB,CAD,141781.05,2026-01-06,2026-06-26,SETTLED,CHEMICALS,1,4,8,0,0,1,LOW,0.533056,NORMAL,0.200503,0.196093,6.9,28.81,LOW
TF-2026-0000072,GUARANTEE,CUST-00609,CP-00674,CA,US,GBP,277235.37,2026-01-21,2026-05-06,SETTLED,AUTO_PARTS,4,5,14,0,1,7,MEDIUM,0.480742,NORMAL,0.547076,0.598196,11.05,44.91,MEDIUM
TF-2026-0000073,EXPORT_LC,CUST-00664,CP-02721,CA,FR,EUR,2107790.05,2025-09-22,2026-02-10,ACTIVE,CHEMICALS,0,9,6,0,0,2,LOW,0.571632,NORMAL,0.13776,0.229167,6.04,34.67,LOW
TF-2026-0000074,EXPORT_LC,CUST-00392,CP-02784,CA,BR,EUR,1626222.48,2024-12-30,2025-06-12,CLOSED,INDUSTRIAL_EQUIPMENT,0,7,13,0,1,7,LOW,0.535268,NORMAL,0.137034,0.408766,9.56,34.87,LOW
TF-2026-0000075,EXPORT_LC,CUST-00940,CP-01755,CA,US,JPY,105168.79,2025-07-26,2025-10-30,CLOSED,AUTO_PARTS,3,9,10,0,0,12,MEDIUM,0.523232,NORMAL,0.442285,0.383207,9.89,45.0,MEDIUM
TF-2026-0000076,COLLECTION,CUST-01031,CP-02381,CA,SG,USD,3392707.1,2026-07-10,2026-10-03,ACTIVE,CHEMICALS,1,10,14,0,1,7,LOW,0.574735,NORMAL,0.203341,0.576912,10.14,49.09,MEDIUM
TF-2026-0000077,COLLECTION,CUST-00495,CP-00018,CA,GB,EUR,504847.4,2025-06-14,2025-09-06,SETTLED,TEXTILES,2,5,22,0,1,14,HIGH,0.504734,NORMAL,0.341727,0.554221,13.39,48.04,MEDIUM
TF-2026-0000078,EXPORT_LC,CUST-00896,CP-00947,CA,IN,CAD,682162.05,2026-05-03,2026-10-27,CLOSED,AGRICULTURE,5,9,11,0,1,7,MEDIUM,0.511765,NORMAL,0.346069,0.823657,11.64,54.47,MEDIUM
TF-2026-0000079,IMPORT_LC,CUST-01172,CP-01567,CA,BR,GBP,730929.18,2026-07-18,2026-11-23,ACTIVE,ELECTRONICS,5,8,16,1,1,4,LOW,0.505343,NORMAL,0.416337,0.874474,15.55,51.63,MEDIUM
TF-2026-0000080,IMPORT_LC,CUST-00291,CP-01157,CA,IN,USD,435289.69,2025-11-17,2026-03-09,ACTIVE,INDUSTRIAL_EQUIPMENT,3,4,16,0,1,10,MEDIUM,0.482322,NORMAL,0.56413,0.661337,13.26,47.92,MEDIUM
TF-2026-0000081,EXPORT_LC,CUST-00612,CP-00042,CA,SG,CAD,964992.67,2026-02-11,2026-04-12,CLOSED,ELECTRONICS,0,8,11,0,1,11,LOW,0.518362,NORMAL,0.093624,0.538942,8.62,33.78,LOW
TF-2026-0000082,GUARANTEE,CUST-00236,CP-00889,CA,CN,CNY,297107.21,2026-07-13,2026-10-06,SETTLED,INDUSTRIAL_EQUIPMENT,5,5,14,1,1,9,MEDIUM,0.496006,NORMAL,0.678509,0.783977,14.19,58.88,MEDIUM
TF-2026-0000083,GUARANTEE,CUST-00355,CP-00811,CA,CN,GBP,4015274.52,2024-09-08,2025-02-28,SETTLED,CHEMICALS,0,7,8,0,0,0,MEDIUM,0.610771,HIGH,0.31271,0.180528,8.46,45.33,MEDIUM
TF-2026-0000084,GUARANTEE,CUST-00766,CP-02592,CA,DE,JPY,193993.5,2026-06-08,2026-10-13,CLOSED,AGRICULTURE,2,9,12,0,1,3,MEDIUM,0.497319,NORMAL,0.187937,0.559166,10.69,36.6,LOW
TF-2026-0000085,GUARANTEE,CUST-00298,CP-03193,CA,GB,CAD,163009.31,2025-09-25,2026-02-03,ACTIVE,INDUSTRIAL_EQUIPMENT,5,8,15,1,1,8,LOW,0.513567,NORMAL,0.602956,0.784439,15.28,56.3,MEDIUM
TF-2026-0000086,COLLECTION,CUST-00651,CP-03332,CA,BR,EUR,437371.14,2025-09-19,2026-02-02,ACTIVE,AGRICULTURE,3,4,16,1,1,10,MEDIUM,0.482583,NORMAL,0.722086,0.616427,13.4,51.17,MEDIUM
TF-2026-0000087,COLLECTION,CUST-00583,CP-00537,CA,DE,JPY,74040.57,2025-06-26,2025-11-25,SETTLED,AGRICULTURE,0,8,6,0,0,12,HIGH,0.568478,NORMAL,0.192127,0.204183,6.55,45.14,MEDIUM
TF-2026-0000088,GUARANTEE,CUST-00931,CP-02021,CA,BR,CAD,244127.4,2024-10-25,2025-01-06,ACTIVE,AGRICULTURE,1,3,7,0,0,12,MEDIUM,0.529706,NORMAL,0.129691,0.277371,8.44,33.71,LOW
TF-2026-0000089,IMPORT_LC,CUST-00108,CP-01064,CA,DE,JPY,141299.66,2026-06-29,2026-09-13,ACTIVE,AGRICULTURE,3,7,8,0,0,11,MEDIUM,0.488527,NORMAL,0.466347,0.513192,10.15,41.19,MEDIUM
TF-2026-0000090,GUARANTEE,CUST-00660,CP-03165,CA,GB,EUR,226197.17,2025-04-05,2025-08-27,ACTIVE,AUTO_PARTS,5,4,5,1,0,10,LOW,0.52492,NORMAL,0.631117,0.611182,11.38,54.13,MEDIUM
TF-2026-0000091,EXPORT_LC,CUST-00959,CP-03353,CA,MX,USD,236149.3,2025-07-14,2025-12-29,ACTIVE,TEXTILES,4,8,13,0,1,11,HIGH,0.492388,NORMAL,0.353494,0.747088,13.63,52.01,MEDIUM
TF-2026-0000092,GUARANTEE,CUST-00867,CP-00673,CA,CN,CNY,30676.48,2024-09-09,2025-02-11,ACTIVE,INDUSTRIAL_EQUIPMENT,0,5,3,0,0,2,MEDIUM,0.60724,HIGH,0.117882,0.213465,5.83,40.5,MEDIUM
TF-2026-0000093,COLLECTION,CUST-00721,CP-01088,CA,BR,JPY,382572.78,2026-04-13,2026-07-30,CLOSED,AUTO_PARTS,3,8,14,1,1,11,HIGH,0.472792,NORMAL,0.388582,0.654883,12.14,45.78,MEDIUM
TF-2026-0000094,IMPORT_LC,CUST-00103,CP-02648,CA,DE,CAD,281849.1,2025-12-01,2026-05-01,CLOSED,CHEMICALS,2,6,11,0,1,3,HIGH,0.475818,NORMAL,0.276995,0.555718,10.73,39.43,LOW
TF-2026-0000095,GUARANTEE,CUST-00007,CP-00387,CA,JP,GBP,451118.62,2026-02-04,2026-04-13,CLOSED,ELECTRONICS,5,7,18,1,1,14,LOW,0.520682,NORMAL,0.746939,0.832604,15.48,64.2,MEDIUM
TF-2026-0000096,IMPORT_LC,CUST-00350,CP-02783,CA,IN,USD,592877.4,2026-08-03,2026-12-13,ACTIVE,AUTO_PARTS,3,4,6,1,0,13,HIGH,0.489931,NORMAL,0.609455,0.344838,9.16,44.94,MEDIUM
TF-2026-0000097,COLLECTION,CUST-01005,CP-03010,CA,IN,CAD,425801.44,2025-08-18,2025-12-17,CLOSED,INDUSTRIAL_EQUIPMENT,2,7,7,0,0,15,MEDIUM,0.519766,NORMAL,0.342555,0.395967,8.7,41.52,MEDIUM
TF-2026-0000098,EXPORT_LC,CUST-01183,CP-03036,CA,DE,CNY,1674270.26,2024-08-30,2025-01-18,SETTLED,INDUSTRIAL_EQUIPMENT,0,6,1,0,0,13,MEDIUM,0.544851,NORMAL,0.148099,0.140314,3.45,32.84,LOW
TF-2026-0000099,GUARANTEE,CUST-00634,CP-00781,CA,GB,JPY,715249.02,2026-07-01,2026-10-05,SETTLED,INDUSTRIAL_EQUIPMENT,0,9,8,0,0,11,HIGH,0.518209,NORMAL,0.181999,0.168995,7.55,33.43,LOW
TF-2026-0000100,GUARANTEE,CUST-00133,CP-03276,CA,GB,CAD,169313.46,2025-10-15,2026-03-08,SETTLED,INDUSTRIAL_EQUIPMENT,3,7,6,1,0,6,MEDIUM,0.478772,NORMAL,0.678617,0.384821,8.12,41.06,MEDIUM
TF-2026-0000101,EXPORT_LC,CUST-00885,CP-02398,CA,GB,CNY,1249228.15,2026-05-22,2026-11-15,SETTLED,AGRICULTURE,5,9,5,1,0,14,HIGH,0.559928,NORMAL,0.591833,0.619148,11.67,70.52,HIGH
TF-2026-0000102,GUARANTEE,CUST-00176,CP-01218,CA,MX,USD,1844673.16,2025-01-09,2025-05-05,CLOSED,AUTO_PARTS,3,9,16,1,1,8,LOW,0.505742,NORMAL,0.701415,0.620622,12.77,51.42,MEDIUM
TF-2026-0000103,COLLECTION,CUST-00182,CP-03096,CA,FR,USD,595693.1,2026-03-22,2026-05-27,SETTLED,CHEMICALS,4,8,16,0,1,9,HIGH,0.464201,NORMAL,0.474133,0.768235,13.95,51.38,MEDIUM
TF-2026-0000104,GUARANTEE,CUST-00200,CP-03367,CA,SG,CAD,647580.21,2025-10-19,2026-01-05,CLOSED,TEXTILES,0,3,10,0,0,6,MEDIUM,0.539257,NORMAL,0.127615,0.22092,8.45,33.96,LOW
TF-2026-0000105,IMPORT_LC,CUST-00994,CP-02555,CA,AE,CAD,463903.54,2024-09-07,2024-12-14,ACTIVE,CHEMICALS,3,3,13,1,1,5,MEDIUM,0.50765,NORMAL,0.646073,0.666254,12.66,56.81,MEDIUM
TF-2026-0000106,COLLECTION,CUST-00300,CP-02606,CA,DE,CNY,622848.23,2026-07-21,2026-10-26,SETTLED,AUTO_PARTS,5,6,10,0,0,6,HIGH,0.490225,NORMAL,0.552173,0.811412,13.47,59.64,MEDIUM
TF-2026-0000107,COLLECTION,CUST-00871,CP-00607,CA,AE,GBP,283967.56,2026-07-15,2026-09-18,SETTLED,AGRICULTURE,0,7,12,0,1,13,LOW,0.514937,NORMAL,0.191992,0.297314,6.69,27.36,LOW
TF-2026-0000108,GUARANTEE,CUST-01076,CP-01600,CA,IN,EUR,171049.91,2025-03-05,2025-06-11,CLOSED,CHEMICALS,3,5,12,1,1,8,HIGH,0.481536,NORMAL,0.448924,0.658852,11.68,49.23,MEDIUM
TF-2026-0000109,EXPORT_LC,CUST-00664,CP-02412,CA,US,GBP,216356.49,2024-12-26,2025-03-09,CLOSED,CHEMICALS,0,3,13,0,1,11,LOW,0.562173,NORMAL,0.269123,0.499474,9.02,46.98,MEDIUM
TF-2026-0000110,COLLECTION,CUST-00861,CP-00264,CA,CN,CNY,555503.48,2026-06-10,2026-10-28,CLOSED,INDUSTRIAL_EQUIPMENT,0,10,8,0,0,12,HIGH,0.543494,NORMAL,0.11484,0.180619,7.1,38.02,LOW
TF-2026-0000111,GUARANTEE,CUST-00462,CP-00825,CA,AE,USD,343891.2,2026-02-28,2026-08-21,ACTIVE,INDUSTRIAL_EQUIPMENT,0,3,2,0,0,9,HIGH,0.547256,NORMAL,0.210478,0.236488,4.68,43.61,MEDIUM
TF-2026-0000112,COLLECTION,CUST-00390,CP-03410,CA,AE,EUR,562902.82,2026-01-12,2026-05-06,SETTLED,AUTO_PARTS,2,5,5,0,0,11,LOW,0.47753,NORMAL,0.408239,0.396754,7.64,28.14,LOW
TF-2026-0000113,COLLECTION,CUST-00473,CP-00211,CA,FR,EUR,476729.9,2024-12-05,2025-02-12,SETTLED,TEXTILES,2,9,9,0,0,7,MEDIUM,0.473202,NORMAL,0.244533,0.334662,8.63,25.31,LOW
TF-2026-0000114,IMPORT_LC,CUST-00693,CP-01727,CA,JP,CNY,163184.37,2025-11-18,2026-04-30,ACTIVE,TEXTILES,2,3,8,0,0,13,HIGH,0.549415,NORMAL,0.201822,0.242506,8.94,43.94,MEDIUM
TF-2026-0000115,IMPORT_LC,CUST-01130,CP-01962,CA,BR,CAD,287393.94,2026-04-02,2026-06-03,ACTIVE,INDUSTRIAL_EQUIPMENT,3,6,9,0,0,9,LOW,0.462292,NORMAL,0.324963,0.429719,10.12,24.93,LOW
TF-2026-0000116,EXPORT_LC,CUST-00881,CP-02873,CA,CN,CAD,489386.99,2025-06-01,2025-09-24,SETTLED,INDUSTRIAL_EQUIPMENT,4,8,9,1,0,5,LOW,0.475368,NORMAL,0.720026,0.55872,11.13,42.75,MEDIUM
TF-2026-0000117,IMPORT_LC,CUST-00260,CP-01797,CA,DE,JPY,249954.47,2026-02-09,2026-04-25,CLOSED,AUTO_PARTS,5,6,16,1,1,1,MEDIUM,0.532059,NORMAL,0.6722,0.833736,14.75,70.05,HIGH
TF-2026-0000118,EXPORT_LC,CUST-01079,CP-01096,CA,JP,CAD,906582.8,2025-09-20,2026-01-20,CLOSED,AGRICULTURE,2,9,9,0,0,8,HIGH,0.486487,NORMAL,0.215732,0.37211,8.8,33.28,LOW
TF-2026-0000119,COLLECTION,CUST-00234,CP-00088,CA,MX,JPY,1014833.84,2025-03-20,2025-07-07,CLOSED,CHEMICALS,3,7,12,1,1,6,MEDIUM,0.471905,NORMAL,0.355277,0.606142,11.77,37.92,LOW
TF-2026-0000120,GUARANTEE,CUST-00065,CP-02219,CA,SG,EUR,882555.59,2025-08-21,2026-01-20,SETTLED,TEXTILES,4,6,11,0,1,4,HIGH,0.485503,NORMAL,0.457977,0.769694,12.06,54.26,MEDIUM
TF-2026-0000121,COLLECTION,CUST-01173,CP-02946,CA,BR,GBP,851638.65,2025-01-08,2025-03-19,SETTLED,ELECTRONICS,3,6,11,0,1,7,HIGH,0.465654,NORMAL,0.307827,0.680012,11.75,43.41,MEDIUM
TF-2026-0000122,GUARANTEE,CUST-00514,CP-03205,CA,FR,CAD,1840761.99,2024-10-13,2025-02-06,ACTIVE,CHEMICALS,2,8,10,0,0,7,LOW,0.502437,NORMAL,0.292575,0.410777,9.99,30.82,LOW
TF-2026-0000123,IMPORT_LC,CUST-00567,CP-02500,CA,JP,USD,309304.95,2025-01-25,2025-04-13,ACTIVE,TEXTILES,2,7,9,0,0,1,MEDIUM,0.489108,NORMAL,0.404342,0.380764,9.9,34.83,LOW
TF-2026-0000124,EXPORT_LC,CUST-00125,CP-02927,CA,CN,USD,477470.88,2025-11-20,2026-02-02,SETTLED,TEXTILES,2,4,14,1,1,5,LOW,0.479237,NORMAL,0.428852,0.628297,11.97,37.16,LOW
TF-2026-0000125,IMPORT_LC,CUST-00669,CP-02487,CA,GB,CNY,267744.21,2025-08-09,2025-10-13,SETTLED,AGRICULTURE,2,10,13,1,1,3,MEDIUM,0.509129,NORMAL,0.612407,0.404716,9.67,47.06,MEDIUM
TF-2026-0000126,EXPORT_LC,CUST-00781,CP-03124,CA,MX,JPY,1216771.13,2024-10-17,2025-04-03,ACTIVE,TEXTILES,4,9,11,0,1,13,HIGH,0.520769,NORMAL,0.313448,0.75823,12.06,58.63,MEDIUM
TF-2026-0000127,EXPORT_LC,CUST-00934,CP-01290,CA,FR,GBP,827898.03,2026-04-16,2026-08-15,CLOSED,TEXTILES,2,4,7,0,0,13,MEDIUM,0.502474,NORMAL,0.325654,0.34409,9.11,34.49,LOW
TF-2026-0000128,EXPORT_LC,CUST-00534,CP-03260,CA,US,GBP,320121.56,2025-10-23,2026-04-13,CLOSED,ELECTRONICS,3,5,15,0,1,3,HIGH,0.484208,NORMAL,0.435812,0.61538,12.13,47.91,MEDIUM
TF-2026-0000129,IMPORT_LC,CUST-00259,CP-00140,CA,BR,JPY,90626.38,2025-05-28,2025-09-02,CLOSED,INDUSTRIAL_EQUIPMENT,3,9,9,0,0,15,LOW,0.569555,NORMAL,0.332657,0.440379,10.57,47.74,MEDIUM
TF-2026-0000130,EXPORT_LC,CUST-00376,CP-02965,CA,GB,CNY,578061.33,2024-12-17,2025-04-21,ACTIVE,AUTO_PARTS,3,9,14,0,1,5,HIGH,0.473872,NORMAL,0.523762,0.637135,11.92,49.38,MEDIUM
TF-2026-0000131,GUARANTEE,CUST-00662,CP-01574,CA,GB,JPY,371995.92,2025-09-20,2026-01-14,SETTLED,ELECTRONICS,2,4,8,0,0,5,MEDIUM,0.480606,NORMAL,0.26886,0.316058,8.86,26.67,LOW
TF-2026-0000132,EXPORT_LC,CUST-00197,CP-00848,CA,GB,CAD,5333393.9,2025-01-24,2025-06-01,CLOSED,ELECTRONICS,4,3,14,0,1,3,LOW,0.61016,HIGH,0.432834,0.787903,13.59,65.17,HIGH
TF-2026-0000133,COLLECTION,CUST-01067,CP-00517,CA,JP,CNY,292188.42,2025-05-05,2025-08-08,ACTIVE,AUTO_PARTS,0,10,10,0,0,9,HIGH,0.540926,NORMAL,0.222604,0.152752,7.83,39.75,LOW
TF-2026-0000134,GUARANTEE,CUST-00079,CP-01776,CA,MX,CNY,55667.63,2026-05-02,2026-07-02,CLOSED,ELECTRONICS,5,3,11,0,1,13,HIGH,0.608604,HIGH,0.417297,0.710355,12.48,71.9,HIGH
TF-2026-0000135,COLLECTION,CUST-00311,CP-01985,CA,GB,USD,795274.18,2026-02-02,2026-05-28,ACTIVE,INDUSTRIAL_EQUIPMENT,5,4,22,0,1,6,MEDIUM,0.506744,NORMAL,0.452336,0.777213,17.94,54.68,MEDIUM
TF-2026-0000136,COLLECTION,CUST-01196,CP-00962,CA,BR,USD,247602.11,2024-10-28,2025-02-27,CLOSED,CHEMICALS,2,6,7,0,0,4,MEDIUM,0.474711,NORMAL,0.394427,0.372356,8.42,31.36,LOW
TF-2026-0000137,GUARANTEE,CUST-00860,CP-01832,CA,AE,USD,200556.82,2025-09-13,2026-02-19,ACTIVE,CHEMICALS,3,8,9,0,0,11,MEDIUM,0.481593,NORMAL,0.447658,0.572452,12.0,41.19,MEDIUM
TF-2026-0000138,GUARANTEE,CUST-00536,CP-02765,CA,DE,GBP,191506.19,2025-09-21,2026-01-21,SETTLED,AUTO_PARTS,3,7,8,0,0,13,LOW,0.491157,NORMAL,0.479124,0.430961,9.92,34.38,LOW
TF-2026-0000139,EXPORT_LC,CUST-00226,CP-02513,CA,GB,CAD,203493.88,2024-11-25,2025-05-02,SETTLED,TEXTILES,5,3,15,0,1,2,MEDIUM,0.561277,NORMAL,0.600665,0.771047,14.62,71.27,HIGH
TF-2026-0000140,EXPORT_LC,CUST-01098,CP-01621,CA,JP,EUR,281904.22,2025-12-21,2026-03-22,CLOSED,INDUSTRIAL_EQUIPMENT,2,9,8,1,0,2,HIGH,0.495581,NORMAL,0.560946,0.379287,9.81,46.11,MEDIUM
TF-2026-0000141,IMPORT_LC,CUST-00558,CP-03072,CA,GB,GBP,1094954.41,2026-04-08,2026-09-12,CLOSED,AUTO_PARTS,1,7,9,0,0,13,MEDIUM,0.498359,NORMAL,0.216434,0.169686,8.12,24.12,LOW
TF-2026-0000142,COLLECTION,CUST-01050,CP-03046,CA,SG,CAD,228975.48,2026-07-20,2026-09-29,SETTLED,ELECTRONICS,2,10,8,0,0,7,MEDIUM,0.500246,NORMAL,0.331745,0.323814,8.67,33.44,LOW
TF-2026-0000143,IMPORT_LC,CUST-00927,CP-00918,CA,CN,USD,1830918.43,2024-12-29,2025-06-10,ACTIVE,AUTO_PARTS,3,8,9,1,0,0,HIGH,0.552958,NORMAL,0.647606,0.327794,9.94,60.99,MEDIUM
TF-2026-0000144,EXPORT_LC,CUST-00121,CP-03144,CA,JP,EUR,231253.33,2025-03-25,2025-08-08,CLOSED,CHEMICALS,1,3,8,0,0,9,LOW,0.527986,NORMAL,0.173999,0.270174,8.43,29.32,LOW
TF-2026-0000145,COLLECTION,CUST-00642,CP-02671,CA,IN,JPY,146923.55,2025-12-14,2026-05-19,ACTIVE,INDUSTRIAL_EQUIPMENT,4,4,16,1,1,9,HIGH,0.5107,NORMAL,0.710413,0.609663,10.66,62.65,MEDIUM
TF-2026-0000146,COLLECTION,CUST-01015,CP-00700,CA,FR,CNY,1283201.95,2024-11-09,2025-01-23,SETTLED,CHEMICALS,4,9,10,0,0,10,MEDIUM,0.510089,NORMAL,0.336248,0.550776,11.24,44.17,MEDIUM
TF-2026-0000147,EXPORT_LC,CUST-00761,CP-02128,CA,SG,EUR,192095.42,2024-12-01,2025-03-24,SETTLED,ELECTRONICS,5,5,17,0,1,5,LOW,0.515394,NORMAL,0.467204,0.844008,14.93,54.91,MEDIUM
TF-2026-0000148,GUARANTEE,CUST-00194,CP-00251,CA,DE,EUR,413804.79,2024-11-11,2025-05-08,ACTIVE,ELECTRONICS,5,6,19,1,1,6,LOW,0.490821,NORMAL,0.607443,0.823139,16.46,51.85,MEDIUM
TF-2026-0000149,IMPORT_LC,CUST-00313,CP-00422,CA,DE,CAD,258411.21,2026-01-03,2026-06-15,SETTLED,AUTO_PARTS,1,9,5,0,0,0,LOW,0.533669,NORMAL,0.322944,0.21898,5.78,33.43,LOW
TF-2026-0000150,IMPORT_LC,CUST-00663,CP-00319,CA,AE,EUR,343062.15,2026-06-20,2026-10-06,SETTLED,CHEMICALS,4,4,19,1,1,10,MEDIUM,0.496185,NORMAL,0.718975,0.722752,15.95,58.03,MEDIUM
TF-2026-0000151,GUARANTEE,CUST-00293,CP-03441,CA,DE,EUR,547804.29,2025-05-22,2025-11-08,ACTIVE,AGRICULTURE,5,4,10,1,0,3,HIGH,0.509386,NORMAL,0.572331,0.512741,12.01,54.71,MEDIUM
TF-2026-0000152,COLLECTION,CUST-00767,CP-00734,CA,IN,USD,187698.27,2026-08-02,2027-01-26,SETTLED,AGRICULTURE,0,7,5,0,0,15,LOW,0.559173,NORMAL,0.145193,0.182042,5.1,31.74,LOW
TF-2026-0000153,IMPORT_LC,CUST-01172,CP-03373,CA,DE,CNY,427974.33,2026-07-12,2026-12-09,ACTIVE,AUTO_PARTS,4,4,13,0,1,11,LOW,0.495076,NORMAL,0.385474,0.772609,13.18,44.5,MEDIUM
TF-2026-0000154,GUARANTEE,CUST-00200,CP-02229,CA,US,CNY,545161.72,2025-11-01,2026-04-02,CLOSED,AGRICULTURE,2,5,10,0,0,12,MEDIUM,0.485485,NORMAL,0.132207,0.329035,9.83,24.05,LOW
TF-2026-0000155,EXPORT_LC,CUST-00547,CP-00344,CA,FR,USD,384334.77,2026-02-17,2026-05-27,ACTIVE,AGRICULTURE,5,9,17,0,1,11,HIGH,0.516255,NORMAL,0.371493,0.741543,14.76,58.7,MEDIUM
TF-2026-0000156,EXPORT_LC,CUST-00651,CP-02422,CA,SG,EUR,860001.83,2024-11-09,2025-02-16,ACTIVE,AUTO_PARTS,3,4,17,0,1,6,MEDIUM,0.482498,NORMAL,0.386565,0.744195,14.47,45.55,MEDIUM
TF-2026-0000157,EXPORT_LC,CUST-00572,CP-00576,CA,SG,USD,288006.03,2025-01-11,2025-03-23,SETTLED,CHEMICALS,2,6,11,0,1,5,LOW,0.470372,NORMAL,0.33553,0.504535,10.86,28.54,LOW
TF-2026-0000158,EXPORT_LC,CUST-00889,CP-01421,CA,DE,JPY,76529.73,2024-10-20,2025-01-21,ACTIVE,ELECTRONICS,4,7,15,1,1,4,HIGH,0.539871,NORMAL,0.673239,0.703674,13.53,72.38,HIGH
TF-2026-0000159,IMPORT_LC,CUST-00661,CP-02873,CA,CN,CAD,2636013.74,2026-04-27,2026-10-20,ACTIVE,AGRICULTURE,1,9,4,0,0,5,MEDIUM,0.539593,NORMAL,0.271686,0.231529,6.15,38.72,LOW
TF-2026-0000160,EXPORT_LC,CUST-00518,CP-02963,CA,IN,GBP,628691.42,2025-07-26,2025-12-30,ACTIVE,TEXTILES,2,3,10,0,0,0,HIGH,0.564023,NORMAL,0.322521,0.388471,9.4,54.91,MEDIUM
TF-2026-0000161,EXPORT_LC,CUST-00616,CP-02445,CA,MX,CAD,162797.19,2024-08-28,2024-11-17,SETTLED,CHEMICALS,0,7,7,0,0,14,MEDIUM,0.547716,NORMAL,0.286092,0.202375,6.17,39.75,LOW
TF-2026-0000162,IMPORT_LC,CUST-00502,CP-00632,CA,IN,CAD,689904.4,2024-09-10,2025-01-18,SETTLED,AUTO_PARTS,3,5,9,0,0,11,HIGH,0.477058,NORMAL,0.369796,0.355297,9.71,35.43,LOW
TF-2026-0000163,GUARANTEE,CUST-00274,CP-01638,CA,CN,GBP,909978.45,2025-09-12,2025-12-09,ACTIVE,TEXTILES,4,4,9,0,0,15,LOW,0.545295,NORMAL,0.386344,0.490179,11.44,47.31,MEDIUM
TF-2026-0000164,COLLECTION,CUST-00159,CP-02645,CA,AE,USD,198225.77,2025-12-20,2026-05-12,SETTLED,ELECTRONICS,2,9,14,1,1,12,LOW,0.505166,NORMAL,0.587857,0.670473,11.7,49.56,MEDIUM
TF-2026-0000165,COLLECTION,CUST-00170,CP-01419,CA,GB,GBP,1495363.16,2024-09-09,2024-11-09,SETTLED,CHEMICALS,0,5,4,0,0,12,LOW,0.536987,NORMAL,0.139421,0.313806,6.86,32.0,LOW
TF-2026-0000166,COLLECTION,CUST-01029,CP-01528,CA,FR,EUR,5131163.52,2025-04-15,2025-09-19,CLOSED,CHEMICALS,0,5,11,0,1,8,LOW,0.584425,NORMAL,0.142859,0.501662,9.53,45.33,MEDIUM
TF-2026-0000167,COLLECTION,CUST-00891,CP-00199,CA,JP,GBP,282771.15,2025-04-24,2025-08-05,SETTLED,AUTO_PARTS,3,8,16,0,1,12,LOW,0.480352,NORMAL,0.260268,0.666052,13.11,33.59,LOW
TF-2026-0000168,IMPORT_LC,CUST-00229,CP-01464,CA,CN,USD,485670.18,2026-07-06,2026-11-24,ACTIVE,CHEMICALS,0,4,8,0,0,2,LOW,0.517271,NORMAL,0.152104,0.172929,7.35,22.46,LOW
TF-2026-0000169,COLLECTION,CUST-00084,CP-00314,CA,MX,CNY,338221.7,2025-09-12,2026-02-14,CLOSED,AGRICULTURE,5,4,6,1,0,12,LOW,0.52052,NORMAL,0.499937,0.559197,10.64,47.18,MEDIUM
TF-2026-0000170,EXPORT_LC,CUST-01170,CP-01069,CA,BR,USD,695075.46,2025-10-06,2026-01-01,SETTLED,CHEMICALS,5,3,22,1,1,13,LOW,0.553027,NORMAL,0.592431,0.774546,17.7,65.0,HIGH
TF-2026-0000171,GUARANTEE,CUST-00011,CP-01668,CA,IN,USD,100686.87,2026-01-12,2026-04-10,ACTIVE,ELECTRONICS,2,7,3,0,0,15,HIGH,0.553404,NORMAL,0.265857,0.388221,9.52,51.72,MEDIUM
TF-2026-0000172,COLLECTION,CUST-00674,CP-02218,CA,DE,EUR,400572.61,2025-07-10,2025-09-27,SETTLED,CHEMICALS,2,8,11,0,1,2,LOW,0.486101,NORMAL,0.250322,0.650357,11.82,33.97,LOW
TF-2026-0000173,GUARANTEE,CUST-00171,CP-00851,CA,SG,EUR,317196.94,2025-02-16,2025-06-28,SETTLED,CHEMICALS,3,10,17,1,1,7,MEDIUM,0.494921,NORMAL,0.652775,0.634628,13.25,52.65,MEDIUM
TF-2026-0000174,EXPORT_LC,CUST-00433,CP-00454,CA,FR,CNY,26675.6,2025-01-05,2025-04-28,ACTIVE,TEXTILES,3,9,12,0,1,6,MEDIUM,0.578216,NORMAL,0.461489,0.704285,11.29,66.54,HIGH
TF-2026-0000175,GUARANTEE,CUST-00921,CP-00643,CA,GB,CNY,5424522.42,2026-02-12,2026-05-07,SETTLED,AUTO_PARTS,1,4,4,0,0,1,HIGH,0.607295,HIGH,0.288786,0.269181,6.23,52.58,MEDIUM
TF-2026-0000176,IMPORT_LC,CUST-01169,CP-02999,CA,BR,USD,1452602.33,2025-06-20,2025-08-21,SETTLED,AUTO_PARTS,1,10,12,0,1,0,LOW,0.58174,NORMAL,0.204159,0.376094,9.87,42.57,MEDIUM
TF-2026-0000177,IMPORT_LC,CUST-00064,CP-00848,CA,GB,JPY,403275.49,2024-12-29,2025-06-09,ACTIVE,TEXTILES,3,6,14,0,1,3,HIGH,0.473841,NORMAL,0.430022,0.520989,10.89,42.49,MEDIUM
TF-2026-0000178,COLLECTION,CUST-00145,CP-03208,CA,DE,JPY,560548.84,2025-06-11,2025-08-17,CLOSED,AGRICULTURE,5,3,4,0,0,8,LOW,0.53336,NORMAL,0.395438,0.54469,10.28,46.94,MEDIUM
TF-2026-0000179,COLLECTION,CUST-00878,CP-03226,CA,AE,CAD,1336767.43,2026-04-07,2026-09-15,ACTIVE,CHEMICALS,5,5,10,1,0,5,MEDIUM,0.518806,NORMAL,0.749801,0.545401,12.13,58.79,MEDIUM
TF-2026-0000180,GUARANTEE,CUST-00605,CP-02823,CA,CN,EUR,253982.14,2025-05-14,2025-07-31,ACTIVE,TEXTILES,4,7,17,0,1,5,HIGH,0.483311,NORMAL,0.52767,0.640882,13.05,51.33,MEDIUM
TF-2026-0000181,GUARANTEE,CUST-00974,CP-02921,CA,JP,CNY,639945.17,2025-05-19,2025-07-21,ACTIVE,ELECTRONICS,1,5,2,0,0,4,LOW,0.481855,NORMAL,0.14659,0.256221,6.2,16.12,LOW
TF-2026-0000182,COLLECTION,CUST-00977,CP-02534,CA,MX,JPY,605981.04,2026-02-19,2026-07-11,SETTLED,ELECTRONICS,2,9,5,0,0,5,MEDIUM,0.47709,NORMAL,0.250064,0.336952,7.18,26.22,LOW
TF-2026-0000183,EXPORT_LC,CUST-00570,CP-02493,CA,SG,GBP,673252.71,2026-04-12,2026-10-03,CLOSED,ELECTRONICS,4,3,17,0,1,7,HIGH,0.515397,NORMAL,0.475863,0.780226,14.73,62.94,MEDIUM
TF-2026-0000184,IMPORT_LC,CUST-00556,CP-02267,CA,DE,CAD,1707597.47,2025-02-11,2025-05-13,ACTIVE,AGRICULTURE,0,10,1,0,0,11,MEDIUM,0.567668,NORMAL,0.248085,0.196428,3.75,41.43,MEDIUM
TF-2026-0000185,IMPORT_LC,CUST-00272,CP-02141,CA,DE,JPY,158882.05,2025-10-06,2026-03-16,SETTLED,AUTO_PARTS,4,10,8,0,0,4,MEDIUM,0.539053,NORMAL,0.530326,0.701235,13.05,62.79,MEDIUM
TF-2026-0000186,IMPORT_LC,CUST-01192,CP-01761,CA,AE,CNY,900719.77,2026-04-20,2026-09-23,SETTLED,CHEMICALS,1,10,9,0,0,12,HIGH,0.528352,NORMAL,0.21009,0.269702,6.71,40.49,MEDIUM
TF-2026-0000187,GUARANTEE,CUST-01150,CP-02061,CA,SG,USD,571077.0,2025-09-30,2025-12-21,ACTIVE,INDUSTRIAL_EQUIPMENT,3,3,6,0,0,8,HIGH,0.502573,NORMAL,0.330877,0.380396,8.98,40.94,MEDIUM
TF-2026-0000188,EXPORT_LC,CUST-00397,CP-03190,CA,DE,JPY,807573.09,2026-04-23,2026-07-05,SETTLED,AUTO_PARTS,2,8,19,0,1,3,HIGH,0.488272,NORMAL,0.206993,0.525218,12.25,38.77,LOW
TF-2026-0000189,GUARANTEE,CUST-01058,CP-01941,CA,AE,CNY,593734.0,2024-10-12,2025-01-27,SETTLED,ELECTRONICS,2,6,14,0,1,11,HIGH,0.475193,NORMAL,0.177099,0.573169,11.92,36.94,LOW
TF-2026-0000190,COLLECTION,CUST-00012,CP-03123,CA,DE,CNY,114132.07,2025-06-25,2025-12-06,ACTIVE,AUTO_PARTS,1,10,6,0,0,4,LOW,0.538569,NORMAL,0.323206,0.229573,7.51,34.92,LOW
TF-2026-0000191,EXPORT_LC,CUST-01031,CP-01803,CA,JP,EUR,173560.37,2025-11-05,2026-04-13,ACTIVE,AUTO_PARTS,5,10,19,0,1,6,LOW,0.556193,NORMAL,0.374297,0.79256,14.62,59.54,MEDIUM
TF-2026-0000192,COLLECTION,CUST-00583,CP-00455,CA,CN,GBP,108426.64,2025-04-16,2025-07-10,CLOSED,TEXTILES,1,5,6,0,0,2,HIGH,0.529865,NORMAL,0.145636,0.278177,7.51,39.28,LOW
TF-2026-0000193,GUARANTEE,CUST-00045,CP-00576,CA,SG,CNY,4075166.8,2026-06-04,2026-09-13,ACTIVE,CHEMICALS,2,8,13,0,1,5,LOW,0.545112,NORMAL,0.239407,0.641153,11.71,48.16,MEDIUM
TF-2026-0000194,COLLECTION,CUST-00876,CP-01624,CA,DE,CAD,261765.46,2025-04-01,2025-07-06,SETTLED,TEXTILES,4,8,10,0,0,15,HIGH,0.533343,NORMAL,0.483778,0.526456,11.88,58.94,MEDIUM
TF-2026-0000195,IMPORT_LC,CUST-01176,CP-01919,CA,JP,CAD,618052.13,2024-11-26,2025-02-13,CLOSED,AUTO_PARTS,5,9,16,0,1,4,HIGH,0.518005,NORMAL,0.421017,0.826359,14.74,63.54,MEDIUM
TF-2026-0000196,COLLECTION,CUST-00039,CP-00035,CA,FR,USD,303574.05,2025-12-25,2026-05-19,CLOSED,ELECTRONICS,4,8,8,0,0,5,MEDIUM,0.483003,NORMAL,0.437427,0.6952,13.7,45.46,MEDIUM
TF-2026-0000197,IMPORT_LC,CUST-00261,CP-02213,CA,CN,EUR,1495164.21,2025-08-21,2026-02-16,ACTIVE,ELECTRONICS,1,6,9,0,0,8,HIGH,0.498696,NORMAL,0.191601,0.243547,8.49,31.04,LOW
TF-2026-0000198,IMPORT_LC,CUST-00916,CP-01797,CA,DE,JPY,41343.3,2025-06-30,2025-12-23,CLOSED,TEXTILES,0,4,9,0,0,1,MEDIUM,0.60807,HIGH,0.180432,0.19778,7.79,41.85,MEDIUM
TF-2026-0000199,GUARANTEE,CUST-00851,CP-00783,CA,MX,CAD,315220.68,2026-01-09,2026-04-24,ACTIVE,AGRICULTURE,3,3,18,0,1,9,MEDIUM,0.509932,NORMAL,0.454766,0.668582,14.08,51.8,MEDIUM
TF-2026-0000200,COLLECTION,CUST-00966,CP-00065,CA,GB,GBP,460015.08,2025-11-04,2026-04-23,ACTIVE,AUTO_PARTS,0,3,7,0,0,10,LOW,0.545059,NORMAL,0.206335,0.226991,5.9,32.66,LOW
TF-2026-0000201,EXPORT_LC,CUST-01063,CP-00621,CA,DE,GBP,190994.86,2024-09-27,2025-01-06,CLOSED,INDUSTRIAL_EQUIPMENT,1,7,5,0,0,0,LOW,0.534653,NORMAL,0.283468,0.157062,5.76,30.32,LOW
TF-2026-0000202,EXPORT_LC,CUST-00324,CP-00411,CA,DE,GBP,311545.85,2026-07-28,2026-11-18,SETTLED,TEXTILES,0,4,9,0,0,14,MEDIUM,0.541067,NORMAL,0.169285,0.114978,7.85,31.88,LOW
TF-2026-0000203,GUARANTEE,CUST-00198,CP-01958,CA,IN,USD,219528.02,2025-03-26,2025-09-15,SETTLED,TEXTILES,1,6,4,0,0,13,LOW,0.496864,NORMAL,0.181953,0.24647,6.1,20.37,LOW
TF-2026-0000204,GUARANTEE,CUST-00270,CP-01344,CA,GB,CNY,339795.8,2025-06-06,2025-08-28,ACTIVE,INDUSTRIAL_EQUIPMENT,0,9,1,0,0,5,MEDIUM,0.51147,NORMAL,0.156789,0.158437,3.37,25.41,LOW
TF-2026-0000205,EXPORT_LC,CUST-01183,CP-01662,CA,BR,EUR,2242409.23,2025-05-07,2025-08-18,SETTLED,ELECTRONICS,4,10,15,0,1,6,MEDIUM,0.557792,NORMAL,0.464658,0.779271,14.44,67.05,HIGH
TF-2026-0000206,IMPORT_LC,CUST-00466,CP-01874,CA,GB,GBP,157653.99,2026-04-21,2026-07-13,CLOSED,CHEMICALS,3,4,13,0,1,5,MEDIUM,0.498745,NORMAL,0.391577,0.521903,10.31,41.78,MEDIUM
TF-2026-0000207,EXPORT_LC,CUST-01153,CP-02174,CA,CN,JPY,77041.01,2025-02-21,2025-08-09,CLOSED,TEXTILES,1,5,7,0,0,7,LOW,0.537403,NORMAL,0.21209,0.301654,7.78,33.83,LOW
TF-2026-0000208,COLLECTION,CUST-01069,CP-01726,CA,IN,EUR,413860.57,2025-04-12,2025-09-04,CLOSED,AGRICULTURE,0,4,8,0,0,10,LOW,0.517112,NORMAL,0.195045,0.164413,5.87,23.41,LOW
TF-2026-0000209,COLLECTION,CUST-00329,CP-03132,CA,CN,GBP,350433.01,2025-12-07,2026-02-22,SETTLED,CHEMICALS,3,6,11,1,1,15,MEDIUM,0.519149,NORMAL,0.388114,0.648001,11.24,51.61,MEDIUM
TF-2026-0000210,GUARANTEE,CUST-01074,CP-00421,CA,JP,GBP,557353.88,2024-11-07,2025-03-05,CLOSED,ELECTRONICS,2,4,13,0,1,13,HIGH,0.497405,NORMAL,0.222255,0.40238,9.98,37.17,LOW
TF-2026-0000211,IMPORT_LC,CUST-00956,CP-01745,CA,CN,GBP,56519.89,2024-12-21,2025-06-09,CLOSED,AGRICULTURE,2,6,8,0,0,11,LOW,0.548083,NORMAL,0.222596,0.20952,7.41,33.16,LOW
TF-2026-0000212,GUARANTEE,CUST-00860,CP-02732,CA,MX,JPY,176738.73,2025-11-28,2026-03-30,CLOSED,TEXTILES,3,7,11,1,1,8,MEDIUM,0.475793,NORMAL,0.649551,0.653509,11.31,49.01,MEDIUM
TF-2026-0000213,EXPORT_LC,CUST-00739,CP-02377,CA,BR,GBP,1145796.14,2024-09-23,2025-03-12,CLOSED,TEXTILES,5,3,10,0,0,8,HIGH,0.551066,NORMAL,0.56487,0.599038,13.05,67.65,HIGH
TF-2026-0000214,EXPORT_LC,CUST-00050,CP-02583,CA,DE,EUR,3292263.87,2025-09-10,2025-12-14,ACTIVE,CHEMICALS,2,8,15,0,1,2,MEDIUM,0.545875,NORMAL,0.24595,0.600725,12.9,52.09,MEDIUM
TF-2026-0000215,COLLECTION,CUST-00183,CP-01368,CA,SG,USD,990547.22,2025-08-17,2026-01-03,SETTLED,CHEMICALS,2,7,15,0,1,5,HIGH,0.474718,NORMAL,0.211439,0.604784,11.6,39.01,LOW
TF-2026-0000216,EXPORT_LC,CUST-00662,CP-00066,CA,BR,JPY,196722.6,2026-04-20,2026-07-11,CLOSED,CHEMICALS,5,7,18,0,1,14,MEDIUM,0.529293,NORMAL,0.401993,0.763851,15.38,58.8,MEDIUM
TF-2026-0000217,GUARANTEE,CUST-00813,CP-00545,CA,US,CAD,186552.44,2025-07-14,2025-10-17,CLOSED,INDUSTRIAL_EQUIPMENT,2,6,8,0,0,3,MEDIUM,0.486627,NORMAL,0.23255,0.285252,8.1,25.78,LOW
TF-2026-0000218,GUARANTEE,CUST-00500,CP-00086,CA,BR,JPY,419281.29,2024-11-24,2025-04-07,CLOSED,CHEMICALS,4,6,13,0,1,10,LOW,0.477316,NORMAL,0.437004,0.781612,13.67,42.42,MEDIUM
TF-2026-0000219,GUARANTEE,CUST-01107,CP-01463,CA,BR,USD,164814.33,2026-05-26,2026-10-25,ACTIVE,AGRICULTURE,0,10,5,0,0,3,HIGH,0.560239,NORMAL,0.187008,0.250769,5.94,45.53,MEDIUM
TF-2026-0000220,EXPORT_LC,CUST-00046,CP-02294,CA,BR,EUR,495220.6,2025-05-10,2025-07-17,SETTLED,AUTO_PARTS,3,5,11,1,1,7,HIGH,0.463369,NORMAL,0.553732,0.699599,11.52,51.32,MEDIUM
TF-2026-0000221,COLLECTION,CUST-00635,CP-02206,CA,JP,JPY,707837.86,2024-08-29,2025-02-15,SETTLED,INDUSTRIAL_EQUIPMENT,4,9,16,0,1,0,MEDIUM,0.540503,NORMAL,0.52919,0.839653,15.13,67.89,HIGH
TF-2026-0000222,EXPORT_LC,CUST-00368,CP-03424,CA,IN,CAD,819477.02,2026-02-08,2026-07-07,SETTLED,CHEMICALS,3,9,15,0,1,2,MEDIUM,0.500095,NORMAL,0.429707,0.68615,13.19,49.02,MEDIUM
TF-2026-0000223,COLLECTION,CUST-00411,CP-00929,CA,FR,JPY,138233.8,2025-08-18,2025-12-03,CLOSED,INDUSTRIAL_EQUIPMENT,2,3,11,0,1,8,HIGH,0.542285,NORMAL,0.242454,0.545019,9.92,54.37,MEDIUM
TF-2026-0000224,GUARANTEE,CUST-00057,CP-03277,CA,AE,USD,996058.56,2025-01-08,2025-04-22,ACTIVE,INDUSTRIAL_EQUIPMENT,1,10,7,0,0,5,LOW,0.521134,NORMAL,0.15752,0.289828,8.21,27.64,LOW
TF-2026-0000225,IMPORT_LC,CUST-00639,CP-01194,CA,SG,JPY,317504.25,2026-04-24,2026-10-21,SETTLED,CHEMICALS,1,4,3,0,0,8,LOW,0.488272,NORMAL,0.225576,0.209724,5.74,18.29,LOW
TF-2026-0000226,EXPORT_LC,CUST-00749,CP-00580,CA,FR,GBP,2254695.89,2025-12-10,2026-05-22,SETTLED,AUTO_PARTS,0,8,7,1,0,2,HIGH,0.562107,NORMAL,0.183177,0.1689,6.08,42.82,MEDIUM
TF-2026-0000227,GUARANTEE,CUST-00657,CP-00555,CA,JP,CNY,865764.04,2025-05-11,2025-08-20,ACTIVE,TEXTILES,3,9,9,1,0,5,MEDIUM,0.48191,NORMAL,0.632915,0.453894,9.95,42.64,MEDIUM
TF-2026-0000228,GUARANTEE,CUST-00099,CP-02189,CA,IN,USD,137297.95,2026-07-15,2027-01-02,CLOSED,CHEMICALS,2,3,10,0,0,7,MEDIUM,0.53697,NORMAL,0.283974,0.327555,9.62,41.81,MEDIUM
TF-2026-0000229,EXPORT_LC,CUST-00203,CP-01873,CA,BR,USD,168403.01,2026-02-03,2026-07-31,ACTIVE,AGRICULTURE,4,3,16,0,1,15,MEDIUM,0.583727,NORMAL,0.395558,0.795031,14.55,68.11,HIGH
TF-2026-0000230,GUARANTEE,CUST-00824,CP-00184,CA,US,CNY,187916.4,2026-03-06,2026-08-23,CLOSED,AUTO_PARTS,2,9,11,0,1,14,HIGH,0.529609,NORMAL,0.317793,0.470606,10.05,51.08,MEDIUM
TF-2026-0000231,IMPORT_LC,CUST-00810,CP-00172,CA,IN,CNY,768634.09,2024-08-30,2024-11-06,SETTLED,ELECTRONICS,1,4,7,0,0,6,MEDIUM,0.490853,NORMAL,0.154358,0.422971,9.38,29.28,LOW
TF-2026-0000232,GUARANTEE,CUST-01168,CP-01072,CA,US,USD,962163.09,2026-04-23,2026-06-26,CLOSED,CHEMICALS,0,10,5,0,0,5,MEDIUM,0.547513,NORMAL,0.203539,0.156804,5.29,35.64,LOW
TF-2026-0000233,COLLECTION,CUST-00293,CP-01811,CA,US,JPY,1863537.09,2024-12-09,2025-03-22,ACTIVE,AGRICULTURE,1,6,8,1,0,9,HIGH,0.508537,NORMAL,0.449334,0.38264,7.55,46.23,MEDIUM
TF-2026-0000234,EXPORT_LC,CUST-00377,CP-02570,CA,DE,CAD,153240.17,2026-01-25,2026-06-01,CLOSED,AGRICULTURE,3,4,10,0,0,3,LOW,0.502282,NORMAL,0.398126,0.454973,11.44,35.5,LOW
TF-2026-0000235,IMPORT_LC,CUST-00348,CP-02966,CA,MX,CAD,336847.01,2025-09-17,2026-02-22,SETTLED,TEXTILES,5,6,14,1,1,1,LOW,0.523374,NORMAL,0.600054,0.816424,13.62,59.97,MEDIUM
TF-2026-0000236,GUARANTEE,CUST-00793,CP-01842,CA,IN,EUR,1035470.17,2025-12-12,2026-04-09,ACTIVE,TEXTILES,5,10,14,0,1,7,LOW,0.539703,NORMAL,0.554988,0.741381,12.97,60.09,MEDIUM
TF-2026-0000237,IMPORT_LC,CUST-00942,CP-01681,CA,JP,GBP,589921.5,2024-08-15,2024-11-29,SETTLED,AGRICULTURE,3,9,7,0,0,2,HIGH,0.493217,NORMAL,0.258628,0.42805,9.36,38.18,LOW
TF-2026-0000238,COLLECTION,CUST-00768,CP-02638,CA,JP,CAD,242561.98,2025-10-02,2026-01-22,CLOSED,INDUSTRIAL_EQUIPMENT,4,10,14,1,1,6,MEDIUM,0.517472,NORMAL,0.473618,0.789422,14.51,58.73,MEDIUM
TF-2026-0000239,GUARANTEE,CUST-01154,CP-03151,CA,SG,USD,805095.25,2026-03-06,2026-06-14,SETTLED,TEXTILES,1,9,7,0,0,13,MEDIUM,0.508217,NORMAL,0.243083,0.31027,8.08,32.4,LOW
TF-2026-0000240,GUARANTEE,CUST-00416,CP-03046,CA,SG,CAD,1456177.35,2026-03-11,2026-07-09,SETTLED,AGRICULTURE,2,8,12,0,1,7,LOW,0.492875,NORMAL,0.165055,0.604511,10.94,31.48,LOW
TF-2026-0000241,COLLECTION,CUST-00325,CP-02301,CA,US,EUR,957710.36,2025-01-24,2025-04-06,SETTLED,INDUSTRIAL_EQUIPMENT,5,6,20,1,1,5,LOW,0.496463,NORMAL,0.59316,0.701737,15.53,48.58,MEDIUM
TF-2026-0000242,EXPORT_LC,CUST-00917,CP-00082,CA,GB,EUR,2833341.4,2025-03-27,2025-08-13,ACTIVE,AGRICULTURE,0,8,6,1,0,12,HIGH,0.567397,NORMAL,0.521755,0.163016,7.0,53.45,MEDIUM
TF-2026-0000243,EXPORT_LC,CUST-00748,CP-03487,CA,US,JPY,204686.91,2025-11-27,2026-03-06,CLOSED,AGRICULTURE,0,10,5,0,0,5,MEDIUM,0.547892,NORMAL,0.220331,0.199375,6.09,37.69,LOW
TF-2026-0000244,IMPORT_LC,CUST-00620,CP-01560,CA,US,CAD,1433083.48,2026-01-20,2026-05-06,SETTLED,TEXTILES,5,7,16,0,1,12,LOW,0.527867,NORMAL,0.324324,0.822706,15.94,53.11,MEDIUM
TF-2026-0000245,GUARANTEE,CUST-00171,CP-01843,CA,MX,CAD,227485.51,2024-09-24,2024-12-01,SETTLED,ELECTRONICS,0,5,7,1,0,7,MEDIUM,0.513622,NORMAL,0.47412,0.243611,7.13,38.53,LOW
TF-2026-0000246,EXPORT_LC,CUST-01194,CP-02565,CA,GB,CNY,629497.53,2025-04-28,2025-07-22,ACTIVE,AUTO_PARTS,0,4,5,1,0,3,LOW,0.521496,NORMAL,0.417701,0.205217,6.37,32.62,LOW
TF-2026-0000247,IMPORT_LC,CUST-00793,CP-01313,CA,IN,USD,489355.92,2024-11-10,2025-03-25,CLOSED,INDUSTRIAL_EQUIPMENT,5,10,12,1,1,0,LOW,0.584441,NORMAL,0.393621,0.735641,13.7,61.05,MEDIUM
TF-2026-0000248,GUARANTEE,CUST-00467,CP-00666,CA,AE,JPY,804343.93,2025-07-04,2025-12-16,SETTLED,AGRICULTURE,3,7,9,1,0,0,LOW,0.521011,NORMAL,0.573781,0.480489,9.98,46.78,MEDIUM
TF-2026-0000249,IMPORT_LC,CUST-00881,CP-00328,CA,US,CAD,2368698.95,2024-09-21,2025-02-15,CLOSED,TEXTILES,5,4,11,0,1,6,LOW,0.557982,NORMAL,0.343343,0.73768,14.51,56.99,MEDIUM
TF-2026-0000250,GUARANTEE,CUST-01024,CP-01230,CA,DE,CAD,114510.86,2025-03-30,2025-07-09,SETTLED,CHEMICALS,5,8,20,1,1,6,HIGH,0.535084,NORMAL,0.74772,0.788757,16.35,76.44,HIGH
TF-2026-0000251,COLLECTION,CUST-00749,CP-00058,CA,GB,USD,2088130.19,2025-05-25,2025-09-05,SETTLED,ELECTRONICS,1,5,8,0,0,3,HIGH,0.530748,NORMAL,0.211421,0.343,9.46,43.76,MEDIUM
TF-2026-0000252,EXPORT_LC,CUST-00997,CP-02486,CA,BR,USD,44518.37,2025-03-19,2025-05-26,ACTIVE,AGRICULTURE,3,3,12,0,1,1,LOW,0.610311,HIGH,0.487767,0.700408,10.56,63.77,MEDIUM
TF-2026-0000253,COLLECTION,CUST-01005,CP-00054,CA,DE,EUR,632951.71,2025-10-01,2026-03-02,SETTLED,AGRICULTURE,5,9,10,0,0,12,MEDIUM,0.523954,NORMAL,0.489536,0.503388,11.17,50.86,MEDIUM
TF-2026-0000254,GUARANTEE,CUST-00976,CP-03223,CA,IN,EUR,559229.81,2025-10-29,2026-04-07,SETTLED,AUTO_PARTS,5,6,11,0,1,14,HIGH,0.528699,NORMAL,0.394851,0.590789,13.15,57.36,MEDIUM
TF-2026-0000255,IMPORT_LC,CUST-00787,CP-03073,CA,FR,GBP,563746.23,2026-03-14,2026-08-12,SETTLED,ELECTRONICS,3,7,15,1,1,4,HIGH,0.467308,NORMAL,0.549803,0.690643,12.79,51.2,MEDIUM
TF-2026-0000256,GUARANTEE,CUST-00656,CP-01986,CA,JP,CNY,664643.35,2025-09-25,2026-02-26,ACTIVE,ELECTRONICS,1,4,10,0,0,10,LOW,0.493446,NORMAL,0.18912,0.278755,7.75,20.93,LOW
TF-2026-0000257,GUARANTEE,CUST-00535,CP-00837,CA,DE,EUR,692652.67,2026-03-18,2026-08-22,SETTLED,AGRICULTURE,3,5,7,1,0,9,MEDIUM,0.46742,NORMAL,0.698535,0.474108,9.91,43.09,MEDIUM
TF-2026-0000258,EXPORT_LC,CUST-00662,CP-00070,CA,SG,GBP,133635.35,2026-04-08,2026-07-25,CLOSED,TEXTILES,2,5,11,0,1,9,MEDIUM,0.500807,NORMAL,0.348917,0.647145,10.09,45.37,MEDIUM
TF-2026-0000259,GUARANTEE,CUST-00664,CP-02317,CA,GB,CNY,80884.84,2025-01-07,2025-05-13,ACTIVE,ELECTRONICS,5,5,5,1,0,6,LOW,0.548435,NORMAL,0.607786,0.610754,11.21,58.81,MEDIUM
TF-2026-0000260,COLLECTION,CUST-00821,CP-02233,CA,BR,GBP,500875.65,2026-06-10,2026-11-21,ACTIVE,ELECTRONICS,5,5,14,0,1,2,MEDIUM,0.504336,NORMAL,0.331637,0.844871,14.52,52.82,MEDIUM
TF-2026-0000261,IMPORT_LC,CUST-00108,CP-02634,CA,MX,USD,228744.16,2024-08-28,2024-12-31,ACTIVE,AGRICULTURE,1,8,5,0,0,12,MEDIUM,0.491895,NORMAL,0.281195,0.255182,8.12,27.5,LOW
TF-2026-0000262,IMPORT_LC,CUST-00716,CP-02875,CA,JP,USD,558253.88,2026-05-22,2026-11-15,ACTIVE,AUTO_PARTS,3,6,17,1,1,14,MEDIUM,0.501888,NORMAL,0.392055,0.65387,13.07,47.17,MEDIUM
TF-2026-0000263,EXPORT_LC,CUST-00670,CP-01067,CA,MX,CAD,169406.11,2025-07-06,2025-12-08,ACTIVE,ELECTRONICS,3,9,12,0,1,14,MEDIUM,0.530447,NORMAL,0.474597,0.60357,11.71,55.68,MEDIUM
TF-2026-0000264,EXPORT_LC,CUST-01047,CP-00098,CA,AE,CNY,1002379.99,2025-09-29,2026-02-13,SETTLED,ELECTRONICS,3,8,13,0,1,8,LOW,0.469132,NORMAL,0.331321,0.761582,12.35,37.26,LOW
TF-2026-0000265,IMPORT_LC,CUST-00562,CP-00001,CA,GB,USD,307172.12,2025-10-06,2026-03-27,CLOSED,AGRICULTURE,0,3,3,0,0,9,HIGH,0.549198,NORMAL,0.158841,0.128463,3.96,38.62,LOW
TF-2026-0000266,GUARANTEE,CUST-00291,CP-01077,CA,JP,CNY,873892.67,2025-05-02,2025-07-23,SETTLED,INDUSTRIAL_EQUIPMENT,5,3,18,0,1,0,MEDIUM,0.591104,HIGH,0.550375,0.83167,16.62,74.5,HIGH
TF-2026-0000267,GUARANTEE,CUST-00554,CP-00093,CA,AE,CNY,499614.7,2024-08-23,2024-12-16,SETTLED,CHEMICALS,1,6,14,1,1,15,LOW,0.520345,NORMAL,0.477347,0.484861,10.41,43.86,MEDIUM
TF-2026-0000268,GUARANTEE,CUST-00050,CP-02750,CA,MX,CNY,2680679.38,2025-11-07,2026-03-09,CLOSED,ELECTRONICS,0,9,9,0,0,7,MEDIUM,0.561884,NORMAL,0.248113,0.173276,7.8,39.9,LOW
TF-2026-0000269,EXPORT_LC,CUST-00657,CP-03012,CA,IN,GBP,316759.02,2024-10-27,2025-04-01,CLOSED,CHEMICALS,2,10,16,1,1,0,MEDIUM,0.546092,NORMAL,0.629638,0.566956,12.07,62.46,MEDIUM
TF-2026-0000270,GUARANTEE,CUST-01038,CP-02561,CA,GB,CNY,651502.94,2026-03-17,2026-08-29,ACTIVE,AUTO_PARTS,1,5,7,0,0,0,HIGH,0.524448,NORMAL,0.234957,0.242416,5.79,39.22,LOW
TF-2026-0000271,IMPORT_LC,CUST-01179,CP-00017,CA,DE,CNY,202578.45,2025-11-25,2026-05-23,CLOSED,CHEMICALS,2,10,14,0,1,1,HIGH,0.527377,NORMAL,0.282033,0.591243,11.58,53.64,MEDIUM
TF-2026-0000272,EXPORT_LC,CUST-00148,CP-02847,CA,FR,USD,202187.75,2025-10-03,2025-12-05,ACTIVE,INDUSTRIAL_EQUIPMENT,4,4,17,0,1,6,MEDIUM,0.501624,NORMAL,0.547124,0.712494,11.78,53.81,MEDIUM
TF-2026-0000273,IMPORT_LC,CUST-00865,CP-01465,CA,MX,EUR,248149.76,2024-10-04,2025-02-22,SETTLED,TEXTILES,2,9,7,0,0,7,LOW,0.4798,NORMAL,0.339925,0.358851,7.98,25.15,LOW
TF-2026-0000274,GUARANTEE,CUST-01005,CP-00112,CA,DE,CAD,87440.5,2025-07-19,2025-10-18,ACTIVE,AUTO_PARTS,3,7,13,0,1,11,MEDIUM,0.508804,NORMAL,0.481505,0.63279,11.87,51.04,MEDIUM
TF-2026-0000275,COLLECTION,CUST-00444,CP-02514,CA,GB,CAD,742824.56,2025-06-18,2025-10-05,CLOSED,TEXTILES,4,10,15,1,1,6,HIGH,0.518009,NORMAL,0.714013,0.709128,13.61,68.23,HIGH
TF-2026-0000276,IMPORT_LC,CUST-00318,CP-03430,CA,MX,CAD,154056.41,2026-05-26,2026-09-01,ACTIVE,ELECTRONICS,3,5,12,0,1,14,LOW,0.525964,NORMAL,0.293571,0.60164,11.38,43.99,MEDIUM
TF-2026-0000277,EXPORT_LC,CUST-01153,CP-00097,CA,IN,GBP,427727.51,2025-05-21,2025-09-13,SETTLED,TEXTILES,0,8,5,0,0,11,LOW,0.507168,NORMAL,0.108008,0.153335,5.3,17.6,LOW
TF-2026-0000278,IMPORT_LC,CUST-00332,CP-00354,CA,JP,CNY,219218.79,2025-01-05,2025-03-14,SETTLED,AUTO_PARTS,4,8,11,0,1,3,HIGH,0.498491,NORMAL,0.34445,0.710025,14.54,51.88,MEDIUM
TF-2026-0000279,IMPORT_LC,CUST-01045,CP-03229,CA,SG,JPY,54834.84,2026-07-31,2027-01-17,ACTIVE,CHEMICALS,4,3,10,1,0,8,LOW,0.582511,NORMAL,0.504889,0.429338,10.86,53.52,MEDIUM
TF-2026-0000280,EXPORT_LC,CUST-00795,CP-02266,CA,CN,CAD,2233999.21,2024-11-02,2025-04-21,ACTIVE,INDUSTRIAL_EQUIPMENT,1,5,15,0,1,12,LOW,0.535958,NORMAL,0.184334,0.437517,9.54,37.42,LOW
TF-2026-0000281,COLLECTION,CUST-00123,CP-03082,CA,GB,GBP,131703.38,2025-05-27,2025-11-10,CLOSED,ELECTRONICS,0,6,2,0,0,13,LOW,0.540953,NORMAL,0.141468,0.287863,6.13,32.07,LOW
TF-2026-0000282,IMPORT_LC,CUST-00887,CP-02457,CA,BR,CNY,314960.16,2026-07-12,2026-10-15,SETTLED,CHEMICALS,1,3,1,0,0,11,MEDIUM,0.527096,NORMAL,0.243442,0.266435,6.68,36.02,LOW
TF-2026-0000283,COLLECTION,CUST-00791,CP-03103,CA,IN,CNY,638456.13,2024-09-07,2025-01-13,SETTLED,TEXTILES,4,5,11,0,1,10,MEDIUM,0.481821,NORMAL,0.346471,0.771793,13.07,45.16,MEDIUM
TF-2026-0000284,GUARANTEE,CUST-00664,CP-00981,CA,MX,CNY,192009.09,2025-01-10,2025-06-04,SETTLED,AUTO_PARTS,3,7,11,1,1,14,LOW,0.503699,NORMAL,0.7181,0.615743,10.52,51.21,MEDIUM
TF-2026-0000285,EXPORT_LC,CUST-00241,CP-02968,CA,CN,CNY,605807.95,2025-10-18,2026-02-16,SETTLED,AUTO_PARTS,2,5,15,0,1,10,MEDIUM,0.473062,NORMAL,0.223879,0.672962,12.4,36.52,LOW
TF-2026-0000286,IMPORT_LC,CUST-00772,CP-03331,CA,JP,JPY,1818166.42,2025-01-26,2025-04-21,SETTLED,AGRICULTURE,4,7,8,0,0,0,LOW,0.55508,NORMAL,0.433985,0.531533,10.8,52.04,MEDIUM
TF-2026-0000287,EXPORT_LC,CUST-00371,CP-00504,CA,AE,USD,96632.2,2025-08-07,2025-10-20,ACTIVE,AGRICULTURE,0,9,9,0,0,7,MEDIUM,0.54996,NORMAL,0.214253,0.254453,8.34,39.86,LOW
TF-2026-0000288,EXPORT_LC,CUST-00311,CP-00095,CA,JP,USD,837020.31,2025-01-23,2025-04-13,ACTIVE,INDUSTRIAL_EQUIPMENT,3,6,19,0,1,5,MEDIUM,0.472732,NORMAL,0.34344,0.655182,13.82,39.41,LOW
TF-2026-0000289,EXPORT_LC,CUST-00356,CP-00903,CA,GB,EUR,174722.77,2025-10-30,2026-03-30,SETTLED,CHEMICALS,3,9,8,0,0,6,LOW,0.495898,NORMAL,0.326583,0.357562,8.89,28.38,LOW
TF-2026-0000290,IMPORT_LC,CUST-01023,CP-02079,CA,DE,USD,308045.98,2024-11-20,2025-05-06,CLOSED,AUTO_PARTS,2,5,10,0,0,10,LOW,0.478784,NORMAL,0.332804,0.298527,11.13,22.67,LOW
TF-2026-0000291,EXPORT_LC,CUST-00596,CP-00946,CA,FR,CAD,622291.91,2025-07-20,2025-11-06,ACTIVE,TEXTILES,5,6,13,0,1,4,LOW,0.494424,NORMAL,0.450481,0.812842,13.53,47.71,MEDIUM
TF-2026-0000292,GUARANTEE,CUST-00469,CP-01103,CA,BR,USD,1204675.19,2025-08-02,2025-12-06,CLOSED,TEXTILES,1,6,7,0,0,10,LOW,0.490841,NORMAL,0.21546,0.320373,8.44,22.51,LOW
TF-2026-0000293,IMPORT_LC,CUST-01133,CP-00206,CA,IN,GBP,392575.37,2025-11-29,2026-05-19,ACTIVE,INDUSTRIAL_EQUIPMENT,2,5,10,0,0,4,LOW,0.474368,NORMAL,0.211475,0.296151,9.72,18.14,LOW
TF-2026-0000294,EXPORT_LC,CUST-00036,CP-03309,CA,FR,CAD,540531.91,2026-01-24,2026-06-03,SETTLED,AGRICULTURE,2,5,13,0,1,10,MEDIUM,0.473085,NORMAL,0.236999,0.66275,11.35,36.56,LOW
TF-2026-0000295,IMPORT_LC,CUST-01026,CP-02067,CA,DE,GBP,351639.53,2026-06-15,2026-10-12,SETTLED,ELECTRONICS,1,5,8,0,0,11,LOW,0.484812,NORMAL,0.288758,0.259677,7.28,21.19,LOW
TF-2026-0000296,EXPORT_LC,CUST-00002,CP-01177,CA,AE,GBP,489941.2,2025-04-28,2025-09-17,SETTLED,TEXTILES,4,9,18,0,1,1,HIGH,0.51755,NORMAL,0.40799,0.777862,14.62,61.38,MEDIUM
TF-2026-0000297,IMPORT_LC,CUST-00753,CP-03449,CA,IN,CAD,327103.59,2025-10-11,2026-03-16,CLOSED,ELECTRONICS,2,10,10,0,0,8,LOW,0.494287,NORMAL,0.25211,0.365057,8.83,26.07,LOW
TF-2026-0000298,COLLECTION,CUST-00953,CP-01522,CA,BR,CAD,395077.89,2026-01-15,2026-04-22,ACTIVE,AGRICULTURE,1,5,9,0,0,4,HIGH,0.483635,NORMAL,0.143904,0.233119,8.28,25.64,LOW
TF-2026-0000299,GUARANTEE,CUST-01050,CP-02260,CA,AE,JPY,284865.92,2025-04-11,2025-06-17,SETTLED,INDUSTRIAL_EQUIPMENT,1,3,10,0,0,2,MEDIUM,0.5449,NORMAL,0.171198,0.2702,9.42,38.09,LOW
TF-2026-0000300,GUARANTEE,CUST-00943,CP-01422,CA,BR,JPY,269857.44,2024-11-14,2025-03-09,SETTLED,TEXTILES,4,4,12,0,1,13,HIGH,0.506815,NORMAL,0.393672,0.73141,11.46,56.32,MEDIUM
TF-2026-0000301,GUARANTEE,CUST-00295,CP-00583,CA,JP,GBP,134675.08,2026-01-23,2026-06-04,SETTLED,ELECTRONICS,1,3,9,1,0,13,MEDIUM,0.553895,NORMAL,0.438497,0.263721,9.43,47.64,MEDIUM
TF-2026-0000302,IMPORT_LC,CUST-00136,CP-00670,CA,FR,CAD,195540.73,2026-07-05,2026-12-30,ACTIVE,AUTO_PARTS,1,10,8,0,0,7,LOW,0.520078,NORMAL,0.233209,0.187546,7.63,26.06,LOW
TF-2026-0000303,EXPORT_LC,CUST-01066,CP-02796,CA,US,USD,5323971.78,2025-10-31,2026-03-03,SETTLED,AUTO_PARTS,1,3,5,0,0,12,LOW,0.609794,HIGH,0.164754,0.311022,6.89,40.39,MEDIUM
TF-2026-0000304,EXPORT_LC,CUST-00449,CP-01019,CA,MX,GBP,908452.64,2025-04-24,2025-07-31,SETTLED,INDUSTRIAL_EQUIPMENT,5,9,15,1,1,8,MEDIUM,0.512748,NORMAL,0.655893,0.762966,14.18,61.91,MEDIUM
TF-2026-0000305,GUARANTEE,CUST-00243,CP-01262,CA,US,USD,1585893.96,2025-12-14,2026-03-27,ACTIVE,ELECTRONICS,3,9,13,0,1,4,LOW,0.507928,NORMAL,0.437504,0.676492,11.78,45.97,MEDIUM
TF-2026-0000306,IMPORT_LC,CUST-00312,CP-00211,CA,FR,EUR,419317.94,2026-08-10,2026-10-14,ACTIVE,ELECTRONICS,2,8,7,0,0,7,LOW,0.463991,NORMAL,0.269875,0.360263,8.14,20.96,LOW
TF-2026-0000307,COLLECTION,CUST-00221,CP-01095,CA,JP,CAD,44232.21,2024-12-13,2025-05-04,ACTIVE,AUTO_PARTS,4,7,15,0,1,7,MEDIUM,0.55105,NORMAL,0.519192,0.625276,12.21,62.19,MEDIUM
TF-2026-0000308,COLLECTION,CUST-00927,CP-01470,CA,CN,GBP,161713.47,2025-03-09,2025-08-01,SETTLED,AGRICULTURE,3,6,14,0,1,2,HIGH,0.500845,NORMAL,0.412877,0.594141,13.3,50.45,MEDIUM
TF-2026-0000309,IMPORT_LC,CUST-00303,CP-00442,CA,AE,EUR,245927.16,2025-05-10,2025-10-02,CLOSED,AUTO_PARTS,4,6,12,1,1,3,LOW,0.490049,NORMAL,0.555099,0.671545,13.33,44.77,MEDIUM
TF-2026-0000310,IMPORT_LC,CUST-00101,CP-00129,CA,CN,GBP,153107.02,2025-11-27,2026-03-24,SETTLED,ELECTRONICS,5,9,10,0,0,10,LOW,0.533973,NORMAL,0.496806,0.765719,15.06,57.84,MEDIUM
TF-2026-0000311,EXPORT_LC,CUST-00087,CP-00575,CA,DE,EUR,463070.01,2025-12-10,2026-03-23,CLOSED,TEXTILES,1,5,2,0,0,0,HIGH,0.519155,NORMAL,0.195734,0.260757,6.67,37.29,LOW
TF-2026-0000312,GUARANTEE,CUST-01088,CP-01601,CA,CN,CNY,632698.3,2025-02-17,2025-06-27,CLOSED,AGRICULTURE,0,10,10,0,0,8,HIGH,0.538391,NORMAL,0.13985,0.163901,8.7,37.1,LOW
TF-2026-0000313,EXPORT_LC,CUST-00646,CP-03420,CA,FR,CNY,224396.88,2024-12-15,2025-04-21,ACTIVE,ELECTRONICS,0,6,4,0,0,9,LOW,0.503558,NORMAL,0.088248,0.232133,5.87,18.82,LOW
TF-2026-0000314,COLLECTION,CUST-00034,CP-02056,CA,DE,CNY,4175607.2,2024-10-26,2025-03-03,ACTIVE,AUTO_PARTS,0,10,2,0,0,14,LOW,0.621055,HIGH,0.228915,0.176056,4.64,37.85,LOW
TF-2026-0000315,GUARANTEE,CUST-00503,CP-01966,CA,IN,EUR,729980.51,2026-07-22,2026-11-05,ACTIVE,INDUSTRIAL_EQUIPMENT,5,7,6,1,0,15,LOW,0.538727,NORMAL,0.552141,0.464314,9.71,50.05,MEDIUM
TF-2026-0000316,IMPORT_LC,CUST-00925,CP-01383,CA,AE,JPY,444658.23,2026-04-10,2026-07-14,CLOSED,INDUSTRIAL_EQUIPMENT,3,4,15,0,1,13,HIGH,0.488053,NORMAL,0.521135,0.784551,13.5,57.22,MEDIUM
TF-2026-0000317,IMPORT_LC,CUST-00177,CP-00260,CA,BR,CNY,206937.16,2026-02-27,2026-06-10,ACTIVE,CHEMICALS,4,6,3,0,0,7,LOW,0.479478,NORMAL,0.57677,0.497874,8.95,37.07,LOW
TF-2026-0000318,IMPORT_LC,CUST-00465,CP-03419,CA,FR,EUR,535472.97,2024-10-09,2024-12-12,ACTIVE,CHEMICALS,5,8,15,1,1,12,MEDIUM,0.506759,NORMAL,0.667112,0.747167,14.06,60.07,MEDIUM
TF-2026-0000319,IMPORT_LC,CUST-00279,CP-01940,CA,GB,EUR,548675.86,2025-03-24,2025-09-05,CLOSED,CHEMICALS,0,3,8,0,0,1,HIGH,0.564868,NORMAL,0.14388,0.178572,5.05,42.32,MEDIUM
TF-2026-0000320,EXPORT_LC,CUST-00575,CP-01393,CA,CN,CNY,271290.92,2025-06-17,2025-09-26,SETTLED,ELECTRONICS,2,9,4,1,0,13,HIGH,0.502375,NORMAL,0.316185,0.447078,9.26,42.79,MEDIUM
TF-2026-0000321,IMPORT_LC,CUST-00475,CP-00202,CA,AE,JPY,107086.22,2025-11-02,2026-04-07,SETTLED,INDUSTRIAL_EQUIPMENT,0,7,11,0,1,4,HIGH,0.541189,NORMAL,0.162936,0.437178,8.92,48.01,MEDIUM
TF-2026-0000322,IMPORT_LC,CUST-00977,CP-00175,CA,IN,CAD,1130920.2,2025-04-19,2025-10-10,CLOSED,ELECTRONICS,2,5,6,0,0,11,MEDIUM,0.48966,NORMAL,0.321246,0.364767,8.17,31.92,LOW
TF-2026-0000323,EXPORT_LC,CUST-00836,CP-00022,CA,JP,CNY,468340.37,2024-09-14,2025-01-01,CLOSED,ELECTRONICS,1,10,7,0,0,10,HIGH,0.512347,NORMAL,0.154217,0.16348,8.14,30.77,LOW
TF-2026-0000324,GUARANTEE,CUST-01020,CP-00006,CA,SG,EUR,358486.15,2026-04-17,2026-08-29,CLOSED,INDUSTRIAL_EQUIPMENT,5,5,14,0,1,1,MEDIUM,0.524601,NORMAL,0.444288,0.732007,12.72,57.67,MEDIUM
TF-2026-0000325,EXPORT_LC,CUST-00447,CP-01133,CA,BR,CNY,650728.52,2026-04-19,2026-09-18,ACTIVE,AUTO_PARTS,0,3,3,0,0,14,LOW,0.577474,NORMAL,0.238213,0.218542,5.58,37.8,LOW
TF-2026-0000326,COLLECTION,CUST-00413,CP-02602,CA,DE,CNY,195522.21,2026-03-16,2026-07-09,SETTLED,INDUSTRIAL_EQUIPMENT,5,6,16,1,1,0,HIGH,0.563833,NORMAL,0.687708,0.721213,14.82,77.47,HIGH
TF-2026-0000327,EXPORT_LC,CUST-00847,CP-00453,CA,MX,GBP,180219.7,2025-10-22,2026-01-28,SETTLED,AUTO_PARTS,0,10,8,0,0,0,MEDIUM,0.590447,HIGH,0.361776,0.197862,6.61,46.61,MEDIUM
TF-2026-0000328,COLLECTION,CUST-00788,CP-00897,CA,FR,CAD,576412.86,2025-01-25,2025-04-07,CLOSED,AGRICULTURE,2,8,5,0,0,13,LOW,0.485778,NORMAL,0.175622,0.309461,7.24,19.75,LOW
TF-2026-0000329,EXPORT_LC,CUST-01018,CP-02165,CA,IN,GBP,3612501.24,2026-08-09,2027-01-08,SETTLED,CHEMICALS,4,8,15,1,1,2,LOW,0.557836,NORMAL,0.317667,0.644136,14.48,52.93,MEDIUM
TF-2026-0000330,EXPORT_LC,CUST-00666,CP-00188,CA,AE,JPY,151844.21,2025-09-02,2025-11-03,CLOSED,AUTO_PARTS,2,10,10,0,0,9,HIGH,0.513516,NORMAL,0.384942,0.37153,10.1,45.29,MEDIUM
TF-2026-0000331,EXPORT_LC,CUST-00453,CP-03023,CA,IN,EUR,252330.34,2026-01-05,2026-06-28,SETTLED,ELECTRONICS,0,9,9,0,0,7,MEDIUM,0.517098,NORMAL,0.145646,0.185399,8.3,27.65,LOW
TF-2026-0000332,EXPORT_LC,CUST-00014,CP-03450,CA,US,GBP,916958.1,2025-03-29,2025-06-26,CLOSED,TEXTILES,2,4,12,1,1,9,HIGH,0.491284,NORMAL,0.484707,0.444611,9.6,45.08,MEDIUM
TF-2026-0000333,IMPORT_LC,CUST-01171,CP-00088,CA,MX,USD,271315.06,2024-09-28,2025-01-03,ACTIVE,CHEMICALS,1,3,8,0,0,6,LOW,0.525233,NORMAL,0.330971,0.253904,9.05,32.74,LOW
TF-2026-0000334,GUARANTEE,CUST-00614,CP-03420,CA,FR,USD,298488.88,2024-09-08,2024-11-11,SETTLED,TEXTILES,3,9,8,1,0,9,MEDIUM,0.475794,NORMAL,0.642263,0.410495,9.32,40.3,MEDIUM
TF-2026-0000335,EXPORT_LC,CUST-00546,CP-02924,CA,JP,JPY,775384.86,2025-02-26,2025-07-20,CLOSED,TEXTILES,4,8,14,0,1,1,LOW,0.512678,NORMAL,0.305959,0.772213,13.61,46.71,MEDIUM
TF-2026-0000336,EXPORT_LC,CUST-00832,CP-01211,CA,SG,CAD,1107323.62,2025-07-24,2026-01-15,ACTIVE,INDUSTRIAL_EQUIPMENT,4,4,11,0,1,15,HIGH,0.54949,NORMAL,0.564511,0.791156,11.3,74.05,HIGH
TF-2026-0000337,EXPORT_LC,CUST-01104,CP-00950,CA,AE,CAD,1820018.73,2026-04-05,2026-08-13,SETTLED,ELECTRONICS,1,4,5,0,0,4,HIGH,0.523279,NORMAL,0.190522,0.315927,8.17,40.13,MEDIUM
TF-2026-0000338,EXPORT_LC,CUST-00906,CP-00293,CA,JP,CNY,1064411.58,2025-06-06,2025-11-21,SETTLED,AGRICULTURE,2,10,14,1,1,1,MEDIUM,0.535112,NORMAL,0.296331,0.556999,11.68,49.8,MEDIUM
TF-2026-0000339,GUARANTEE,CUST-00118,CP-03226,CA,AE,CNY,1373298.54,2024-11-05,2025-03-27,CLOSED,AGRICULTURE,1,8,6,0,0,5,LOW,0.496474,NORMAL,0.203427,0.288327,8.86,22.42,LOW
TF-2026-0000340,COLLECTION,CUST-01070,CP-03146,CA,DE,CAD,161994.64,2026-05-26,2026-09-18,CLOSED,CHEMICALS,2,9,15,0,1,11,HIGH,0.50382,NORMAL,0.190328,0.571423,11.96,43.87,MEDIUM
TF-2026-0000341,GUARANTEE,CUST-01086,CP-00615,CA,CN,GBP,344160.47,2025-06-24,2025-10-08,ACTIVE,AGRICULTURE,1,7,1,0,0,13,HIGH,0.48988,NORMAL,0.138069,0.1608,5.37,24.35,LOW
TF-2026-0000342,EXPORT_LC,CUST-00841,CP-02467,CA,JP,CAD,582333.85,2024-11-22,2025-02-24,ACTIVE,INDUSTRIAL_EQUIPMENT,4,5,12,1,1,4,HIGH,0.478767,NORMAL,0.741913,0.777004,12.29,61.68,MEDIUM
TF-2026-0000343,COLLECTION,CUST-01021,CP-01020,CA,IN,USD,62518.4,2025-03-02,2025-07-29,ACTIVE,CHEMICALS,4,4,10,0,0,1,HIGH,0.571366,NORMAL,0.560058,0.515074,11.44,67.33,HIGH
TF-2026-0000344,GUARANTEE,CUST-00325,CP-00085,CA,FR,CAD,1318613.75,2025-12-07,2026-05-21,ACTIVE,CHEMICALS,2,7,11,1,1,0,LOW,0.541002,NORMAL,0.56401,0.585815,10.23,55.19,MEDIUM
TF-2026-0000345,GUARANTEE,CUST-00697,CP-02227,CA,CN,CNY,220224.13,2024-09-12,2025-01-15,SETTLED,TEXTILES,0,4,3,0,0,5,LOW,0.519854,NORMAL,0.13202,0.199418,4.73,23.33,LOW
TF-2026-0000346,EXPORT_LC,CUST-00565,CP-01359,CA,CN,CAD,306381.89,2026-03-28,2026-08-16,CLOSED,INDUSTRIAL_EQUIPMENT,5,8,15,1,1,5,LOW,0.498814,NORMAL,0.720367,0.717992,13.89,53.52,MEDIUM
TF-2026-0000347,COLLECTION,CUST-00455,CP-03305,CA,MX,CNY,810696.2,2026-03-21,2026-05-26,CLOSED,TEXTILES,4,10,6,0,0,0,MEDIUM,0.563936,NORMAL,0.518905,0.653983,13.89,65.08,HIGH
TF-2026-0000348,IMPORT_LC,CUST-00172,CP-03073,CA,FR,EUR,1127280.49,2024-11-24,2025-05-12,CLOSED,CHEMICALS,3,4,10,0,0,4,LOW,0.495473,NORMAL,0.396883,0.440852,11.5,33.32,LOW
TF-2026-0000349,IMPORT_LC,CUST-00686,CP-03190,CA,DE,USD,4473282.47,2025-06-14,2025-09-18,CLOSED,TEXTILES,5,9,11,0,1,3,MEDIUM,0.599484,HIGH,0.443098,0.78964,12.34,70.22,HIGH
TF-2026-0000350,IMPORT_LC,CUST-00253,CP-02155,CA,GB,JPY,879123.61,2024-10-27,2025-02-25,CLOSED,AGRICULTURE,2,6,14,0,1,1,LOW,0.50009,NORMAL,0.25122,0.57164,11.33,34.65,LOW
TF-2026-0000351,EXPORT_LC,CUST-00151,CP-00984,CA,BR,CAD,239931.79,2025-05-07,2025-07-22,SETTLED,TEXTILES,0,7,12,0,1,10,MEDIUM,0.507828,NORMAL,0.115143,0.391802,8.92,31.31,LOW
TF-2026-0000352,IMPORT_LC,CUST-00239,CP-03058,CA,FR,CAD,186738.8,2026-04-03,2026-07-18,ACTIVE,CHEMICALS,1,3,6,0,0,11,HIGH,0.542991,NORMAL,0.211259,0.255061,7.17,43.41,MEDIUM
TF-2026-0000353,GUARANTEE,CUST-00436,CP-00410,CA,MX,EUR,844214.45,2026-02-14,2026-04-28,CLOSED,CHEMICALS,2,3,11,1,1,12,MEDIUM,0.529149,NORMAL,0.352369,0.368572,9.04,43.41,MEDIUM
TF-2026-0000354,GUARANTEE,CUST-00083,CP-00475,CA,IN,JPY,200281.16,2025-12-08,2026-04-08,ACTIVE,AUTO_PARTS,3,6,7,0,0,12,HIGH,0.485641,NORMAL,0.438071,0.348359,9.07,38.96,LOW
TF-2026-0000355,IMPORT_LC,CUST-00110,CP-00420,CA,SG,CAD,207977.98,2024-09-28,2025-03-09,ACTIVE,AGRICULTURE,4,3,1,0,0,12,LOW,0.53656,NORMAL,0.30393,0.635647,9.81,48.07,MEDIUM
TF-2026-0000356,COLLECTION,CUST-01174,CP-02555,CA,AE,GBP,302485.81,2024-11-10,2025-03-27,CLOSED,TEXTILES,5,7,13,0,1,5,MEDIUM,0.494628,NORMAL,0.474694,0.739785,12.33,50.9,MEDIUM
TF-2026-0000357,EXPORT_LC,CUST-00677,CP-02316,CA,MX,EUR,86993.52,2026-04-29,2026-08-04,ACTIVE,ELECTRONICS,4,6,21,1,1,15,MEDIUM,0.569503,NORMAL,0.62291,0.686866,16.01,70.07,HIGH
TF-2026-0000358,IMPORT_LC,CUST-00937,CP-03129,CA,DE,EUR,291625.78,2025-06-11,2025-09-20,ACTIVE,AUTO_PARTS,4,6,10,0,0,11,MEDIUM,0.487413,NORMAL,0.448356,0.511273,12.64,40.35,MEDIUM
TF-2026-0000359,GUARANTEE,CUST-00835,CP-02719,CA,US,CAD,546316.47,2026-04-14,2026-08-07,ACTIVE,AUTO_PARTS,4,5,7,0,0,9,LOW,0.472002,NORMAL,0.366748,0.462107,9.89,28.25,LOW
TF-2026-0000360,EXPORT_LC,CUST-00031,CP-02302,CA,JP,CNY,819733.33,2025-04-06,2025-08-17,SETTLED,AGRICULTURE,1,6,12,0,1,2,HIGH,0.499049,NORMAL,0.166472,0.32175,8.74,33.1,LOW
TF-2026-0000361,GUARANTEE,CUST-01043,CP-01114,CA,BR,USD,905916.83,2024-11-09,2025-01-16,SETTLED,INDUSTRIAL_EQUIPMENT,0,3,4,0,0,10,HIGH,0.555207,NORMAL,0.167104,0.180729,4.92,41.78,MEDIUM
TF-2026-0000362,GUARANTEE,CUST-00053,CP-00197,CA,MX,CNY,348658.64,2026-06-06,2026-08-14,CLOSED,AUTO_PARTS,2,4,5,0,0,5,MEDIUM,0.482111,NORMAL,0.310451,0.260898,7.33,26.25,LOW
TF-2026-0000363,COLLECTION,CUST-00843,CP-02569,CA,MX,CNY,122705.92,2026-03-18,2026-07-06,SETTLED,ELECTRONICS,2,7,14,0,1,14,HIGH,0.528483,NORMAL,0.157357,0.496118,10.86,46.87,MEDIUM
TF-2026-0000364,IMPORT_LC,CUST-01138,CP-03272,CA,US,CNY,1058074.07,2026-05-10,2026-09-19,ACTIVE,AUTO_PARTS,3,9,11,0,1,6,HIGH,0.492604,NORMAL,0.388307,0.525487,11.32,45.37,MEDIUM
TF-2026-0000365,EXPORT_LC,CUST-00183,CP-00544,CA,JP,CAD,316905.39,2025-09-25,2025-12-07,CLOSED,INDUSTRIAL_EQUIPMENT,3,3,15,0,1,1,HIGH,0.5349,NORMAL,0.500841,0.669122,12.77,64.8,MEDIUM
TF-2026-0000366,GUARANTEE,CUST-00272,CP-01916,CA,IN,GBP,15015144.08,2025-03-23,2025-09-13,ACTIVE,AUTO_PARTS,0,6,19,0,1,5,MEDIUM,0.609714,HIGH,0.170644,0.395348,9.61,48.51,MEDIUM
TF-2026-0000367,IMPORT_LC,CUST-00289,CP-01621,CA,JP,CAD,879465.95,2025-10-15,2026-01-15,CLOSED,INDUSTRIAL_EQUIPMENT,3,7,11,0,1,2,MEDIUM,0.490947,NORMAL,0.352096,0.688735,11.0,44.56,MEDIUM
TF-2026-0000368,EXPORT_LC,CUST-00189,CP-02014,CA,BR,CNY,479189.09,2024-12-17,2025-03-08,SETTLED,TEXTILES,1,7,9,0,0,0,MEDIUM,0.51951,NORMAL,0.260219,0.269384,8.66,34.58,LOW
TF-2026-0000369,EXPORT_LC,CUST-01114,CP-02792,CA,CN,JPY,344774.92,2025-09-20,2026-01-12,CLOSED,CHEMICALS,3,3,5,0,0,11,MEDIUM,0.51612,NORMAL,0.377631,0.54526,10.56,46.97,MEDIUM
TF-2026-0000370,EXPORT_LC,CUST-00830,CP-02123,CA,GB,USD,949585.25,2026-03-15,2026-06-27,CLOSED,AGRICULTURE,0,5,7,0,0,15,MEDIUM,0.564565,NORMAL,0.16653,0.234709,6.99,39.93,LOW
TF-2026-0000371,GUARANTEE,CUST-00830,CP-02333,CA,FR,USD,1064117.1,2026-03-12,2026-05-16,CLOSED,TEXTILES,0,5,5,0,0,3,MEDIUM,0.526296,NORMAL,0.182557,0.20984,5.84,32.05,LOW
TF-2026-0000372,GUARANTEE,CUST-01120,CP-00067,CA,GB,CNY,288135.57,2026-03-03,2026-07-23,SETTLED,ELECTRONICS,5,7,18,0,1,4,HIGH,0.499677,NORMAL,0.458673,0.733845,13.91,56.43,MEDIUM
TF-2026-0000373,COLLECTION,CUST-01118,CP-02079,CA,DE,GBP,155495.25,2025-05-01,2025-10-27,ACTIVE,TEXTILES,3,10,13,0,1,10,HIGH,0.51737,NORMAL,0.322371,0.704628,12.52,56.21,MEDIUM
TF-2026-0000374,EXPORT_LC,CUST-01177,CP-01788,CA,JP,USD,428333.21,2025-03-13,2025-05-16,CLOSED,AUTO_PARTS,2,6,16,0,1,11,LOW,0.47668,NORMAL,0.239839,0.557777,12.49,28.56,LOW
TF-2026-0000375,GUARANTEE,CUST-00800,CP-01561,CA,IN,CAD,253382.72,2024-11-16,2025-02-27,CLOSED,AGRICULTURE,0,4,11,0,1,2,HIGH,0.523063,NORMAL,0.104931,0.395669,8.45,40.27,MEDIUM
TF-2026-0000376,COLLECTION,CUST-00402,CP-00575,CA,DE,USD,2009210.49,2025-08-16,2026-01-10,ACTIVE,TEXTILES,5,6,21,0,1,0,HIGH,0.583435,NORMAL,0.525541,0.79134,15.98,76.86,HIGH
TF-2026-0000377,COLLECTION,CUST-00337,CP-01068,CA,CN,CNY,41482.82,2026-05-23,2026-08-12,CLOSED,CHEMICALS,3,5,14,1,1,12,HIGH,0.577621,NORMAL,0.626539,0.566396,10.9,71.63,HIGH
TF-2026-0000378,IMPORT_LC,CUST-01147,CP-02911,CA,CN,CNY,347403.68,2025-07-08,2025-10-17,CLOSED,INDUSTRIAL_EQUIPMENT,3,7,9,0,0,3,LOW,0.474427,NORMAL,0.314205,0.515937,9.98,28.93,LOW
TF-2026-0000379,IMPORT_LC,CUST-00232,CP-01972,CA,AE,JPY,429437.72,2024-12-07,2025-03-03,SETTLED,CHEMICALS,5,8,11,1,1,3,MEDIUM,0.505331,NORMAL,0.55073,0.826125,13.36,58.96,MEDIUM
TF-2026-0000380,COLLECTION,CUST-00975,CP-02982,CA,CN,CAD,385007.38,2025-02-21,2025-07-20,ACTIVE,AUTO_PARTS,4,7,11,0,1,11,MEDIUM,0.478151,NORMAL,0.340242,0.727763,13.99,42.79,MEDIUM
TF-2026-0000381,IMPORT_LC,CUST-01073,CP-01937,CA,FR,EUR,124097.13,2025-01-15,2025-05-06,SETTLED,ELECTRONICS,2,5,10,0,0,8,MEDIUM,0.505575,NORMAL,0.263941,0.357488,8.92,34.05,LOW
TF-2026-0000382,COLLECTION,CUST-00922,CP-02208,CA,DE,USD,24585.54,2025-05-17,2025-11-07,CLOSED,AUTO_PARTS,3,8,16,0,1,0,HIGH,0.615906,HIGH,0.608103,0.614327,11.95,74.48,HIGH
TF-2026-0000383,EXPORT_LC,CUST-00624,CP-02517,CA,DE,USD,364415.93,2026-04-13,2026-08-26,ACTIVE,AUTO_PARTS,0,3,13,0,1,12,MEDIUM,0.552223,NORMAL,0.292825,0.488022,8.82,50.83,MEDIUM
TF-2026-0000384,IMPORT_LC,CUST-00427,CP-00023,CA,JP,USD,328266.64,2025-09-15,2026-02-09,ACTIVE,INDUSTRIAL_EQUIPMENT,5,9,16,0,1,12,HIGH,0.521976,NORMAL,0.263037,0.818861,14.8,59.57,MEDIUM
TF-2026-0000385,COLLECTION,CUST-00600,CP-02635,CA,SG,CNY,269167.91,2025-06-15,2025-10-20,ACTIVE,ELECTRONICS,5,5,17,0,1,3,MEDIUM,0.514217,NORMAL,0.408058,0.711868,15.18,53.13,MEDIUM
TF-2026-0000386,EXPORT_LC,CUST-00015,CP-02568,CA,FR,CNY,561009.05,2025-10-04,2026-01-05,SETTLED,CHEMICALS,0,4,5,0,0,3,HIGH,0.517919,NORMAL,0.079546,0.180584,5.39,30.68,LOW
TF-2026-0000387,COLLECTION,CUST-01063,CP-02893,CA,CN,USD,635047.3,2026-05-15,2026-10-02,CLOSED,AGRICULTURE,2,10,6,0,0,5,LOW,0.500051,NORMAL,0.184297,0.413694,9.17,27.08,LOW
TF-2026-0000388,EXPORT_LC,CUST-00210,CP-01608,CA,FR,GBP,493204.74,2026-06-19,2026-11-13,SETTLED,ELECTRONICS,0,10,7,0,0,10,MEDIUM,0.535243,NORMAL,0.113905,0.198065,6.6,31.79,LOW
TF-2026-0000389,EXPORT_LC,CUST-00207,CP-03002,CA,SG,JPY,2133944.78,2025-06-01,2025-09-10,ACTIVE,AUTO_PARTS,0,7,7,0,0,12,HIGH,0.549973,NORMAL,0.192387,0.254857,5.76,44.23,MEDIUM
TF-2026-0000390,COLLECTION,CUST-01010,CP-00897,CA,FR,CAD,966900.86,2026-02-28,2026-07-11,SETTLED,CHEMICALS,4,8,18,1,1,13,LOW,0.503113,NORMAL,0.516867,0.730004,14.31,48.96,MEDIUM
TF-2026-0000391,EXPORT_LC,CUST-00114,CP-01357,CA,SG,JPY,930205.4,2025-12-03,2026-04-16,ACTIVE,TEXTILES,3,4,12,0,1,4,HIGH,0.489109,NORMAL,0.40824,0.704352,11.63,51.27,MEDIUM
TF-2026-0000392,GUARANTEE,CUST-00814,CP-02987,CA,DE,CAD,491166.6,2026-06-18,2026-12-08,CLOSED,CHEMICALS,2,10,16,0,1,0,HIGH,0.548941,NORMAL,0.359941,0.621716,12.62,61.88,MEDIUM
TF-2026-0000393,IMPORT_LC,CUST-00414,CP-00072,CA,IN,JPY,355023.24,2025-11-01,2026-01-26,ACTIVE,AUTO_PARTS,4,8,14,0,1,15,HIGH,0.529747,NORMAL,0.365907,0.629492,13.93,58.14,MEDIUM
TF-2026-0000394,COLLECTION,CUST-00568,CP-02678,CA,BR,USD,106271.89,2025-03-07,2025-06-01,ACTIVE,AUTO_PARTS,0,9,7,0,0,5,LOW,0.548102,NORMAL,0.285216,0.172536,6.13,33.75,LOW
TF-2026-0000395,EXPORT_LC,CUST-00242,CP-02814,CA,AE,CNY,1803104.09,2024-08-25,2024-11-07,ACTIVE,CHEMICALS,1,3,13,0,1,4,HIGH,0.554177,NORMAL,0.2098,0.506481,11.07,54.31,MEDIUM
TF-2026-0000396,COLLECTION,CUST-00279,CP-02962,CA,SG,CNY,104496.87,2025-08-26,2025-12-19,ACTIVE,CHEMICALS,1,3,13,0,1,2,HIGH,0.573787,NORMAL,0.124232,0.500676,10.35,53.98,MEDIUM
TF-2026-0000397,IMPORT_LC,CUST-00307,CP-03131,CA,SG,CAD,233014.81,2025-10-28,2026-03-10,ACTIVE,AUTO_PARTS,4,9,11,1,1,12,HIGH,0.50859,NORMAL,0.610893,0.777234,13.25,64.89,MEDIUM
TF-2026-0000398,EXPORT_LC,CUST-01166,CP-02443,CA,AE,GBP,49382.89,2025-08-24,2025-11-07,SETTLED,ELECTRONICS,0,4,5,0,0,4,HIGH,0.592572,HIGH,0.135297,0.278348,6.26,47.75,MEDIUM
TF-2026-0000399,EXPORT_LC,CUST-00435,CP-03467,CA,CN,CNY,276899.19,2026-07-16,2026-10-30,ACTIVE,TEXTILES,1,3,11,1,1,0,MEDIUM,0.571932,NORMAL,0.479828,0.335299,8.2,53.68,MEDIUM
TF-2026-0000400,COLLECTION,CUST-00175,CP-01767,CA,AE,EUR,252588.32,2025-06-02,2025-11-19,SETTLED,ELECTRONICS,4,4,16,1,1,12,LOW,0.503277,NORMAL,0.752352,0.740638,14.06,56.45,MEDIUM
TF-2026-0000401,GUARANTEE,CUST-00831,CP-02034,CA,CN,EUR,3511679.67,2025-01-12,2025-04-29,SETTLED,AGRICULTURE,3,7,8,0,0,4,LOW,0.534403,NORMAL,0.395649,0.440433,9.69,43.54,MEDIUM
TF-2026-0000402,IMPORT_LC,CUST-00227,CP-00181,CA,DE,USD,791952.84,2025-01-21,2025-05-18,ACTIVE,CHEMICALS,0,9,4,0,0,6,HIGH,0.51944,NORMAL,0.138154,0.143615,5.46,31.51,LOW
TF-2026-0000403,IMPORT_LC,CUST-00304,CP-02428,CA,JP,CAD,327206.87,2026-07-12,2026-10-09,CLOSED,AGRICULTURE,1,3,6,1,0,14,MEDIUM,0.547621,NORMAL,0.241554,0.220767,7.48,39.04,LOW
TF-2026-0000404,EXPORT_LC,CUST-00821,CP-00717,CA,DE,JPY,510617.63,2026-04-18,2026-08-10,CLOSED,TEXTILES,4,8,14,0,1,6,MEDIUM,0.473235,NORMAL,0.525285,0.824925,13.43,50.9,MEDIUM
TF-2026-0000405,COLLECTION,CUST-00521,CP-03434,CA,CN,USD,1538331.53,2025-05-22,2025-11-07,CLOSED,CHEMICALS,0,8,2,0,0,12,MEDIUM,0.540241,NORMAL,0.175651,0.212969,5.19,35.32,LOW
TF-2026-0000406,IMPORT_LC,CUST-00139,CP-03257,CA,JP,CNY,61859.78,2026-04-15,2026-06-16,ACTIVE,AUTO_PARTS,3,4,9,0,0,12,MEDIUM,0.551577,NORMAL,0.443417,0.537655,10.52,56.96,MEDIUM
TF-2026-0000407,GUARANTEE,CUST-00511,CP-02735,CA,US,EUR,450093.31,2024-08-18,2025-01-06,SETTLED,ELECTRONICS,5,10,18,0,1,5,HIGH,0.532011,NORMAL,0.408817,0.614178,15.12,59.44,MEDIUM
TF-2026-0000408,COLLECTION,CUST-00204,CP-00609,CA,DE,GBP,249925.78,2026-01-03,2026-06-09,ACTIVE,AGRICULTURE,3,7,9,1,0,4,HIGH,0.471462,NORMAL,0.559892,0.546444,11.55,46.88,MEDIUM
TF-2026-0000409,IMPORT_LC,CUST-00138,CP-02915,CA,US,CNY,153326.78,2025-11-15,2026-05-02,CLOSED,ELECTRONICS,1,3,8,0,0,2,MEDIUM,0.561824,NORMAL,0.152702,0.260925,8.37,40.08,MEDIUM
TF-2026-0000410,IMPORT_LC,CUST-00482,CP-01513,CA,BR,JPY,1137971.29,2024-09-11,2024-11-20,ACTIVE,CHEMICALS,4,10,14,0,1,5,MEDIUM,0.525053,NORMAL,0.373676,0.771415,13.61,57.05,MEDIUM
TF-2026-0000411,IMPORT_LC,CUST-00925,CP-01459,CA,SG,JPY,612204.52,2025-02-24,2025-05-28,ACTIVE,TEXTILES,3,8,10,1,0,15,HIGH,0.517351,NORMAL,0.418965,0.432684,11.29,49.58,MEDIUM
TF-2026-0000412,IMPORT_LC,CUST-00173,CP-00647,CA,JP,JPY,3846456.77,2025-03-07,2025-07-16,SETTLED,TEXTILES,2,5,10,0,0,8,MEDIUM,0.541071,NORMAL,0.266826,0.328151,9.79,42.28,MEDIUM
TF-2026-0000413,EXPORT_LC,CUST-00242,CP-01060,CA,US,EUR,1095279.57,2026-05-14,2026-08-18,SETTLED,AUTO_PARTS,3,3,6,1,0,4,HIGH,0.526626,NORMAL,0.43707,0.627143,11.4,59.38,MEDIUM
TF-2026-0000414,COLLECTION,CUST-01190,CP-03269,CA,BR,EUR,735931.89,2024-10-07,2025-03-05,SETTLED,AUTO_PARTS,5,3,14,0,1,11,MEDIUM,0.54451,NORMAL,0.535365,0.771535,13.62,66.49,HIGH
TF-2026-0000415,GUARANTEE,CUST-00880,CP-00105,CA,BR,CAD,391222.57,2025-11-13,2026-05-11,ACTIVE,AGRICULTURE,3,3,13,0,1,11,LOW,0.512081,NORMAL,0.291917,0.656649,12.49,42.08,MEDIUM
TF-2026-0000416,EXPORT_LC,CUST-00001,CP-02059,CA,BR,CNY,219058.24,2025-01-02,2025-03-20,SETTLED,AGRICULTURE,4,6,15,0,1,7,LOW,0.478245,NORMAL,0.595195,0.731053,14.01,45.57,MEDIUM
TF-2026-0000417,IMPORT_LC,CUST-00183,CP-01229,CA,AE,CNY,839338.27,2026-05-29,2026-11-10,ACTIVE,ELECTRONICS,1,8,2,0,0,13,HIGH,0.495102,NORMAL,0.206166,0.251587,5.78,30.89,LOW
TF-2026-0000418,GUARANTEE,CUST-01140,CP-02094,CA,GB,CNY,196240.65,2026-05-08,2026-10-11,SETTLED,AGRICULTURE,0,5,1,0,0,0,MEDIUM,0.559617,NORMAL,0.265581,0.200491,3.78,41.05,MEDIUM
TF-2026-0000419,IMPORT_LC,CUST-00396,CP-02855,CA,SG,GBP,64801.28,2025-10-20,2025-12-27,CLOSED,TEXTILES,3,4,5,0,0,14,LOW,0.562905,NORMAL,0.352061,0.413637,9.33,46.53,MEDIUM
TF-2026-0000420,COLLECTION,CUST-01129,CP-00596,CA,IN,GBP,211343.07,2026-05-05,2026-09-21,SETTLED,ELECTRONICS,4,4,14,0,1,0,HIGH,0.541933,NORMAL,0.414251,0.643792,11.57,62.94,MEDIUM
TF-2026-0000421,EXPORT_LC,CUST-01192,CP-01622,CA,GB,JPY,647937.85,2024-08-29,2024-11-30,CLOSED,AGRICULTURE,3,7,8,0,0,1,HIGH,0.490861,NORMAL,0.35594,0.442272,9.37,41.01,MEDIUM
TF-2026-0000422,EXPORT_LC,CUST-00782,CP-02846,CA,GB,CAD,331635.14,2026-06-28,2026-11-03,CLOSED,TEXTILES,3,3,4,1,0,13,MEDIUM,0.521657,NORMAL,0.519966,0.448869,7.32,49.23,MEDIUM
TF-2026-0000423,GUARANTEE,CUST-00672,CP-01526,CA,MX,CAD,93417.76,2024-12-07,2025-02-27,SETTLED,INDUSTRIAL_EQUIPMENT,0,7,8,0,0,3,MEDIUM,0.552955,NORMAL,0.192051,0.139188,6.79,35.72,LOW
TF-2026-0000424,IMPORT_LC,CUST-00670,CP-03233,CA,US,GBP,945244.99,2025-05-23,2025-09-28,SETTLED,INDUSTRIAL_EQUIPMENT,2,10,6,0,0,5,MEDIUM,0.50835,NORMAL,0.335793,0.275759,7.93,34.04,LOW
TF-2026-0000425,COLLECTION,CUST-00268,CP-03500,CA,GB,CNY,166332.75,2024-11-02,2025-01-30,SETTLED,INDUSTRIAL_EQUIPMENT,2,3,14,0,1,6,MEDIUM,0.53217,NORMAL,0.298263,0.548071,10.78,48.86,MEDIUM
TF-2026-0000426,EXPORT_LC,CUST-00312,CP-01205,CA,MX,CNY,148693.81,2026-02-08,2026-07-15,ACTIVE,AGRICULTURE,5,10,18,1,1,12,LOW,0.561331,NORMAL,0.745847,0.76331,16.0,70.37,HIGH
TF-2026-0000427,IMPORT_LC,CUST-00013,CP-03115,CA,BR,JPY,83893.16,2025-02-09,2025-05-02,ACTIVE,TEXTILES,3,10,8,1,0,10,LOW,0.548032,NORMAL,0.512237,0.388541,8.24,48.11,MEDIUM
TF-2026-0000428,IMPORT_LC,CUST-00418,CP-02166,CA,CN,GBP,57926.88,2025-11-28,2026-04-12,CLOSED,AUTO_PARTS,2,6,1,0,0,8,HIGH,0.535745,NORMAL,0.334252,0.234572,5.88,44.79,MEDIUM
TF-2026-0000429,EXPORT_LC,CUST-00635,CP-00524,CA,GB,USD,1218818.6,2026-04-08,2026-06-13,SETTLED,INDUSTRIAL_EQUIPMENT,4,8,15,0,1,10,MEDIUM,0.492447,NORMAL,0.507669,0.736251,13.08,51.28,MEDIUM
TF-2026-0000430,EXPORT_LC,CUST-00397,CP-00632,CA,IN,CNY,191927.44,2025-05-11,2025-10-11,CLOSED,INDUSTRIAL_EQUIPMENT,5,10,11,0,1,11,HIGH,0.548579,NORMAL,0.54758,0.72043,13.82,70.88,HIGH
TF-2026-0000431,IMPORT_LC,CUST-00973,CP-01449,CA,BR,CAD,595629.89,2026-07-31,2026-12-19,CLOSED,ELECTRONICS,4,9,20,1,1,12,HIGH,0.499897,NORMAL,0.412331,0.79124,16.17,57.11,MEDIUM
TF-2026-0000432,COLLECTION,CUST-00903,CP-01943,CA,US,USD,1135471.56,2025-03-13,2025-06-27,CLOSED,AGRICULTURE,2,7,8,0,0,9,HIGH,0.473918,NORMAL,0.190714,0.531738,10.44,35.7,LOW
TF-2026-0000433,EXPORT_LC,CUST-00923,CP-02886,CA,MX,CNY,61361.42,2025-01-24,2025-05-28,SETTLED,TEXTILES,5,8,14,1,1,5,LOW,0.564712,NORMAL,0.75876,0.776177,13.64,71.66,HIGH
TF-2026-0000434,GUARANTEE,CUST-00645,CP-01972,CA,AE,CAD,4202747.7,2024-12-28,2025-04-15,SETTLED,ELECTRONICS,2,10,15,0,1,3,LOW,0.588594,NORMAL,0.233209,0.61844,12.22,52.35,MEDIUM
TF-2026-0000435,EXPORT_LC,CUST-00488,CP-02327,CA,FR,CNY,217807.52,2026-04-29,2026-07-24,CLOSED,ELECTRONICS,5,10,23,1,1,3,MEDIUM,0.553002,NORMAL,0.490289,0.793462,18.21,67.57,HIGH
TF-2026-0000436,IMPORT_LC,CUST-01070,CP-01581,CA,CN,CAD,386800.37,2025-04-27,2025-06-27,ACTIVE,TEXTILES,4,10,14,0,1,11,HIGH,0.518129,NORMAL,0.413956,0.74297,13.6,60.45,MEDIUM
TF-2026-0000437,IMPORT_LC,CUST-00989,CP-01132,CA,AE,JPY,3924885.19,2025-06-07,2025-09-15,CLOSED,AUTO_PARTS,5,5,15,0,1,3,MEDIUM,0.58056,NORMAL,0.486326,0.733227,14.1,68.46,HIGH
TF-2026-0000438,GUARANTEE,CUST-00572,CP-01350,CA,BR,EUR,119173.57,2024-12-18,2025-04-06,CLOSED,CHEMICALS,0,3,10,0,0,6,LOW,0.565776,NORMAL,0.265877,0.227326,7.88,37.8,LOW
TF-2026-0000439,GUARANTEE,CUST-00178,CP-02904,CA,SG,JPY,261044.19,2026-05-12,2026-10-16,CLOSED,ELECTRONICS,2,10,15,0,1,6,LOW,0.505734,NORMAL,0.282856,0.662284,12.24,40.31,MEDIUM
TF-2026-0000440,COLLECTION,CUST-00941,CP-03215,CA,IN,JPY,493585.34,2026-07-28,2026-12-19,CLOSED,AUTO_PARTS,4,4,14,0,1,3,HIGH,0.493198,NORMAL,0.493093,0.719475,13.12,55.41,MEDIUM
TF-2026-0000441,COLLECTION,CUST-00370,CP-01487,CA,BR,GBP,1864343.48,2025-05-05,2025-10-09,CLOSED,AGRICULTURE,0,6,13,0,1,11,HIGH,0.538645,NORMAL,0.184026,0.20832,6.17,40.02,MEDIUM
TF-2026-0000442,GUARANTEE,CUST-00286,CP-00299,CA,IN,CAD,265470.94,2025-04-27,2025-07-07,CLOSED,AUTO_PARTS,3,10,18,0,1,8,MEDIUM,0.498637,NORMAL,0.385429,0.581169,13.17,43.65,MEDIUM
TF-2026-0000443,COLLECTION,CUST-00283,CP-01785,CA,DE,GBP,224762.44,2025-11-13,2026-04-14,SETTLED,AUTO_PARTS,2,4,3,0,0,13,MEDIUM,0.504677,NORMAL,0.254027,0.310303,6.86,31.87,LOW
TF-2026-0000444,GUARANTEE,CUST-00996,CP-03414,CA,BR,USD,100814.75,2026-06-27,2026-10-28,SETTLED,INDUSTRIAL_EQUIPMENT,0,5,9,0,0,15,HIGH,0.589891,HIGH,0.166892,0.199219,7.37,45.78,MEDIUM
TF-2026-0000445,GUARANTEE,CUST-00109,CP-01882,CA,SG,GBP,242325.98,2026-02-18,2026-04-19,SETTLED,INDUSTRIAL_EQUIPMENT,1,5,13,0,1,15,HIGH,0.532107,NORMAL,0.161153,0.475068,9.97,47.18,MEDIUM
TF-2026-0000446,EXPORT_LC,CUST-00860,CP-00297,CA,IN,EUR,2514847.8,2025-07-10,2026-01-06,SETTLED,TEXTILES,0,10,4,1,0,13,MEDIUM,0.595724,HIGH,0.45149,0.237033,5.33,51.0,MEDIUM
TF-2026-0000447,IMPORT_LC,CUST-00090,CP-03047,CA,DE,GBP,30264.91,2025-08-06,2025-12-19,SETTLED,AGRICULTURE,0,5,7,1,0,7,LOW,0.598914,HIGH,0.273371,0.149448,7.27,37.71,LOW
TF-2026-0000448,GUARANTEE,CUST-00465,CP-03321,CA,DE,GBP,99134.28,2024-10-20,2025-02-01,SETTLED,ELECTRONICS,3,6,12,0,1,3,MEDIUM,0.510964,NORMAL,0.337402,0.693775,11.87,49.46,MEDIUM
TF-2026-0000449,COLLECTION,CUST-00415,CP-03297,CA,JP,CNY,814678.64,2025-09-28,2026-02-19,CLOSED,TEXTILES,0,3,6,0,0,2,LOW,0.561592,NORMAL,0.185023,0.195698,5.9,33.71,LOW
TF-2026-0000450,EXPORT_LC,CUST-00738,CP-01794,CA,FR,USD,636987.76,2025-11-23,2026-03-14,ACTIVE,AGRICULTURE,2,5,11,0,1,6,HIGH,0.46948,NORMAL,0.290716,0.601226,10.9,40.44,MEDIUM
TF-2026-0000451,GUARANTEE,CUST-00614,CP-02220,CA,MX,USD,201117.33,2025-03-15,2025-07-04,SETTLED,ELECTRONICS,2,6,1,0,0,5,MEDIUM,0.480797,NORMAL,0.302514,0.362055,8.91,29.32,LOW
TF-2026-0000452,COLLECTION,CUST-00738,CP-01840,CA,AE,GBP,320623.18,2024-11-16,2025-04-30,CLOSED,INDUSTRIAL_EQUIPMENT,1,6,16,0,1,4,HIGH,0.480584,NORMAL,0.173193,0.547247,11.43,36.88,LOW
TF-2026-0000453,IMPORT_LC,CUST-00479,CP-00409,CA,AE,JPY,452300.37,2026-05-19,2026-10-13,SETTLED,CHEMICALS,5,3,19,0,1,4,LOW,0.536798,NORMAL,0.421295,0.810155,15.97,57.76,MEDIUM
TF-2026-0000454,EXPORT_LC,CUST-00646,CP-03349,CA,CN,USD,653599.51,2025-11-11,2026-03-07,ACTIVE,AGRICULTURE,0,4,12,0,1,11,LOW,0.524641,NORMAL,0.102782,0.443477,9.08,32.35,LOW
TF-2026-0000455,IMPORT_LC,CUST-00655,CP-00455,CA,CN,USD,70784.09,2025-09-01,2025-12-06,SETTLED,INDUSTRIAL_EQUIPMENT,2,7,2,0,0,2,LOW,0.539113,NORMAL,0.281298,0.316078,6.79,36.87,LOW
TF-2026-0000456,GUARANTEE,CUST-00058,CP-00945,CA,AE,CAD,717799.82,2024-09-29,2024-12-25,CLOSED,AGRICULTURE,3,7,14,0,1,9,HIGH,0.460904,NORMAL,0.408415,0.693961,12.82,46.62,MEDIUM
TF-2026-0000457,IMPORT_LC,CUST-01038,CP-02506,CA,JP,CAD,1452166.9,2024-08-27,2024-12-08,CLOSED,TEXTILES,4,7,6,0,0,11,HIGH,0.505975,NORMAL,0.287133,0.719492,13.15,52.51,MEDIUM
TF-2026-0000458,GUARANTEE,CUST-00795,CP-00290,CA,DE,CNY,594773.37,2026-07-09,2026-09-14,CLOSED,INDUSTRIAL_EQUIPMENT,0,9,1,0,0,4,LOW,0.520772,NORMAL,0.109918,0.19523,3.85,22.82,LOW
TF-2026-0000459,EXPORT_LC,CUST-01168,CP-03475,CA,GB,EUR,139243.65,2025-10-21,2026-01-31,ACTIVE,AGRICULTURE,1,3,13,0,1,4,MEDIUM,0.549775,NORMAL,0.194487,0.350963,8.12,42.61,MEDIUM
TF-2026-0000460,EXPORT_LC,CUST-00778,CP-01283,CA,BR,EUR,148055.42,2025-11-24,2026-04-07,ACTIVE,INDUSTRIAL_EQUIPMENT,0,10,7,0,0,14,HIGH,0.579924,NORMAL,0.21479,0.249849,6.94,48.38,MEDIUM
TF-2026-0000461,COLLECTION,CUST-00096,CP-01459,CA,SG,JPY,1039580.67,2025-12-05,2026-03-25,SETTLED,CHEMICALS,2,6,18,1,1,15,LOW,0.53431,NORMAL,0.295906,0.465171,8.57,41.38,MEDIUM
TF-2026-0000462,GUARANTEE,CUST-01159,CP-00763,CA,US,GBP,46493.1,2026-05-15,2026-10-29,ACTIVE,ELECTRONICS,2,5,10,0,0,7,MEDIUM,0.553437,NORMAL,0.290894,0.286489,8.58,43.91,MEDIUM
TF-2026-0000463,EXPORT_LC,CUST-00160,CP-01048,CA,GB,GBP,661146.57,2025-04-26,2025-06-25,CLOSED,ELECTRONICS,0,4,9,0,0,2,LOW,0.524761,NORMAL,0.166437,0.21831,8.01,26.4,LOW
TF-2026-0000464,COLLECTION,CUST-00009,CP-02812,CA,US,CAD,544975.02,2025-08-03,2025-11-13,SETTLED,TEXTILES,4,9,5,1,0,5,LOW,0.487699,NORMAL,0.656407,0.4673,8.58,40.13,MEDIUM
TF-2026-0000465,GUARANTEE,CUST-00485,CP-01961,CA,DE,USD,2172326.76,2025-02-11,2025-08-05,SETTLED,ELECTRONICS,0,9,5,0,0,2,LOW,0.571941,NORMAL,0.142985,0.149678,5.77,32.08,LOW
TF-2026-0000466,IMPORT_LC,CUST-00364,CP-02258,CA,JP,CNY,691928.24,2026-01-06,2026-03-14,ACTIVE,AGRICULTURE,1,5,7,0,0,9,HIGH,0.478473,NORMAL,0.134821,0.174471,7.17,22.31,LOW
TF-2026-0000467,COLLECTION,CUST-00738,CP-02365,CA,US,CNY,1573498.4,2024-12-04,2025-06-01,SETTLED,AUTO_PARTS,1,3,12,0,1,1,HIGH,0.574898,NORMAL,0.205129,0.538577,11.46,57.82,MEDIUM
TF-2026-0000468,GUARANTEE,CUST-00261,CP-02849,CA,MX,CAD,86138.29,2026-04-29,2026-08-19,ACTIVE,AGRICULTURE,1,4,12,0,1,5,HIGH,0.536839,NORMAL,0.151146,0.309173,9.89,42.14,MEDIUM
TF-2026-0000469,COLLECTION,CUST-00936,CP-01883,CA,JP,JPY,284142.73,2025-08-13,2025-12-27,ACTIVE,INDUSTRIAL_EQUIPMENT,4,6,14,1,1,14,HIGH,0.515092,NORMAL,0.644977,0.786764,14.08,68.14,HIGH
TF-2026-0000470,IMPORT_LC,CUST-00060,CP-01080,CA,DE,EUR,4816870.64,2025-12-02,2026-04-13,ACTIVE,INDUSTRIAL_EQUIPMENT,0,9,8,0,0,13,MEDIUM,0.603567,HIGH,0.261834,0.204173,6.85,44.42,MEDIUM
TF-2026-0000471,COLLECTION,CUST-00944,CP-03085,CA,SG,USD,219143.56,2026-07-02,2026-10-08,SETTLED,AUTO_PARTS,0,9,6,0,0,1,MEDIUM,0.542467,NORMAL,0.27718,0.295179,6.57,41.7,MEDIUM
TF-2026-0000472,IMPORT_LC,CUST-00620,CP-02652,CA,US,USD,294861.99,2024-12-01,2025-02-10,ACTIVE,AGRICULTURE,1,9,9,1,0,3,LOW,0.496124,NORMAL,0.466061,0.18605,8.58,26.63,LOW
TF-2026-0000473,COLLECTION,CUST-00201,CP-03031,CA,CN,CNY,224223.01,2024-11-13,2025-05-05,ACTIVE,ELECTRONICS,0,9,6,0,0,2,LOW,0.532168,NORMAL,0.1719,0.194516,6.5,27.69,LOW
TF-2026-0000474,IMPORT_LC,CUST-00494,CP-00318,CA,BR,CNY,795153.85,2026-05-24,2026-10-23,SETTLED,AGRICULTURE,4,10,15,0,1,13,MEDIUM,0.530622,NORMAL,0.409392,0.771649,14.88,59.65,MEDIUM
TF-2026-0000475,GUARANTEE,CUST-00492,CP-01789,CA,SG,CNY,225715.07,2025-07-29,2025-10-13,SETTLED,INDUSTRIAL_EQUIPMENT,4,9,14,1,1,0,MEDIUM,0.546564,NORMAL,0.519045,0.733276,13.5,65.1,HIGH
TF-2026-0000476,GUARANTEE,CUST-00380,CP-03115,CA,BR,EUR,571098.8,2025-06-30,2025-09-21,SETTLED,INDUSTRIAL_EQUIPMENT,4,9,12,0,1,10,LOW,0.488419,NORMAL,0.425996,0.813922,11.89,45.47,MEDIUM
TF-2026-0000477,IMPORT_LC,CUST-00586,CP-00216,CA,SG,USD,540371.82,2024-09-28,2025-03-10,CLOSED,INDUSTRIAL_EQUIPMENT,3,4,10,1,0,0,MEDIUM,0.522019,NORMAL,0.659868,0.345861,9.41,49.94,MEDIUM
TF-2026-0000478,COLLECTION,CUST-01088,CP-03367,CA,SG,JPY,149795.25,2025-08-13,2025-11-16,CLOSED,AGRICULTURE,3,4,14,0,1,6,HIGH,0.496646,NORMAL,0.361068,0.586866,12.26,47.63,MEDIUM
TF-2026-0000479,COLLECTION,CUST-00532,CP-01094,CA,DE,CAD,1028598.26,2024-09-15,2024-11-17,CLOSED,AUTO_PARTS,0,10,10,0,0,15,LOW,0.592534,HIGH,0.170376,0.172083,7.04,35.07,LOW
TF-2026-0000480,COLLECTION,CUST-00386,CP-00799,CA,FR,EUR,3489116.56,2025-04-20,2025-06-22,ACTIVE,AGRICULTURE,1,10,18,0,1,2,MEDIUM,0.590516,HIGH,0.329283,0.532447,12.15,57.36,MEDIUM
TF-2026-0000481,COLLECTION,CUST-00400,CP-00492,CA,DE,JPY,130549.66,2025-06-03,2025-10-29,CLOSED,INDUSTRIAL_EQUIPMENT,5,4,14,1,1,0,MEDIUM,0.588199,NORMAL,0.651609,0.786397,13.3,75.77,HIGH
TF-2026-0000482,GUARANTEE,CUST-00316,CP-02123,CA,GB,JPY,54687.16,2025-07-08,2025-12-24,CLOSED,CHEMICALS,5,5,11,0,1,15,MEDIUM,0.610883,HIGH,0.404444,0.739569,12.09,67.66,HIGH
TF-2026-0000483,EXPORT_LC,CUST-00347,CP-00618,CA,MX,USD,2894018.07,2024-10-26,2025-02-09,SETTLED,CHEMICALS,5,6,18,1,1,3,HIGH,0.552823,NORMAL,0.383678,0.747703,16.46,67.75,HIGH
TF-2026-0000484,IMPORT_LC,CUST-00962,CP-01627,CA,US,GBP,2269866.8,2026-05-11,2026-10-18,SETTLED,INDUSTRIAL_EQUIPMENT,0,5,3,0,0,3,MEDIUM,0.554037,NORMAL,0.164309,0.20248,5.78,37.28,LOW
TF-2026-0000485,EXPORT_LC,CUST-00812,CP-00409,CA,AE,CAD,591995.55,2025-08-15,2026-01-21,SETTLED,CHEMICALS,3,9,17,0,1,4,LOW,0.479675,NORMAL,0.443733,0.747306,13.62,41.84,MEDIUM
TF-2026-0000486,IMPORT_LC,CUST-00599,CP-01040,CA,JP,CNY,1955951.32,2026-03-08,2026-06-27,SETTLED,INDUSTRIAL_EQUIPMENT,5,5,11,1,1,13,LOW,0.567354,NORMAL,0.488828,0.814344,13.49,65.25,HIGH
TF-2026-0000487,IMPORT_LC,CUST-01089,CP-00228,CA,FR,EUR,180268.91,2025-11-07,2026-02-14,CLOSED,INDUSTRIAL_EQUIPMENT,0,6,12,0,1,9,LOW,0.513871,NORMAL,0.189152,0.234637,5.36,24.75,LOW
TF-2026-0000488,GUARANTEE,CUST-00818,CP-00939,CA,IN,EUR,1359768.38,2025-01-05,2025-06-15,SETTLED,CHEMICALS,3,4,11,0,1,9,LOW,0.505296,NORMAL,0.394854,0.654634,11.38,43.27,MEDIUM
TF-2026-0000489,IMPORT_LC,CUST-00755,CP-00355,CA,DE,EUR,704819.11,2025-05-31,2025-09-09,CLOSED,CHEMICALS,0,4,3,0,0,0,HIGH,0.559219,NORMAL,0.281809,0.163869,5.23,45.21,MEDIUM
TF-2026-0000490,GUARANTEE,CUST-00346,CP-01781,CA,IN,CNY,611211.14,2026-03-03,2026-05-13,CLOSED,ELECTRONICS,3,4,9,1,0,7,MEDIUM,0.475344,NORMAL,0.407614,0.576158,11.51,38.98,LOW
TF-2026-0000491,COLLECTION,CUST-01090,CP-02321,CA,GB,JPY,405888.92,2024-10-19,2024-12-28,ACTIVE,TEXTILES,3,6,15,0,1,1,HIGH,0.489223,NORMAL,0.394537,0.604976,11.38,47.42,MEDIUM
TF-2026-0000492,COLLECTION,CUST-01116,CP-01722,CA,IN,USD,119925.26,2025-08-17,2025-10-27,CLOSED,AUTO_PARTS,5,7,16,1,1,10,HIGH,0.522623,NORMAL,0.732606,0.778738,14.55,72.39,HIGH
TF-2026-0000493,EXPORT_LC,CUST-00094,CP-00650,CA,GB,CAD,562030.77,2026-04-11,2026-08-07,CLOSED,AGRICULTURE,2,10,11,0,1,7,MEDIUM,0.494119,NORMAL,0.327483,0.609725,10.4,41.84,MEDIUM
TF-2026-0000494,GUARANTEE,CUST-01173,CP-01835,CA,US,CAD,388452.38,2024-12-13,2025-04-06,SETTLED,AUTO_PARTS,3,6,8,0,0,8,HIGH,0.455875,NORMAL,0.415954,0.339187,9.6,34.36,LOW
TF-2026-0000495,EXPORT_LC,CUST-00964,CP-00816,CA,DE,EUR,574210.56,2026-07-05,2026-12-24,ACTIVE,AUTO_PARTS,4,9,5,0,0,2,LOW,0.505522,NORMAL,0.457747,0.550576,8.81,41.6,MEDIUM
TF-2026-0000496,GUARANTEE,CUST-00717,CP-00452,CA,BR,CNY,487610.47,2026-02-28,2026-08-16,ACTIVE,AGRICULTURE,1,9,1,0,0,13,HIGH,0.501383,NORMAL,0.176144,0.203897,5.62,29.8,LOW
TF-2026-0000497,GUARANTEE,CUST-00599,CP-03053,CA,BR,CAD,277283.68,2025-12-29,2026-03-30,CLOSED,AUTO_PARTS,2,4,2,0,0,3,LOW,0.492373,NORMAL,0.223809,0.405146,9.49,26.14,LOW
TF-2026-0000498,COLLECTION,CUST-00541,CP-00071,CA,SG,USD,682759.54,2025-02-20,2025-07-07,ACTIVE,AUTO_PARTS,0,8,12,0,1,10,MEDIUM,0.509083,NORMAL,0.282542,0.41451,9.14,37.49,LOW
TF-2026-0000499,IMPORT_LC,CUST-00017,CP-03114,CA,SG,USD,398519.36,2025-01-05,2025-04-19,CLOSED,ELECTRONICS,0,10,7,0,0,0,HIGH,0.581199,NORMAL,0.195232,0.27331,6.3,48.66,MEDIUM
TF-2026-0000500,COLLECTION,CUST-00624,CP-01563,CA,SG,JPY,86860.04,2026-06-08,2026-11-26,CLOSED,AGRICULTURE,0,3,2,0,0,4,MEDIUM,0.584236,NORMAL,0.151945,0.22644,5.55,40.94,MEDIUM
TF-2026-0000501,COLLECTION,CUST-00730,CP-02166,CA,CN,JPY,546416.14,2024-08-19,2025-02-13,ACTIVE,TEXTILES,2,10,14,0,1,8,LOW,0.495855,NORMAL,0.310088,0.594147,11.39,36.16,LOW
TF-2026-0000502,IMPORT_LC,CUST-00457,CP-02221,CA,DE,EUR,58622.89,2025-01-26,2025-07-24,ACTIVE,AUTO_PARTS,1,6,7,0,0,5,LOW,0.546341,NORMAL,0.273921,0.154053,6.75,32.41,LOW
TF-2026-0000503,EXPORT_LC,CUST-00221,CP-00077,CA,MX,JPY,183693.7,2025-10-08,2026-03-18,CLOSED,AUTO_PARTS,3,9,12,1,1,9,MEDIUM,0.487339,NORMAL,0.536585,0.667467,11.27,48.44,MEDIUM
TF-2026-0000504,GUARANTEE,CUST-00386,CP-00154,CA,BR,USD,204379.68,2025-10-07,2025-12-26,ACTIVE,TEXTILES,1,8,3,0,0,10,MEDIUM,0.490917,NORMAL,0.176442,0.182615,4.37,21.55,LOW
TF-2026-0000505,EXPORT_LC,CUST-00479,CP-00039,CA,DE,JPY,120456.28,2026-03-26,2026-06-26,ACTIVE,CHEMICALS,0,6,7,1,0,12,LOW,0.53807,NORMAL,0.453143,0.186277,6.49,37.2,LOW
TF-2026-0000506,COLLECTION,CUST-00712,CP-03076,CA,IN,USD,73418.17,2025-09-24,2026-03-23,ACTIVE,ELECTRONICS,2,8,10,1,0,11,MEDIUM,0.52787,NORMAL,0.325547,0.345019,10.09,41.44,MEDIUM
TF-2026-0000507,GUARANTEE,CUST-00939,CP-00279,CA,BR,USD,400900.86,2024-12-25,2025-04-16,CLOSED,AGRICULTURE,5,5,12,1,1,10,LOW,0.499636,NORMAL,0.53048,0.854262,13.55,52.77,MEDIUM
TF-2026-0000508,EXPORT_LC,CUST-00541,CP-00205,CA,IN,JPY,254968.31,2025-07-13,2025-11-30,SETTLED,ELECTRONICS,3,5,19,0,1,12,MEDIUM,0.486699,NORMAL,0.454306,0.672494,14.3,46.0,MEDIUM
TF-2026-0000509,COLLECTION,CUST-00808,CP-03106,CA,IN,JPY,261056.67,2025-02-12,2025-06-25,SETTLED,INDUSTRIAL_EQUIPMENT,5,5,18,0,1,8,MEDIUM,0.498315,NORMAL,0.541443,0.760419,14.14,54.54,MEDIUM
TF-2026-0000510,COLLECTION,CUST-01052,CP-00172,CA,IN,CNY,724804.85,2025-12-14,2026-04-11,ACTIVE,INDUSTRIAL_EQUIPMENT,4,3,11,0,1,6,MEDIUM,0.518016,NORMAL,0.54514,0.693582,13.81,57.63,MEDIUM
TF-2026-0000511,GUARANTEE,CUST-00213,CP-02408,CA,CN,USD,883117.63,2024-11-16,2025-02-06,ACTIVE,ELECTRONICS,4,8,12,1,1,13,MEDIUM,0.502724,NORMAL,0.60284,0.633471,13.46,53.0,MEDIUM
TF-2026-0000512,GUARANTEE,CUST-00307,CP-00592,CA,FR,EUR,308851.83,2026-04-19,2026-08-05,CLOSED,ELECTRONICS,5,7,6,0,0,15,HIGH,0.537678,NORMAL,0.522852,0.493489,10.24,59.94,MEDIUM
TF-2026-0000513,IMPORT_LC,CUST-00625,CP-02058,CA,CN,EUR,440619.0,2025-02-27,2025-07-15,SETTLED,AUTO_PARTS,0,7,1,1,0,14,HIGH,0.522923,NORMAL,0.445643,0.183933,6.34,43.04,MEDIUM
TF-2026-0000514,COLLECTION,CUST-00875,CP-02600,CA,IN,USD,572391.25,2024-10-08,2025-02-05,SETTLED,AGRICULTURE,2,5,11,0,1,7,MEDIUM,0.466403,NORMAL,0.313169,0.600984,11.03,35.86,LOW
TF-2026-0000515,COLLECTION,CUST-00716,CP-02224,CA,AE,CAD,86512.06,2026-05-19,2026-08-01,SETTLED,INDUSTRIAL_EQUIPMENT,5,8,6,1,0,14,MEDIUM,0.572727,NORMAL,0.652297,0.598523,10.71,68.11,HIGH
TF-2026-0000516,EXPORT_LC,CUST-00949,CP-02738,CA,CN,JPY,607569.08,2026-03-08,2026-05-12,ACTIVE,CHEMICALS,5,7,10,0,0,13,HIGH,0.504068,NORMAL,0.396674,0.715261,13.34,55.16,MEDIUM
TF-2026-0000517,EXPORT_LC,CUST-00220,CP-00914,CA,GB,CAD,703748.37,2024-10-11,2025-01-01,ACTIVE,ELECTRONICS,2,6,9,0,0,15,LOW,0.523731,NORMAL,0.231884,0.399616,9.86,34.45,LOW
TF-2026-0000518,COLLECTION,CUST-01113,CP-01709,CA,DE,CAD,441752.87,2025-02-10,2025-06-21,SETTLED,TEXTILES,0,4,4,0,0,6,HIGH,0.51232,NORMAL,0.230041,0.18254,5.95,33.71,LOW
TF-2026-0000519,COLLECTION,CUST-00364,CP-02335,CA,BR,CNY,1964301.4,2025-03-16,2025-07-03,CLOSED,AUTO_PARTS,4,10,13,1,1,5,HIGH,0.55108,NORMAL,0.686472,0.765708,13.39,77.14,HIGH
TF-2026-0000520,COLLECTION,CUST-00297,CP-00734,CA,IN,USD,633418.07,2026-05-28,2026-09-01,ACTIVE,AUTO_PARTS,4,7,16,0,1,15,MEDIUM,0.524037,NORMAL,0.523064,0.70702,13.7,59.03,MEDIUM
TF-2026-0000521,GUARANTEE,CUST-01179,CP-02829,CA,SG,CNY,186073.08,2025-02-19,2025-06-13,SETTLED,CHEMICALS,1,4,8,0,0,7,HIGH,0.501864,NORMAL,0.180186,0.388262,8.43,36.5,LOW
TF-2026-0000522,EXPORT_LC,CUST-00331,CP-02209,CA,MX,CAD,177293.17,2025-09-02,2026-02-12,SETTLED,ELECTRONICS,0,8,6,0,0,3,HIGH,0.53317,NORMAL,0.166823,0.228821,6.32,38.97,LOW
TF-2026-0000523,IMPORT_LC,CUST-00123,CP-01848,CA,FR,GBP,492773.13,2025-07-01,2025-12-20,ACTIVE,TEXTILES,3,6,13,0,1,4,LOW,0.466984,NORMAL,0.421472,0.652898,12.28,35.99,LOW
TF-2026-0000524,IMPORT_LC,CUST-01111,CP-03324,CA,CN,USD,152175.66,2025-06-26,2025-08-25,ACTIVE,INDUSTRIAL_EQUIPMENT,3,7,9,0,0,12,LOW,0.494895,NORMAL,0.316083,0.454186,10.55,31.21,LOW
TF-2026-0000525,GUARANTEE,CUST-00383,CP-01889,CA,IN,GBP,686301.7,2024-12-06,2025-04-28,ACTIVE,INDUSTRIAL_EQUIPMENT,2,3,2,0,0,3,MEDIUM,0.526487,NORMAL,0.25734,0.309979,5.96,37.83,LOW
TF-2026-0000526,IMPORT_LC,CUST-00546,CP-01014,CA,FR,GBP,666349.1,2026-05-28,2026-10-23,CLOSED,INDUSTRIAL_EQUIPMENT,3,4,16,0,1,4,LOW,0.482154,NORMAL,0.331787,0.651443,12.9,35.57,LOW
TF-2026-0000527,EXPORT_LC,CUST-00035,CP-02934,CA,BR,CNY,792121.25,2026-03-11,2026-05-27,ACTIVE,AGRICULTURE,3,9,11,0,1,13,HIGH,0.50132,NORMAL,0.419069,0.558243,11.91,49.47,MEDIUM
TF-2026-0000528,EXPORT_LC,CUST-01187,CP-02490,CA,BR,USD,339203.78,2026-07-20,2026-09-26,SETTLED,CHEMICALS,4,9,7,0,0,11,LOW,0.497139,NORMAL,0.499681,0.733639,13.69,47.02,MEDIUM
TF-2026-0000529,GUARANTEE,CUST-01170,CP-01165,CA,GB,JPY,108101.72,2025-06-23,2025-12-20,CLOSED,AUTO_PARTS,2,4,7,0,0,1,LOW,0.539592,NORMAL,0.332458,0.29432,8.49,37.74,LOW
TF-2026-0000530,COLLECTION,CUST-00600,CP-03181,CA,FR,EUR,480520.68,2024-12-22,2025-06-03,CLOSED,CHEMICALS,0,5,8,0,0,7,MEDIUM,0.505934,NORMAL,0.119499,0.269434,5.41,26.71,LOW
TF-2026-0000531,COLLECTION,CUST-00081,CP-01625,CA,GB,CAD,170999.96,2025-06-29,2025-12-04,ACTIVE,ELECTRONICS,0,5,6,0,0,6,LOW,0.528538,NORMAL,0.221239,0.196998,6.66,28.33,LOW
TF-2026-0000532,EXPORT_LC,CUST-00971,CP-01073,CA,DE,USD,521517.2,2026-04-26,2026-10-03,SETTLED,AGRICULTURE,0,5,14,0,1,13,HIGH,0.518169,NORMAL,0.135759,0.429424,9.28,41.14,MEDIUM
TF-2026-0000533,GUARANTEE,CUST-00417,CP-00071,CA,SG,EUR,353404.27,2025-08-11,2025-12-04,SETTLED,CHEMICALS,4,6,18,0,1,10,HIGH,0.477585,NORMAL,0.424705,0.75658,15.08,51.25,MEDIUM
TF-2026-0000534,IMPORT_LC,CUST-00064,CP-00463,CA,SG,CNY,972169.91,2024-11-04,2025-02-10,SETTLED,AGRICULTURE,0,3,1,0,0,12,HIGH,0.564316,NORMAL,0.112617,0.203168,3.53,42.15,MEDIUM
TF-2026-0000535,COLLECTION,CUST-00767,CP-00676,CA,JP,USD,1581495.68,2025-10-08,2025-12-24,SETTLED,AGRICULTURE,0,8,11,0,1,14,LOW,0.558019,NORMAL,0.14495,0.279366,5.84,35.01,LOW
TF-2026-0000536,COLLECTION,CUST-00061,CP-01060,CA,US,EUR,269051.17,2025-03-20,2025-06-09,SETTLED,INDUSTRIAL_EQUIPMENT,2,6,7,0,0,4,HIGH,0.473474,NORMAL,0.38114,0.327745,8.38,34.21,LOW
TF-2026-0000537,GUARANTEE,CUST-00713,CP-00894,CA,JP,CNY,906080.78,2026-04-30,2026-07-29,SETTLED,AUTO_PARTS,1,4,9,0,0,8,MEDIUM,0.497484,NORMAL,0.141904,0.322405,8.09,26.98,LOW
TF-2026-0000538,EXPORT_LC,CUST-00710,CP-02277,CA,JP,EUR,777290.75,2025-09-18,2025-12-08,SETTLED,AUTO_PARTS,1,5,7,0,0,1,HIGH,0.508594,NORMAL,0.183334,0.22963,6.76,32.91,LOW
TF-2026-0000539,COLLECTION,CUST-00755,CP-02519,CA,MX,CAD,401154.6,2026-05-18,2026-08-25,SETTLED,AGRICULTURE,4,3,9,1,0,8,HIGH,0.512039,NORMAL,0.515821,0.452632,10.66,51.64,MEDIUM
TF-2026-0000540,COLLECTION,CUST-01084,CP-02998,CA,BR,EUR,396935.47,2025-10-14,2026-03-31,SETTLED,TEXTILES,5,10,18,1,1,15,HIGH,0.579303,NORMAL,0.550729,0.719143,13.24,74.83,HIGH
TF-2026-0000541,IMPORT_LC,CUST-00141,CP-02820,CA,SG,JPY,118361.88,2026-01-19,2026-07-01,ACTIVE,TEXTILES,1,9,12,0,1,13,HIGH,0.533171,NORMAL,0.277633,0.308796,7.49,45.1,MEDIUM
TF-2026-0000542,EXPORT_LC,CUST-00251,CP-01824,CA,GB,CNY,263089.57,2024-09-03,2025-02-13,SETTLED,TEXTILES,1,8,6,0,0,6,MEDIUM,0.477538,NORMAL,0.234248,0.275794,7.76,23.7,LOW
TF-2026-0000543,IMPORT_LC,CUST-00982,CP-01814,CA,AE,GBP,3006401.05,2025-07-21,2025-12-03,ACTIVE,TEXTILES,4,4,15,0,1,0,LOW,0.582699,NORMAL,0.521547,0.742954,14.17,65.02,HIGH
TF-2026-0000544,IMPORT_LC,CUST-00076,CP-00460,CA,DE,GBP,504007.32,2026-06-24,2026-12-07,ACTIVE,AUTO_PARTS,1,3,8,0,0,8,MEDIUM,0.516307,NORMAL,0.296982,0.236574,8.77,33.81,LOW
TF-2026-0000545,GUARANTEE,CUST-00589,CP-00698,CA,AE,JPY,265355.77,2024-10-15,2025-03-16,CLOSED,CHEMICALS,4,7,6,0,0,9,HIGH,0.471226,NORMAL,0.507204,0.549142,9.84,45.37,MEDIUM
TF-2026-0000546,EXPORT_LC,CUST-01062,CP-03039,CA,IN,JPY,140206.75,2026-04-21,2026-08-26,SETTLED,TEXTILES,3,4,5,0,0,1,MEDIUM,0.524524,NORMAL,0.356251,0.504203,9.8,47.04,MEDIUM
TF-2026-0000547,GUARANTEE,CUST-00538,CP-01347,CA,MX,USD,5637514.01,2026-05-03,2026-07-15,CLOSED,INDUSTRIAL_EQUIPMENT,3,10,11,0,1,10,HIGH,0.601495,HIGH,0.32363,0.680687,11.08,67.89,HIGH
TF-2026-0000548,EXPORT_LC,CUST-01007,CP-03418,CA,FR,JPY,4018652.78,2025-02-07,2025-06-06,SETTLED,TEXTILES,5,5,12,0,1,14,LOW,0.609086,HIGH,0.349777,0.789896,12.78,62.68,MEDIUM
TF-2026-0000549,IMPORT_LC,CUST-00642,CP-03050,CA,US,CNY,474844.23,2025-03-14,2025-07-02,CLOSED,INDUSTRIAL_EQUIPMENT,3,3,12,1,1,8,HIGH,0.503074,NORMAL,0.382723,0.676601,11.09,53.05,MEDIUM
TF-2026-0000550,EXPORT_LC,CUST-01175,CP-01943,CA,US,GBP,309236.73,2025-10-02,2026-03-16,SETTLED,TEXTILES,0,3,1,0,0,9,HIGH,0.548884,NORMAL,0.189617,0.205308,4.06,42.17,MEDIUM
TF-2026-0000551,IMPORT_LC,CUST-00278,CP-01227,CA,AE,CAD,720201.28,2026-01-07,2026-03-18,SETTLED,ELECTRONICS,2,10,11,1,1,2,HIGH,0.518337,NORMAL,0.554827,0.502538,9.64,56.32,MEDIUM
TF-2026-0000552,COLLECTION,CUST-00186,CP-01503,CA,JP,USD,1969334.3,2024-11-02,2025-01-31,SETTLED,TEXTILES,0,8,13,0,1,11,HIGH,0.547927,NORMAL,0.127721,0.378456,8.61,46.19,MEDIUM
TF-2026-0000553,IMPORT_LC,CUST-00275,CP-03434,CA,CN,USD,1795813.55,2025-03-10,2025-06-26,CLOSED,CHEMICALS,3,3,14,0,1,12,MEDIUM,0.554692,NORMAL,0.238205,0.505238,10.91,50.19,MEDIUM
TF-2026-0000554,GUARANTEE,CUST-00526,CP-00282,CA,BR,CAD,632148.19,2024-08-21,2025-01-09,SETTLED,ELECTRONICS,4,10,9,0,0,5,HIGH,0.513453,NORMAL,0.404122,0.581799,11.93,53.2,MEDIUM
TF-2026-0000555,EXPORT_LC,CUST-01005,CP-00877,CA,CN,USD,193333.38,2026-08-04,2026-11-05,CLOSED,AUTO_PARTS,3,5,15,1,1,11,MEDIUM,0.488869,NORMAL,0.467694,0.747342,12.96,49.52,MEDIUM
TF-2026-0000556,IMPORT_LC,CUST-00857,CP-02029,CA,AE,CNY,75201.25,2025-06-27,2025-10-29,ACTIVE,TEXTILES,4,3,11,0,1,6,MEDIUM,0.572944,NORMAL,0.44082,0.667613,11.6,64.21,MEDIUM
TF-2026-0000557,IMPORT_LC,CUST-00486,CP-03405,CA,AE,USD,832489.97,2025-09-10,2026-02-20,SETTLED,TEXTILES,3,4,3,1,0,8,MEDIUM,0.481708,NORMAL,0.526215,0.473249,8.94,40.08,MEDIUM
TF-2026-0000558,IMPORT_LC,CUST-01039,CP-02022,CA,IN,CNY,517362.99,2026-01-14,2026-05-05,ACTIVE,AGRICULTURE,2,6,12,0,1,3,MEDIUM,0.472922,NORMAL,0.362076,0.5157,10.13,35.13,LOW
TF-2026-0000559,IMPORT_LC,CUST-00715,CP-00791,CA,BR,EUR,204090.39,2025-03-06,2025-08-27,ACTIVE,INDUSTRIAL_EQUIPMENT,1,3,9,0,0,4,LOW,0.53686,NORMAL,0.18048,0.272826,8.17,31.75,LOW
TF-2026-0000560,GUARANTEE,CUST-00136,CP-00081,CA,US,JPY,926317.48,2026-06-16,2026-09-04,ACTIVE,AGRICULTURE,5,7,13,1,1,15,LOW,0.543903,NORMAL,0.645647,0.707367,14.52,62.48,MEDIUM
TF-2026-0000561,GUARANTEE,CUST-01115,CP-01908,CA,BR,GBP,801961.78,2026-07-15,2026-10-06,ACTIVE,ELECTRONICS,1,9,16,0,1,6,LOW,0.497526,NORMAL,0.127308,0.530814,11.99,28.84,LOW
TF-2026-0000562,IMPORT_LC,CUST-00221,CP-02186,CA,GB,CNY,304932.99,2024-11-14,2025-02-01,ACTIVE,TEXTILES,3,6,10,1,0,14,MEDIUM,0.500968,NORMAL,0.631973,0.474856,10.66,47.88,MEDIUM
TF-2026-0000563,EXPORT_LC,CUST-00144,CP-02340,CA,JP,GBP,514900.4,2025-08-08,2026-01-17,SETTLED,TEXTILES,3,8,13,1,1,14,MEDIUM,0.500056,NORMAL,0.293603,0.529731,11.26,39.43,LOW
TF-2026-0000564,IMPORT_LC,CUST-00419,CP-02215,CA,US,GBP,704778.8,2025-07-19,2025-10-02,ACTIVE,INDUSTRIAL_EQUIPMENT,0,9,7,0,0,2,LOW,0.53545,NORMAL,0.167254,0.148121,7.11,26.69,LOW
TF-2026-0000565,IMPORT_LC,CUST-00932,CP-01052,CA,BR,USD,272208.08,2025-10-03,2026-01-17,ACTIVE,ELECTRONICS,1,7,6,0,0,9,MEDIUM,0.475201,NORMAL,0.204608,0.274572,7.09,22.33,LOW
TF-2026-0000566,IMPORT_LC,CUST-01195,CP-01113,CA,US,GBP,971563.35,2025-10-04,2026-02-27,ACTIVE,ELECTRONICS,1,9,15,0,1,7,HIGH,0.496038,NORMAL,0.24893,0.528628,11.55,42.07,MEDIUM
TF-2026-0000567,IMPORT_LC,CUST-00275,CP-01108,CA,IN,JPY,1109589.49,2025-08-24,2025-11-06,CLOSED,AGRICULTURE,2,4,8,1,0,0,MEDIUM,0.542649,NORMAL,0.566055,0.34467,8.9,52.13,MEDIUM
TF-2026-0000568,COLLECTION,CUST-00523,CP-01962,CA,BR,JPY,151637.76,2025-01-20,2025-05-08,SETTLED,INDUSTRIAL_EQUIPMENT,5,9,15,1,1,9,MEDIUM,0.530376,NORMAL,0.702629,0.810979,14.89,69.74,HIGH
TF-2026-0000569,IMPORT_LC,CUST-01005,CP-01195,CA,US,GBP,906791.38,2024-11-16,2025-05-14,CLOSED,ELECTRONICS,2,3,14,0,1,10,MEDIUM,0.527601,NORMAL,0.261317,0.422623,9.56,42.15,MEDIUM
TF-2026-0000570,GUARANTEE,CUST-01045,CP-01791,CA,JP,JPY,69056.87,2025-11-09,2026-03-01,CLOSED,AGRICULTURE,1,4,10,0,0,14,LOW,0.569244,NORMAL,0.179333,0.220847,8.06,35.43,LOW
TF-2026-0000571,EXPORT_LC,CUST-00409,CP-03046,CA,SG,CAD,1629184.64,2025-03-27,2025-05-28,ACTIVE,INDUSTRIAL_EQUIPMENT,2,8,12,1,1,7,HIGH,0.498852,NORMAL,0.536979,0.644571,10.59,55.46,MEDIUM
TF-2026-0000572,IMPORT_LC,CUST-00517,CP-00488,CA,IN,CNY,190550.72,2025-06-23,2025-09-16,SETTLED,CHEMICALS,1,6,8,1,0,15,MEDIUM,0.532632,NORMAL,0.49206,0.278019,6.48,45.29,MEDIUM
TF-2026-0000573,IMPORT_LC,CUST-01122,CP-01742,CA,DE,JPY,1324946.62,2025-04-08,2025-09-07,ACTIVE,ELECTRONICS,4,7,11,1,1,1,LOW,0.525148,NORMAL,0.450499,0.753796,11.76,53.77,MEDIUM
TF-2026-0000574,GUARANTEE,CUST-00308,CP-00075,CA,JP,CNY,1552004.08,2026-01-31,2026-07-07,SETTLED,ELECTRONICS,0,4,4,0,0,10,HIGH,0.539504,NORMAL,0.095602,0.133117,4.85,34.97,LOW
TF-2026-0000575,GUARANTEE,CUST-00581,CP-02384,CA,MX,GBP,222898.04,2024-08-22,2025-01-21,CLOSED,INDUSTRIAL_EQUIPMENT,1,3,12,0,1,1,LOW,0.555702,NORMAL,0.22698,0.352768,8.46,39.67,LOW
TF-2026-0000576,EXPORT_LC,CUST-01052,CP-01830,CA,MX,CAD,1290097.58,2024-12-10,2025-03-24,CLOSED,TEXTILES,1,9,11,1,1,5,MEDIUM,0.507262,NORMAL,0.492424,0.481043,9.16,45.64,MEDIUM
TF-2026-0000577,COLLECTION,CUST-00036,CP-00035,CA,FR,JPY,62594.22,2025-10-15,2026-03-04,ACTIVE,ELECTRONICS,1,8,10,0,0,5,MEDIUM,0.537505,NORMAL,0.10726,0.238561,8.77,33.49,LOW
TF-2026-0000578,EXPORT_LC,CUST-00114,CP-01084,CA,US,USD,371617.1,2025-06-02,2025-08-12,SETTLED,INDUSTRIAL_EQUIPMENT,4,6,14,0,1,7,HIGH,0.470529,NORMAL,0.412314,0.729881,12.55,48.77,MEDIUM
TF-2026-0000579,IMPORT_LC,CUST-00542,CP-02181,CA,AE,CNY,372174.65,2025-07-25,2025-10-15,CLOSED,ELECTRONICS,2,7,9,0,0,14,HIGH,0.49425,NORMAL,0.231724,0.361061,9.93,35.3,LOW
TF-2026-0000580,IMPORT_LC,CUST-00750,CP-02045,CA,US,EUR,47900.14,2024-11-10,2025-01-19,SETTLED,CHEMICALS,1,8,9,0,0,4,HIGH,0.557649,NORMAL,0.241734,0.203302,7.78,45.18,MEDIUM
TF-2026-0000581,COLLECTION,CUST-00857,CP-02882,CA,JP,CAD,1072620.33,2025-07-12,2025-12-28,CLOSED,AGRICULTURE,4,10,16,0,1,13,MEDIUM,0.538101,NORMAL,0.362565,0.854109,15.51,62.87,MEDIUM
TF-2026-0000582,GUARANTEE,CUST-01026,CP-02317,CA,GB,EUR,165696.36,2025-04-05,2025-07-27,CLOSED,AUTO_PARTS,1,7,5,1,0,6,LOW,0.487678,NORMAL,0.499344,0.150601,6.6,24.33,LOW
TF-2026-0000583,EXPORT_LC,CUST-00731,CP-01052,CA,BR,EUR,246522.64,2025-01-01,2025-06-09,SETTLED,ELECTRONICS,5,4,14,0,1,9,LOW,0.515518,NORMAL,0.572002,0.806798,13.32,56.79,MEDIUM
TF-2026-0000584,EXPORT_LC,CUST-00629,CP-00924,CA,IN,JPY,2007017.46,2025-09-01,2026-01-05,CLOSED,AGRICULTURE,4,5,11,0,1,0,LOW,0.564004,NORMAL,0.355161,0.6546,11.32,55.2,MEDIUM
TF-2026-0000585,IMPORT_LC,CUST-00207,CP-00180,CA,IN,CNY,331411.2,2026-02-07,2026-07-07,ACTIVE,CHEMICALS,2,4,10,0,0,14,HIGH,0.511724,NORMAL,0.189142,0.278093,9.86,35.64,LOW
TF-2026-0000586,COLLECTION,CUST-00109,CP-00240,CA,MX,JPY,117486.67,2026-01-17,2026-03-22,SETTLED,INDUSTRIAL_EQUIPMENT,4,3,10,1,0,5,HIGH,0.549763,NORMAL,0.5803,0.40132,11.37,60.94,MEDIUM
TF-2026-0000587,IMPORT_LC,CUST-00956,CP-03121,CA,IN,CNY,490598.26,2024-10-14,2025-03-10,SETTLED,AUTO_PARTS,0,9,8,0,0,6,LOW,0.509851,NORMAL,0.220018,0.09387,7.02,19.62,LOW
TF-2026-0000588,IMPORT_LC,CUST-00422,CP-01793,CA,BR,CNY,153259.09,2025-08-29,2026-01-07,ACTIVE,TEXTILES,0,3,5,0,0,1,MEDIUM,0.57841,NORMAL,0.136879,0.230283,5.57,40.24,MEDIUM
TF-2026-0000589,IMPORT_LC,CUST-00465,CP-01917,CA,MX,USD,71510.85,2026-04-20,2026-07-21,SETTLED,CHEMICALS,1,6,4,0,0,12,MEDIUM,0.543864,NORMAL,0.347292,0.164157,5.44,39.5,LOW
TF-2026-0000590,IMPORT_LC,CUST-00015,CP-00746,CA,US,CNY,573579.83,2025-10-23,2026-04-11,SETTLED,TEXTILES,4,8,5,0,0,8,HIGH,0.467084,NORMAL,0.398947,0.456657,8.59,38.45,LOW
TF-2026-0000591,COLLECTION,CUST-01199,CP-00156,CA,CN,JPY,965261.98,2025-07-15,2025-12-09,SETTLED,AUTO_PARTS,2,10,9,1,0,12,HIGH,0.520065,NORMAL,0.259905,0.354576,8.42,42.7,MEDIUM
TF-2026-0000592,GUARANTEE,CUST-00298,CP-01591,CA,SG,CNY,198821.3,2026-05-30,2026-09-03,ACTIVE,ELECTRONICS,4,7,18,0,1,7,LOW,0.48118,NORMAL,0.460614,0.795933,13.48,44.3,MEDIUM
TF-2026-0000593,EXPORT_LC,CUST-00049,CP-00042,CA,SG,CAD,1146254.86,2025-10-08,2026-02-05,SETTLED,AUTO_PARTS,2,6,11,0,1,11,MEDIUM,0.489871,NORMAL,0.266646,0.576747,9.82,37.76,LOW
TF-2026-0000594,GUARANTEE,CUST-01127,CP-00372,CA,GB,USD,1593044.9,2026-05-09,2026-08-17,ACTIVE,CHEMICALS,3,9,12,0,1,4,HIGH,0.509014,NORMAL,0.469529,0.630594,10.65,55.64,MEDIUM
TF-2026-0000595,EXPORT_LC,CUST-00480,CP-02426,CA,CN,CAD,1144743.33,2025-07-27,2025-12-31,ACTIVE,AUTO_PARTS,2,8,9,0,0,1,LOW,0.511603,NORMAL,0.191842,0.316315,8.94,27.03,LOW
TF-2026-0000596,COLLECTION,CUST-00948,CP-01920,CA,GB,CAD,116986.94,2026-03-21,2026-08-31,SETTLED,AGRICULTURE,4,10,16,1,1,4,LOW,0.551349,NORMAL,0.662793,0.734788,14.28,65.41,HIGH
TF-2026-0000597,COLLECTION,CUST-00608,CP-03365,CA,US,EUR,1520969.75,2026-05-30,2026-09-09,ACTIVE,AGRICULTURE,5,10,12,1,1,7,MEDIUM,0.556773,NORMAL,0.688761,0.693531,12.58,70.61,HIGH
TF-2026-0000598,EXPORT_LC,CUST-00022,CP-01825,CA,IN,USD,4118201.18,2024-10-13,2025-01-07,CLOSED,AGRICULTURE,3,4,8,0,0,14,MEDIUM,0.590404,HIGH,0.360732,0.471139,10.4,56.14,MEDIUM
TF-2026-0000599,EXPORT_LC,CUST-00447,CP-02167,CA,GB,JPY,5061582.64,2025-05-28,2025-11-21,CLOSED,TEXTILES,0,9,11,0,1,8,LOW,0.594615,HIGH,0.194658,0.445314,8.98,45.5,MEDIUM
TF-2026-0000600,EXPORT_LC,CUST-00972,CP-00820,CA,SG,EUR,376629.68,2024-12-29,2025-06-06,SETTLED,INDUSTRIAL_EQUIPMENT,4,10,9,0,0,13,MEDIUM,0.528012,NORMAL,0.400825,0.556273,12.4,51.15,MEDIUM
TF-2026-0000601,COLLECTION,CUST-00158,CP-02404,CA,AE,JPY,1046484.34,2024-08-21,2025-02-04,CLOSED,ELECTRONICS,2,5,12,0,1,0,MEDIUM,0.532071,NORMAL,0.362532,0.558911,9.39,51.14,MEDIUM
TF-2026-0000602,COLLECTION,CUST-00212,CP-00436,CA,JP,JPY,754874.26,2026-05-28,2026-08-03,ACTIVE,AGRICULTURE,0,10,3,0,0,15,HIGH,0.58469,NORMAL,0.194186,0.136146,4.78,44.1,MEDIUM
TF-2026-0000603,EXPORT_LC,CUST-00213,CP-03423,CA,JP,USD,971534.65,2025-06-03,2025-08-03,CLOSED,INDUSTRIAL_EQUIPMENT,0,5,6,0,0,8,MEDIUM,0.514787,NORMAL,0.137664,0.257794,6.82,29.29,LOW
TF-2026-0000604,IMPORT_LC,CUST-00147,CP-01846,CA,SG,EUR,284341.28,2025-04-24,2025-09-05,SETTLED,ELECTRONICS,5,3,1,0,0,10,MEDIUM,0.547693,NORMAL,0.49496,0.517716,8.32,57.04,MEDIUM
TF-2026-0000605,EXPORT_LC,CUST-00232,CP-03311,CA,IN,GBP,189238.95,2025-05-18,2025-07-21,CLOSED,AUTO_PARTS,3,6,11,1,1,7,MEDIUM,0.471978,NORMAL,0.621747,0.69994,11.34,49.21,MEDIUM
TF-2026-0000606,EXPORT_LC,CUST-00461,CP-00522,CA,AE,CAD,430860.49,2025-04-26,2025-08-08,ACTIVE,AUTO_PARTS,1,4,8,0,0,4,MEDIUM,0.489364,NORMAL,0.279946,0.223211,8.0,25.66,LOW
TF-2026-0000607,COLLECTION,CUST-00679,CP-03376,CA,BR,CNY,400230.66,2026-02-18,2026-07-08,CLOSED,TEXTILES,2,8,15,0,1,6,HIGH,0.467705,NORMAL,0.306835,0.504833,12.12,37.45,LOW
TF-2026-0000608,GUARANTEE,CUST-00846,CP-03468,CA,BR,CNY,119409.71,2026-07-21,2026-12-04,ACTIVE,INDUSTRIAL_EQUIPMENT,5,4,13,0,1,11,MEDIUM,0.5483,NORMAL,0.480864,0.825199,14.1,67.49,HIGH
TF-2026-0000609,IMPORT_LC,CUST-00573,CP-01062,CA,JP,USD,506423.93,2025-02-03,2025-04-25,ACTIVE,ELECTRONICS,1,5,6,0,0,11,HIGH,0.483133,NORMAL,0.148072,0.251567,6.91,26.28,LOW
TF-2026-0000610,EXPORT_LC,CUST-00692,CP-01162,CA,MX,CAD,2380761.75,2025-09-10,2026-02-20,CLOSED,TEXTILES,1,9,10,0,0,0,LOW,0.581384,NORMAL,0.229473,0.251882,9.21,38.97,LOW
TF-2026-0000611,EXPORT_LC,CUST-00015,CP-03326,CA,SG,EUR,253809.4,2025-02-08,2025-07-14,SETTLED,TEXTILES,2,4,12,0,1,13,HIGH,0.501582,NORMAL,0.33463,0.637558,10.79,49.79,MEDIUM
TF-2026-0000612,EXPORT_LC,CUST-00155,CP-01971,CA,US,USD,255860.64,2025-04-29,2025-10-05,CLOSED,AGRICULTURE,0,3,11,0,1,14,LOW,0.579155,NORMAL,0.187439,0.477993,8.69,45.47,MEDIUM
TF-2026-0000613,EXPORT_LC,CUST-00371,CP-01621,CA,JP,GBP,164280.12,2025-05-12,2025-09-09,SETTLED,AGRICULTURE,2,6,9,0,0,2,MEDIUM,0.500218,NORMAL,0.264846,0.391379,9.0,33.79,LOW
TF-2026-0000614,COLLECTION,CUST-00247,CP-01838,CA,FR,JPY,40790.08,2025-12-21,2026-02-26,SETTLED,ELECTRONICS,2,8,7,0,0,4,MEDIUM,0.556736,NORMAL,0.299202,0.280429,7.84,44.45,MEDIUM
TF-2026-0000615,GUARANTEE,CUST-00430,CP-02949,CA,CN,EUR,59948.3,2026-03-23,2026-08-11,SETTLED,ELECTRONICS,1,3,4,0,0,14,MEDIUM,0.60096,HIGH,0.229004,0.224455,6.5,44.06,MEDIUM
TF-2026-0000616,EXPORT_LC,CUST-00192,CP-02056,CA,DE,CNY,32227.39,2025-01-31,2025-07-11,CLOSED,INDUSTRIAL_EQUIPMENT,5,8,14,0,1,14,HIGH,0.618988,HIGH,0.509611,0.734525,13.36,75.79,HIGH
TF-2026-0000617,EXPORT_LC,CUST-00349,CP-02413,CA,US,CAD,2056271.3,2024-12-17,2025-04-11,SETTLED,AGRICULTURE,2,3,12,0,1,3,LOW,0.561916,NORMAL,0.143008,0.581522,10.14,46.05,MEDIUM
TF-2026-0000618,EXPORT_LC,CUST-00657,CP-02866,CA,JP,GBP,914832.12,2025-05-22,2025-09-09,SETTLED,CHEMICALS,1,3,12,0,1,1,MEDIUM,0.556304,NORMAL,0.247112,0.450928,9.88,48.79,MEDIUM
TF-2026-0000619,GUARANTEE,CUST-00165,CP-03219,CA,AE,USD,285368.73,2024-12-21,2025-05-31,CLOSED,AUTO_PARTS,1,8,10,0,0,6,HIGH,0.477966,NORMAL,0.344723,0.214676,9.53,29.95,LOW
TF-2026-0000620,IMPORT_LC,CUST-00186,CP-03487,CA,US,EUR,890456.31,2026-02-20,2026-07-06,ACTIVE,INDUSTRIAL_EQUIPMENT,0,7,7,0,0,5,HIGH,0.510012,NORMAL,0.224482,0.171836,7.33,32.54,LOW
TF-2026-0000621,GUARANTEE,CUST-00108,CP-02379,CA,FR,GBP,379248.78,2025-08-08,2026-01-12,CLOSED,INDUSTRIAL_EQUIPMENT,2,3,12,1,1,7,MEDIUM,0.508151,NORMAL,0.513563,0.517282,10.29,47.72,MEDIUM
TF-2026-0000622,EXPORT_LC,CUST-00329,CP-01221,CA,IN,CAD,810124.08,2025-04-25,2025-06-28,CLOSED,AGRICULTURE,4,5,13,0,1,14,MEDIUM,0.519882,NORMAL,0.396239,0.796328,13.02,57.16,MEDIUM
TF-2026-0000623,GUARANTEE,CUST-00448,CP-02903,CA,GB,CAD,801751.78,2025-02-20,2025-06-16,ACTIVE,CHEMICALS,4,8,13,1,1,8,LOW,0.472631,NORMAL,0.741126,0.767102,13.5,50.24,MEDIUM
TF-2026-0000624,COLLECTION,CUST-00614,CP-00563,CA,SG,EUR,834983.06,2026-01-20,2026-05-18,ACTIVE,ELECTRONICS,2,4,12,0,1,7,MEDIUM,0.486771,NORMAL,0.329711,0.54617,9.97,37.88,LOW
TF-2026-0000625,IMPORT_LC,CUST-00865,CP-02837,CA,GB,USD,1657243.14,2026-01-11,2026-04-22,SETTLED,AGRICULTURE,4,3,16,0,1,2,LOW,0.562775,NORMAL,0.249775,0.676323,13.54,52.64,MEDIUM
TF-2026-0000626,EXPORT_LC,CUST-00354,CP-01228,CA,FR,EUR,270678.17,2024-08-28,2024-11-17,SETTLED,ELECTRONICS,2,7,2,1,0,6,HIGH,0.463309,NORMAL,0.611942,0.360409,7.09,41.18,MEDIUM
TF-2026-0000627,GUARANTEE,CUST-00601,CP-03166,CA,DE,USD,326781.82,2025-02-10,2025-07-13,SETTLED,AUTO_PARTS,3,3,10,1,0,13,MEDIUM,0.521476,NORMAL,0.712577,0.488237,10.51,56.36,MEDIUM
TF-2026-0000628,GUARANTEE,CUST-00641,CP-01974,CA,MX,EUR,168919.07,2025-11-11,2026-01-12,CLOSED,INDUSTRIAL_EQUIPMENT,1,8,12,0,1,1,MEDIUM,0.517598,NORMAL,0.155389,0.40661,9.66,35.82,LOW
TF-2026-0000629,IMPORT_LC,CUST-00602,CP-00910,CA,AE,EUR,488940.25,2025-05-03,2025-10-06,CLOSED,CHEMICALS,2,6,6,0,0,3,MEDIUM,0.471897,NORMAL,0.312491,0.362715,7.48,28.11,LOW
TF-2026-0000630,IMPORT_LC,CUST-00754,CP-02700,CA,IN,JPY,275123.61,2025-10-12,2026-02-06,ACTIVE,CHEMICALS,4,3,14,0,1,10,MEDIUM,0.529227,NORMAL,0.40921,0.724746,13.98,57.61,MEDIUM
TF-2026-0000631,GUARANTEE,CUST-00084,CP-02857,CA,BR,GBP,2331372.24,2025-05-04,2025-07-07,SETTLED,AGRICULTURE,0,7,10,0,0,4,LOW,0.55364,NORMAL,0.099797,0.197434,8.53,30.11,LOW
TF-2026-0000632,IMPORT_LC,CUST-00812,CP-01979,CA,DE,GBP,385807.01,2024-10-21,2025-01-12,ACTIVE,AUTO_PARTS,3,4,10,0,0,9,LOW,0.476155,NORMAL,0.351162,0.376809,10.04,25.5,LOW
TF-2026-0000633,COLLECTION,CUST-01041,CP-02651,CA,AE,EUR,377317.83,2025-03-11,2025-06-17,ACTIVE,AUTO_PARTS,5,3,9,0,0,4,MEDIUM,0.54213,NORMAL,0.698045,0.493789,10.43,61.22,MEDIUM
TF-2026-0000634,GUARANTEE,CUST-00045,CP-03457,CA,BR,USD,785760.09,2024-09-25,2025-03-13,CLOSED,TEXTILES,0,10,11,1,1,7,LOW,0.540915,NORMAL,0.429234,0.455096,8.91,46.52,MEDIUM
TF-2026-0000635,EXPORT_LC,CUST-01184,CP-02770,CA,IN,JPY,196627.62,2026-07-28,2026-12-07,CLOSED,TEXTILES,4,5,13,0,1,8,LOW,0.484158,NORMAL,0.365504,0.663678,10.93,37.49,LOW
TF-2026-0000636,IMPORT_LC,CUST-00938,CP-03021,CA,BR,EUR,623861.37,2026-08-06,2026-11-11,CLOSED,ELECTRONICS,4,7,8,1,0,11,MEDIUM,0.476878,NORMAL,0.646737,0.731111,13.89,51.86,MEDIUM
TF-2026-0000637,GUARANTEE,CUST-01159,CP-02501,CA,AE,EUR,535023.39,2025-06-10,2025-08-29,CLOSED,AGRICULTURE,4,10,14,0,1,11,MEDIUM,0.514527,NORMAL,0.430057,0.787042,14.24,56.5,MEDIUM
TF-2026-0000638,IMPORT_LC,CUST-00792,CP-02597,CA,GB,USD,1358031.34,2025-07-23,2025-11-27,CLOSED,TEXTILES,5,4,18,1,1,8,MEDIUM,0.528905,NORMAL,0.509889,0.791618,16.18,62.88,MEDIUM
TF-2026-0000639,GUARANTEE,CUST-00004,CP-00819,CA,AE,CAD,773579.19,2025-05-10,2025-08-04,ACTIVE,INDUSTRIAL_EQUIPMENT,4,5,10,0,0,5,LOW,0.484128,NORMAL,0.532124,0.549221,11.62,38.47,LOW
TF-2026-0000640,EXPORT_LC,CUST-01083,CP-00679,CA,AE,CNY,2638791.56,2024-12-05,2025-05-10,SETTLED,INDUSTRIAL_EQUIPMENT,2,7,11,0,1,12,LOW,0.530005,NORMAL,0.298294,0.620723,10.28,45.88,MEDIUM
TF-2026-0000641,GUARANTEE,CUST-00182,CP-00309,CA,BR,JPY,500999.7,2025-06-09,2025-08-29,ACTIVE,CHEMICALS,5,4,12,1,1,7,HIGH,0.502997,NORMAL,0.739962,0.829936,13.61,69.1,HIGH
TF-2026-0000642,IMPORT_LC,CUST-00492,CP-02560,CA,DE,USD,356442.54,2026-04-12,2026-07-16,SETTLED,AGRICULTURE,3,6,3,0,0,11,MEDIUM,0.47198,NORMAL,0.434963,0.413736,8.26,33.6,LOW
TF-2026-0000643,EXPORT_LC,CUST-00023,CP-03014,CA,IN,EUR,205147.99,2025-10-14,2026-01-10,ACTIVE,CHEMICALS,1,9,4,0,0,2,LOW,0.50755,NORMAL,0.155727,0.180673,5.64,20.09,LOW
TF-2026-0000644,EXPORT_LC,CUST-00602,CP-00993,CA,MX,CNY,53910.43,2025-07-24,2025-12-20,ACTIVE,CHEMICALS,2,3,6,0,0,13,MEDIUM,0.59488,HIGH,0.407637,0.2728,7.39,50.88,MEDIUM
TF-2026-0000645,EXPORT_LC,CUST-00820,CP-03388,CA,MX,EUR,451873.69,2024-08-24,2024-12-13,CLOSED,CHEMICALS,5,10,17,1,1,3,HIGH,0.540678,NORMAL,0.581309,0.741319,15.14,71.06,HIGH
TF-2026-0000646,EXPORT_LC,CUST-00764,CP-02382,CA,SG,CNY,559042.24,2025-09-29,2025-12-21,SETTLED,TEXTILES,1,5,8,0,0,4,MEDIUM,0.481571,NORMAL,0.197014,0.328632,8.39,25.12,LOW
TF-2026-0000647,COLLECTION,CUST-00816,CP-00298,CA,US,GBP,2887292.03,2025-05-05,2025-09-26,CLOSED,ELECTRONICS,1,6,11,0,1,0,HIGH,0.574478,NORMAL,0.215081,0.592005,9.68,59.95,MEDIUM
TF-2026-0000648,COLLECTION,CUST-01015,CP-01848,CA,FR,USD,373043.79,2024-11-25,2025-05-18,SETTLED,TEXTILES,2,5,7,1,0,4,MEDIUM,0.473987,NORMAL,0.314475,0.324204,8.92,27.19,LOW
TF-2026-0000649,EXPORT_LC,CUST-00259,CP-01649,CA,SG,CNY,296909.72,2026-08-02,2027-01-29,CLOSED,INDUSTRIAL_EQUIPMENT,5,10,16,0,1,15,LOW,0.58185,NORMAL,0.486964,0.808302,15.33,66.19,HIGH
TF-2026-0000650,COLLECTION,CUST-00659,CP-00624,CA,JP,CAD,1422626.42,2024-10-31,2025-02-17,CLOSED,AGRICULTURE,4,9,12,0,1,8,MEDIUM,0.506879,NORMAL,0.384797,0.824941,13.24,54.36,MEDIUM
TF-2026-0000651,GUARANTEE,CUST-00476,CP-00127,CA,MX,CAD,46693.19,2025-01-06,2025-07-05,CLOSED,TEXTILES,4,7,7,1,0,15,MEDIUM,0.59346,HIGH,0.719273,0.508471,10.34,68.39,HIGH
TF-2026-0000652,IMPORT_LC,CUST-00919,CP-02522,CA,SG,GBP,33586.59,2025-06-20,2025-11-23,ACTIVE,AUTO_PARTS,4,8,10,0,0,4,LOW,0.58669,NORMAL,0.557336,0.45394,11.02,56.21,MEDIUM
TF-2026-0000653,IMPORT_LC,CUST-00398,CP-01975,CA,JP,CAD,1847066.2,2024-10-05,2025-02-05,ACTIVE,AGRICULTURE,0,3,2,0,0,11,HIGH,0.582651,NORMAL,0.133903,0.156207,3.53,42.85,MEDIUM
TF-2026-0000654,IMPORT_LC,CUST-00407,CP-02113,CA,MX,USD,159196.73,2025-04-04,2025-07-08,SETTLED,CHEMICALS,2,5,10,0,0,13,HIGH,0.515397,NORMAL,0.276982,0.235654,9.36,37.92,LOW
TF-2026-0000655,EXPORT_LC,CUST-00462,CP-01292,CA,GB,EUR,849582.99,2026-06-06,2026-10-15,CLOSED,AGRICULTURE,0,4,8,0,0,10,HIGH,0.52553,NORMAL,0.276111,0.146789,7.12,37.46,LOW
TF-2026-0000656,GUARANTEE,CUST-00721,CP-01571,CA,JP,EUR,1591878.14,2026-01-27,2026-06-30,CLOSED,INDUSTRIAL_EQUIPMENT,4,3,7,1,0,15,HIGH,0.597832,HIGH,0.667407,0.528905,10.69,72.78,HIGH
TF-2026-0000657,GUARANTEE,CUST-00510,CP-02467,CA,JP,CNY,140533.22,2024-09-29,2025-02-27,ACTIVE,AGRICULTURE,3,10,14,0,1,4,LOW,0.523337,NORMAL,0.354641,0.646848,12.53,46.66,MEDIUM
TF-2026-0000658,IMPORT_LC,CUST-00429,CP-02411,CA,SG,CNY,352169.85,2025-07-17,2026-01-10,SETTLED,TEXTILES,5,3,14,1,1,10,HIGH,0.543799,NORMAL,0.444337,0.783749,14.37,69.08,HIGH
TF-2026-0000659,EXPORT_LC,CUST-00803,CP-01318,CA,GB,GBP,593660.84,2026-03-04,2026-06-15,ACTIVE,AUTO_PARTS,2,9,9,1,0,4,MEDIUM,0.482384,NORMAL,0.535639,0.370547,8.93,36.91,LOW
TF-2026-0000660,IMPORT_LC,CUST-01036,CP-02949,CA,CN,JPY,704768.22,2024-12-01,2025-02-10,ACTIVE,ELECTRONICS,5,7,11,0,1,14,LOW,0.523622,NORMAL,0.407801,0.837576,13.0,55.01,MEDIUM
TF-2026-0000661,IMPORT_LC,CUST-00703,CP-00668,CA,AE,CAD,112998.88,2025-06-30,2025-09-18,CLOSED,ELECTRONICS,4,9,25,0,1,12,HIGH,0.538146,NORMAL,0.448182,0.790723,16.21,68.24,HIGH
TF-2026-0000662,EXPORT_LC,CUST-00403,CP-00328,CA,US,CNY,835200.95,2025-05-15,2025-08-17,CLOSED,CHEMICALS,0,8,9,0,0,6,HIGH,0.511701,NORMAL,0.083678,0.147276,7.81,27.89,LOW
TF-2026-0000663,GUARANTEE,CUST-00476,CP-00056,CA,IN,JPY,718036.05,2026-03-24,2026-05-23,SETTLED,ELECTRONICS,2,3,13,0,1,8,MEDIUM,0.516091,NORMAL,0.350848,0.524744,10.8,45.43,MEDIUM
TF-2026-0000664,COLLECTION,CUST-00485,CP-00171,CA,MX,CAD,317562.14,2025-07-03,2025-12-23,CLOSED,AUTO_PARTS,2,3,13,1,1,15,LOW,0.565099,NORMAL,0.343474,0.423254,9.71,46.89,MEDIUM
TF-2026-0000665,IMPORT_LC,CUST-00444,CP-02403,CA,AE,USD,592682.61,2026-06-29,2026-12-02,SETTLED,AGRICULTURE,0,7,3,0,0,14,HIGH,0.521077,NORMAL,0.131537,0.16613,5.23,32.53,LOW
TF-2026-0000666,COLLECTION,CUST-00089,CP-00545,CA,US,GBP,101735.13,2025-04-25,2025-09-12,SETTLED,TEXTILES,2,8,15,0,1,3,LOW,0.516036,NORMAL,0.236367,0.586349,12.73,39.13,LOW
TF-2026-0000667,IMPORT_LC,CUST-00255,CP-02284,CA,GB,JPY,578162.48,2026-07-27,2026-12-31,SETTLED,AGRICULTURE,4,9,10,1,0,15,LOW,0.543684,NORMAL,0.513592,0.495403,12.04,51.03,MEDIUM
TF-2026-0000668,COLLECTION,CUST-00025,CP-00962,CA,BR,USD,128751.49,2025-06-20,2025-09-25,ACTIVE,CHEMICALS,2,9,13,1,1,4,MEDIUM,0.508718,NORMAL,0.525176,0.525803,11.27,48.57,MEDIUM
TF-2026-0000669,GUARANTEE,CUST-00408,CP-02789,CA,AE,CNY,160898.04,2026-08-08,2026-11-20,ACTIVE,TEXTILES,5,4,8,1,0,1,MEDIUM,0.553879,NORMAL,0.527751,0.509033,12.23,58.9,MEDIUM
TF-2026-0000670,IMPORT_LC,CUST-00429,CP-01005,CA,GB,EUR,252520.09,2024-12-16,2025-05-20,CLOSED,AGRICULTURE,0,9,10,0,0,2,HIGH,0.529449,NORMAL,0.190566,0.217886,6.01,38.4,LOW
TF-2026-0000671,COLLECTION,CUST-00891,CP-03046,CA,SG,USD,1266393.0,2025-10-09,2026-03-09,SETTLED,TEXTILES,3,8,9,1,0,7,LOW,0.478872,NORMAL,0.607894,0.431602,10.4,35.6,LOW
TF-2026-0000672,COLLECTION,CUST-00182,CP-02221,CA,DE,USD,796366.51,2025-11-14,2026-02-09,ACTIVE,ELECTRONICS,0,8,8,0,0,5,HIGH,0.510175,NORMAL,0.176209,0.153859,6.91,30.5,LOW
TF-2026-0000673,EXPORT_LC,CUST-01149,CP-00547,CA,US,GBP,252718.94,2025-09-17,2026-01-11,ACTIVE,CHEMICALS,3,9,7,1,0,3,HIGH,0.487444,NORMAL,0.429462,0.430849,9.18,41.98,MEDIUM
TF-2026-0000674,IMPORT_LC,CUST-00867,CP-02527,CA,SG,JPY,38930.65,2026-01-31,2026-06-03,SETTLED,AUTO_PARTS,2,7,6,1,0,9,MEDIUM,0.55557,NORMAL,0.68483,0.288787,7.64,56.15,MEDIUM
TF-2026-0000675,GUARANTEE,CUST-00260,CP-01594,CA,IN,GBP,1690471.04,2026-06-15,2026-11-13,ACTIVE,CHEMICALS,4,4,16,1,1,13,MEDIUM,0.542277,NORMAL,0.650977,0.758394,14.7,69.09,HIGH
TF-2026-0000676,COLLECTION,CUST-00921,CP-01915,CA,DE,CNY,251645.44,2025-04-21,2025-09-21,SETTLED,CHEMICALS,0,9,16,0,1,12,HIGH,0.525503,NORMAL,0.12176,0.18905,6.13,34.29,LOW
TF-2026-0000677,GUARANTEE,CUST-00348,CP-02556,CA,DE,EUR,819872.48,2025-03-15,2025-05-30,ACTIVE,CHEMICALS,0,3,2,0,0,5,LOW,0.543494,NORMAL,0.231555,0.206494,4.24,32.44,LOW
TF-2026-0000678,EXPORT_LC,CUST-00877,CP-01858,CA,JP,CAD,97274.1,2025-06-08,2025-09-07,ACTIVE,AUTO_PARTS,3,5,6,1,0,13,LOW,0.529772,NORMAL,0.354769,0.458461,8.95,41.83,MEDIUM
TF-2026-0000679,GUARANTEE,CUST-00646,CP-02438,CA,CN,JPY,616438.35,2025-04-02,2025-09-10,CLOSED,INDUSTRIAL_EQUIPMENT,1,10,8,0,0,3,LOW,0.521349,NORMAL,0.065004,0.260039,7.68,23.88,LOW
TF-2026-0000680,COLLECTION,CUST-00894,CP-01215,CA,AE,USD,345729.21,2026-01-03,2026-04-15,ACTIVE,TEXTILES,5,4,6,0,0,7,MEDIUM,0.508992,NORMAL,0.643296,0.573812,10.78,53.85,MEDIUM
TF-2026-0000681,IMPORT_LC,CUST-00374,CP-02806,CA,JP,USD,303335.08,2025-05-08,2025-11-04,SETTLED,CHEMICALS,1,6,12,0,1,13,HIGH,0.492218,NORMAL,0.197487,0.425321,9.74,36.02,LOW
TF-2026-0000682,EXPORT_LC,CUST-00264,CP-00840,CA,DE,GBP,490219.97,2025-05-08,2025-07-15,SETTLED,CHEMICALS,0,8,1,0,0,12,LOW,0.508695,NORMAL,0.182713,0.127731,4.08,19.35,LOW
TF-2026-0000683,GUARANTEE,CUST-00802,CP-00101,CA,CN,GBP,254529.11,2024-09-16,2025-01-23,CLOSED,ELECTRONICS,4,7,6,1,0,9,HIGH,0.473254,NORMAL,0.567682,0.470746,9.39,44.78,MEDIUM
TF-2026-0000684,COLLECTION,CUST-00172,CP-01574,CA,GB,GBP,1667241.4,2025-06-28,2025-10-17,CLOSED,AGRICULTURE,2,8,7,0,0,5,LOW,0.501405,NORMAL,0.198946,0.339815,8.91,25.25,LOW
TF-2026-0000685,IMPORT_LC,CUST-00108,CP-01583,CA,GB,GBP,361662.58,2025-02-22,2025-06-07,SETTLED,AGRICULTURE,4,5,12,1,1,9,MEDIUM,0.47383,NORMAL,0.475011,0.636061,13.44,42.86,MEDIUM
TF-2026-0000686,GUARANTEE,CUST-00011,CP-00589,CA,FR,JPY,178841.95,2026-01-18,2026-07-04,ACTIVE,AGRICULTURE,3,3,12,0,1,6,HIGH,0.5252,NORMAL,0.29483,0.658662,11.45,55.81,MEDIUM
TF-2026-0000687,COLLECTION,CUST-00398,CP-00187,CA,IN,CNY,200514.72,2024-11-13,2025-03-22,ACTIVE,TEXTILES,3,3,14,0,1,14,HIGH,0.550582,NORMAL,0.331559,0.606176,11.78,60.8,MEDIUM
TF-2026-0000688,EXPORT_LC,CUST-00552,CP-02737,CA,FR,GBP,1811121.7,2024-12-28,2025-06-18,CLOSED,CHEMICALS,4,10,19,0,1,14,HIGH,0.571135,NORMAL,0.339397,0.667967,12.91,66.05,HIGH
TF-2026-0000689,GUARANTEE,CUST-00651,CP-00174,CA,IN,GBP,51102.2,2025-04-24,2025-08-03,CLOSED,CHEMICALS,5,10,13,0,1,14,MEDIUM,0.627136,HIGH,0.519741,0.789823,12.78,73.13,HIGH
TF-2026-0000690,GUARANTEE,CUST-00554,CP-00603,CA,US,USD,252470.11,2024-10-15,2025-02-11,ACTIVE,ELECTRONICS,2,7,14,0,1,8,LOW,0.469532,NORMAL,0.327937,0.5216,11.41,28.78,LOW
TF-2026-0000691,COLLECTION,CUST-00943,CP-01486,CA,IN,GBP,598196.44,2024-11-26,2025-01-25,ACTIVE,TEXTILES,5,7,20,0,1,1,HIGH,0.520189,NORMAL,0.438034,0.672577,12.51,59.21,MEDIUM
TF-2026-0000692,COLLECTION,CUST-00326,CP-01003,CA,DE,GBP,787877.06,2024-10-19,2025-03-19,SETTLED,TEXTILES,0,8,6,0,0,12,HIGH,0.51609,NORMAL,0.135751,0.179276,6.04,31.88,LOW
TF-2026-0000693,IMPORT_LC,CUST-00787,CP-01651,CA,JP,CNY,971575.25,2026-02-07,2026-06-06,ACTIVE,TEXTILES,5,4,6,0,0,2,HIGH,0.520162,NORMAL,0.418334,0.597128,10.74,55.97,MEDIUM
TF-2026-0000694,COLLECTION,CUST-01124,CP-02432,CA,AE,USD,183073.27,2026-07-20,2026-11-21,CLOSED,TEXTILES,1,10,16,1,1,2,MEDIUM,0.533921,NORMAL,0.311414,0.491035,10.58,47.66,MEDIUM
TF-2026-0000695,GUARANTEE,CUST-00955,CP-01830,CA,MX,CNY,287606.58,2024-12-26,2025-06-08,ACTIVE,TEXTILES,3,9,8,0,0,5,LOW,0.478659,NORMAL,0.574119,0.434913,9.05,34.65,LOW
TF-2026-0000696,COLLECTION,CUST-00119,CP-02285,CA,AE,JPY,214072.7,2024-12-26,2025-03-22,CLOSED,TEXTILES,5,9,14,1,1,0,MEDIUM,0.580318,NORMAL,0.624462,0.79548,14.12,74.78,HIGH
TF-2026-0000697,EXPORT_LC,CUST-00818,CP-02791,CA,CN,CNY,1620167.32,2026-04-23,2026-09-12,CLOSED,TEXTILES,2,4,3,1,0,12,LOW,0.530429,NORMAL,0.531279,0.378505,7.18,44.49,MEDIUM
TF-2026-0000698,COLLECTION,CUST-00795,CP-02930,CA,FR,GBP,402704.57,2024-12-10,2025-06-02,CLOSED,ELECTRONICS,1,5,6,0,0,5,LOW,0.480238,NORMAL,0.119177,0.323094,7.21,17.34,LOW
TF-2026-0000699,GUARANTEE,CUST-00091,CP-01724,CA,IN,GBP,234688.72,2025-03-28,2025-05-28,SETTLED,CHEMICALS,4,6,15,1,1,14,MEDIUM,0.519932,NORMAL,0.723152,0.687705,13.86,63.2,MEDIUM
TF-2026-0000700,GUARANTEE,CUST-00902,CP-02770,CA,IN,JPY,215226.25,2026-07-10,2026-12-22,CLOSED,AGRICULTURE,3,6,11,0,1,8,HIGH,0.46467,NORMAL,0.300367,0.500349,10.16,36.81,LOW
TF-2026-0000701,GUARANTEE,CUST-00131,CP-01264,CA,US,USD,1918801.76,2025-04-05,2025-06-18,SETTLED,AGRICULTURE,5,8,16,0,1,12,LOW,0.553639,NORMAL,0.424778,0.794074,15.93,60.74,MEDIUM
TF-2026-0000702,EXPORT_LC,CUST-00476,CP-02617,CA,BR,EUR,1927512.46,2025-10-07,2026-02-17,SETTLED,AGRICULTURE,3,7,9,1,0,11,MEDIUM,0.506834,NORMAL,0.624581,0.443426,10.02,48.18,MEDIUM
TF-2026-0000703,COLLECTION,CUST-00448,CP-03107,CA,FR,CAD,448527.05,2025-03-20,2025-08-12,CLOSED,ELECTRONICS,2,10,5,1,0,9,LOW,0.496543,NORMAL,0.179838,0.362092,7.35,24.31,LOW
TF-2026-0000704,GUARANTEE,CUST-00336,CP-03366,CA,FR,GBP,218923.24,2025-12-23,2026-05-12,SETTLED,AUTO_PARTS,5,8,19,1,1,14,MEDIUM,0.536638,NORMAL,0.698487,0.809859,15.8,71.02,HIGH
TF-2026-0000705,COLLECTION,CUST-00522,CP-01593,CA,FR,CNY,826583.24,2026-02-13,2026-05-18,SETTLED,AUTO_PARTS,4,8,7,0,0,13,MEDIUM,0.500582,NORMAL,0.341376,0.524905,10.89,40.84,MEDIUM
TF-2026-0000706,IMPORT_LC,CUST-00829,CP-02313,CA,US,EUR,55843.27,2025-01-24,2025-06-23,ACTIVE,TEXTILES,5,10,12,1,1,0,MEDIUM,0.641898,HIGH,0.732258,0.742615,13.42,77.91,HIGH
TF-2026-0000707,IMPORT_LC,CUST-00311,CP-01740,CA,US,USD,746822.02,2024-11-01,2025-02-17,CLOSED,CHEMICALS,0,6,3,0,0,8,MEDIUM,0.504615,NORMAL,0.0759,0.206575,6.01,22.87,LOW
TF-2026-0000708,EXPORT_LC,CUST-00263,CP-00548,CA,GB,JPY,700500.57,2024-09-15,2025-02-14,ACTIVE,CHEMICALS,4,3,15,1,1,14,MEDIUM,0.553657,NORMAL,0.548136,0.729711,14.87,67.2,HIGH
TF-2026-0000709,IMPORT_LC,CUST-00972,CP-01853,CA,AE,CAD,66398.69,2024-11-21,2025-01-28,SETTLED,CHEMICALS,2,7,12,0,1,5,MEDIUM,0.529245,NORMAL,0.393633,0.522317,9.04,50.08,MEDIUM
TF-2026-0000710,EXPORT_LC,CUST-01003,CP-03079,CA,IN,JPY,350703.54,2026-04-03,2026-07-14,CLOSED,AGRICULTURE,2,9,10,0,0,2,LOW,0.494746,NORMAL,0.226107,0.377094,9.59,25.78,LOW
TF-2026-0000711,EXPORT_LC,CUST-01122,CP-01325,CA,IN,CNY,321804.02,2026-08-10,2026-11-29,CLOSED,CHEMICALS,1,7,10,0,0,11,LOW,0.479028,NORMAL,0.1441,0.310814,9.99,17.48,LOW
TF-2026-0000712,GUARANTEE,CUST-00740,CP-01131,CA,MX,EUR,1739193.47,2025-07-21,2025-10-08,ACTIVE,AGRICULTURE,5,10,5,1,0,1,HIGH,0.592395,HIGH,0.579825,0.506419,9.74,69.05,HIGH
TF-2026-0000713,GUARANTEE,CUST-00029,CP-02389,CA,BR,CNY,221628.94,2025-09-17,2026-01-19,SETTLED,INDUSTRIAL_EQUIPMENT,3,9,13,0,1,15,MEDIUM,0.538325,NORMAL,0.447989,0.603201,11.61,56.71,MEDIUM
TF-2026-0000714,GUARANTEE,CUST-00469,CP-01775,CA,CN,CAD,477219.58,2025-04-07,2025-08-15,ACTIVE,CHEMICALS,0,10,8,0,0,2,LOW,0.552057,NORMAL,0.14504,0.183541,6.79,30.72,LOW
TF-2026-0000715,IMPORT_LC,CUST-00293,CP-01753,CA,BR,CNY,642544.26,2024-12-28,2025-04-18,ACTIVE,INDUSTRIAL_EQUIPMENT,0,8,9,0,0,3,HIGH,0.521821,NORMAL,0.110576,0.207818,8.28,33.57,LOW
TF-2026-0000716,GUARANTEE,CUST-00196,CP-00393,CA,GB,EUR,373090.31,2025-10-20,2026-03-01,CLOSED,ELECTRONICS,0,7,6,0,0,12,HIGH,0.505868,NORMAL,0.221143,0.156903,6.12,30.81,LOW
TF-2026-0000717,EXPORT_LC,CUST-00570,CP-00154,CA,BR,GBP,604182.74,2026-07-11,2026-12-26,ACTIVE,INDUSTRIAL_EQUIPMENT,1,3,13,0,1,10,HIGH,0.521038,NORMAL,0.176639,0.520191,10.7,46.26,MEDIUM
TF-2026-0000718,IMPORT_LC,CUST-00395,CP-00934,CA,CN,GBP,216037.88,2024-10-24,2025-03-09,CLOSED,AGRICULTURE,0,6,10,0,0,6,LOW,0.508788,NORMAL,0.086273,0.143474,8.21,17.04,LOW
TF-2026-0000719,COLLECTION,CUST-00612,CP-03165,CA,GB,CAD,624477.91,2025-10-11,2026-03-15,ACTIVE,INDUSTRIAL_EQUIPMENT,1,7,4,0,0,10,LOW,0.476073,NORMAL,0.330051,0.266159,6.59,20.96,LOW
TF-2026-0000720,GUARANTEE,CUST-00364,CP-02548,CA,JP,CAD,1115025.47,2025-04-16,2025-08-01,SETTLED,AGRICULTURE,2,5,7,0,0,5,HIGH,0.483917,NORMAL,0.196541,0.373099,8.97,32.18,LOW
TF-2026-0000721,IMPORT_LC,CUST-00854,CP-01706,CA,SG,EUR,114844.54,2025-10-09,2026-03-30,SETTLED,CHEMICALS,1,6,4,0,0,8,LOW,0.507982,NORMAL,0.19676,0.175798,6.16,21.25,LOW
TF-2026-0000722,COLLECTION,CUST-00261,CP-03121,CA,IN,EUR,2234604.7,2024-11-01,2025-04-22,ACTIVE,AUTO_PARTS,5,6,17,1,1,6,HIGH,0.541472,NORMAL,0.72403,0.652997,13.83,72.45,HIGH
TF-2026-0000723,COLLECTION,CUST-00403,CP-03052,CA,US,EUR,493513.89,2024-11-10,2025-04-04,ACTIVE,TEXTILES,1,7,5,0,0,14,HIGH,0.49968,NORMAL,0.170429,0.27483,6.67,31.73,LOW
TF-2026-0000724,EXPORT_LC,CUST-01119,CP-03225,CA,BR,JPY,3238008.91,2024-10-08,2025-02-28,CLOSED,ELECTRONICS,0,4,8,0,0,9,MEDIUM,0.570099,NORMAL,0.11373,0.287134,6.68,40.87,MEDIUM
TF-2026-0000725,EXPORT_LC,CUST-00778,CP-00242,CA,FR,CAD,2043715.91,2025-04-17,2025-10-09,CLOSED,AUTO_PARTS,0,7,2,0,0,7,HIGH,0.543212,NORMAL,0.171699,0.203226,5.36,40.47,MEDIUM
TF-2026-0000726,EXPORT_LC,CUST-00610,CP-03208,CA,DE,EUR,336195.37,2025-05-17,2025-08-22,CLOSED,AGRICULTURE,1,5,7,0,0,8,HIGH,0.475608,NORMAL,0.235276,0.315735,7.68,29.74,LOW
TF-2026-0000727,IMPORT_LC,CUST-00441,CP-01620,CA,BR,CAD,27188.66,2025-01-03,2025-04-10,CLOSED,TEXTILES,5,4,16,0,1,1,MEDIUM,0.622809,HIGH,0.651701,0.834109,14.13,78.59,HIGH
TF-2026-0000728,GUARANTEE,CUST-00452,CP-02458,CA,CN,JPY,149085.11,2026-04-21,2026-07-21,CLOSED,TEXTILES,0,4,10,0,0,1,HIGH,0.548664,NORMAL,0.101738,0.195086,8.39,39.14,LOW
TF-2026-0000729,GUARANTEE,CUST-00557,CP-00883,CA,GB,GBP,1615929.46,2025-04-12,2025-06-16,SETTLED,TEXTILES,5,6,17,0,1,12,MEDIUM,0.545899,NORMAL,0.422961,0.818975,15.55,65.04,HIGH
TF-2026-0000730,EXPORT_LC,CUST-00078,CP-00303,CA,DE,CNY,720172.63,2025-11-28,2026-05-15,ACTIVE,AGRICULTURE,5,4,13,0,1,4,HIGH,0.507946,NORMAL,0.431281,0.781828,13.14,59.49,MEDIUM
TF-2026-0000731,IMPORT_LC,CUST-00828,CP-02230,CA,MX,JPY,716079.6,2026-07-10,2026-10-11,ACTIVE,TEXTILES,4,3,13,0,1,10,HIGH,0.522737,NORMAL,0.427061,0.710698,13.06,60.88,MEDIUM
TF-2026-0000732,GUARANTEE,CUST-00405,CP-00306,CA,JP,CNY,97369.92,2025-06-03,2025-08-14,CLOSED,ELECTRONICS,0,10,9,0,0,8,LOW,0.566961,NORMAL,0.159975,0.229495,8.27,34.84,LOW
TF-2026-0000733,GUARANTEE,CUST-00034,CP-00555,CA,JP,CAD,534868.81,2025-10-06,2026-01-12,CLOSED,AGRICULTURE,2,4,15,0,1,5,LOW,0.480443,NORMAL,0.145556,0.579148,11.86,27.13,LOW
TF-2026-0000734,GUARANTEE,CUST-01006,CP-01559,CA,IN,CAD,983183.68,2025-10-15,2026-02-15,CLOSED,AGRICULTURE,1,4,13,1,1,1,HIGH,0.521684,NORMAL,0.157726,0.297048,7.7,38.06,LOW
TF-2026-0000735,EXPORT_LC,CUST-00244,CP-01427,CA,MX,CNY,601840.75,2025-10-26,2026-01-15,SETTLED,AGRICULTURE,1,9,13,0,1,12,LOW,0.496046,NORMAL,0.261804,0.491007,11.03,31.15,LOW
TF-2026-0000736,GUARANTEE,CUST-01067,CP-02154,CA,CN,JPY,315713.27,2025-08-10,2025-11-25,ACTIVE,INDUSTRIAL_EQUIPMENT,4,6,15,0,1,9,HIGH,0.470995,NORMAL,0.491083,0.72702,13.23,51.08,MEDIUM
TF-2026-0000737,GUARANTEE,CUST-01034,CP-01214,CA,BR,CNY,961908.47,2026-03-16,2026-06-30,CLOSED,CHEMICALS,5,4,10,1,0,7,LOW,0.510471,NORMAL,0.723127,0.755336,15.79,58.04,MEDIUM
TF-2026-0000738,IMPORT_LC,CUST-00603,CP-02679,CA,IN,GBP,179750.64,2025-11-04,2026-01-08,SETTLED,AUTO_PARTS,4,9,14,0,1,1,MEDIUM,0.533362,NORMAL,0.430782,0.800757,13.62,61.97,MEDIUM
TF-2026-0000739,EXPORT_LC,CUST-00016,CP-01933,CA,SG,CAD,133537.6,2025-06-21,2025-10-29,ACTIVE,ELECTRONICS,0,8,11,0,1,15,LOW,0.572859,NORMAL,0.163604,0.562612,9.01,47.2,MEDIUM
TF-2026-0000740,GUARANTEE,CUST-00609,CP-00131,CA,DE,JPY,821101.24,2026-08-11,2027-01-08,ACTIVE,INDUSTRIAL_EQUIPMENT,0,6,2,0,0,7,MEDIUM,0.506574,NORMAL,0.103486,0.247215,6.44,25.61,LOW
TF-2026-0000741,EXPORT_LC,CUST-00016,CP-03243,CA,FR,CNY,154334.13,2025-05-22,2025-08-20,CLOSED,INDUSTRIAL_EQUIPMENT,2,10,8,0,0,10,LOW,0.516659,NORMAL,0.293407,0.380626,9.42,33.83,LOW
TF-2026-0000742,GUARANTEE,CUST-00259,CP-03223,CA,IN,CNY,743959.65,2025-03-08,2025-08-17,SETTLED,CHEMICALS,2,7,9,0,0,14,LOW,0.497171,NORMAL,0.326442,0.310559,9.18,27.03,LOW
TF-2026-0000743,EXPORT_LC,CUST-00047,CP-01580,CA,DE,JPY,1108054.19,2025-12-28,2026-05-22,ACTIVE,ELECTRONICS,5,3,13,0,1,14,HIGH,0.587599,NORMAL,0.395477,0.773434,12.7,72.59,HIGH
TF-2026-0000744,IMPORT_LC,CUST-00654,CP-03336,CA,SG,GBP,4173338.1,2025-09-07,2026-01-14,ACTIVE,AGRICULTURE,2,7,7,0,0,6,HIGH,0.542143,NORMAL,0.214497,0.374643,9.47,47.55,MEDIUM
TF-2026-0000745,COLLECTION,CUST-00031,CP-01546,CA,FR,GBP,865705.54,2026-06-05,2026-08-14,ACTIVE,CHEMICALS,3,6,12,0,1,10,HIGH,0.473857,NORMAL,0.384545,0.732893,11.88,48.55,MEDIUM
TF-2026-0000746,GUARANTEE,CUST-01131,CP-00240,CA,MX,JPY,219207.44,2026-03-22,2026-08-07,SETTLED,TEXTILES,2,6,16,0,1,5,LOW,0.476082,NORMAL,0.381057,0.561421,12.16,32.83,LOW
TF-2026-0000747,GUARANTEE,CUST-00019,CP-02178,CA,GB,USD,670464.57,2025-10-28,2026-01-06,SETTLED,CHEMICALS,2,5,11,0,1,4,HIGH,0.477071,NORMAL,0.204517,0.569072,10.59,37.96,LOW
TF-2026-0000748,IMPORT_LC,CUST-00671,CP-02190,CA,MX,JPY,278403.87,2025-08-31,2026-01-10,SETTLED,CHEMICALS,0,9,11,0,1,12,MEDIUM,0.525406,NORMAL,0.212953,0.173875,5.44,31.45,LOW
TF-2026-0000749,GUARANTEE,CUST-00735,CP-00743,CA,MX,JPY,1116421.46,2025-12-28,2026-05-14,ACTIVE,CHEMICALS,1,9,8,0,0,8,MEDIUM,0.500101,NORMAL,0.266724,0.241027,8.08,28.55,LOW
TF-2026-0000750,IMPORT_LC,CUST-00619,CP-00357,CA,JP,USD,180674.51,2025-06-21,2025-09-11,CLOSED,CHEMICALS,0,8,10,0,0,8,HIGH,0.522572,NORMAL,0.10871,0.223219,6.39,34.22,LOW
TF-2026-0000751,EXPORT_LC,CUST-01025,CP-00185,CA,GB,EUR,1103092.17,2025-10-07,2025-12-19,ACTIVE,TEXTILES,0,5,9,0,0,13,MEDIUM,0.532703,NORMAL,0.236526,0.285652,7.31,37.92,LOW
TF-2026-0000752,IMPORT_LC,CUST-00127,CP-00009,CA,AE,JPY,610783.43,2026-06-14,2026-08-31,SETTLED,ELECTRONICS,5,8,17,0,1,6,LOW,0.495389,NORMAL,0.492417,0.848278,15.75,50.42,MEDIUM
TF-2026-0000753,COLLECTION,CUST-01187,CP-02547,CA,BR,EUR,222205.56,2026-03-19,2026-08-06,CLOSED,CHEMICALS,5,6,16,0,1,4,LOW,0.508702,NORMAL,0.52151,0.784766,15.09,52.52,MEDIUM
TF-2026-0000754,EXPORT_LC,CUST-00910,CP-00053,CA,JP,CNY,194279.29,2026-04-13,2026-08-05,SETTLED,CHEMICALS,0,4,9,0,0,9,MEDIUM,0.531974,NORMAL,0.170318,0.139184,6.93,30.64,LOW
TF-2026-0000755,EXPORT_LC,CUST-00055,CP-03211,CA,DE,JPY,752738.03,2024-12-31,2025-03-17,ACTIVE,ELECTRONICS,0,9,3,0,0,15,MEDIUM,0.565109,NORMAL,0.100205,0.268995,5.27,39.2,LOW
TF-2026-0000756,EXPORT_LC,CUST-00310,CP-00813,CA,DE,JPY,419336.66,2024-09-11,2025-02-22,SETTLED,AUTO_PARTS,1,4,2,0,0,2,LOW,0.498981,NORMAL,0.149057,0.256174,5.8,20.26,LOW
TF-2026-0000757,IMPORT_LC,CUST-00586,CP-03465,CA,JP,CAD,560781.39,2026-03-10,2026-08-13,CLOSED,TEXTILES,0,6,3,0,0,4,MEDIUM,0.503869,NORMAL,0.177989,0.206273,5.18,25.73,LOW
TF-2026-0000758,COLLECTION,CUST-00779,CP-02510,CA,MX,JPY,121827.08,2026-01-11,2026-05-21,CLOSED,ELECTRONICS,5,7,15,1,1,14,MEDIUM,0.551597,NORMAL,0.504618,0.72711,13.71,65.43,HIGH
TF-2026-0000759,IMPORT_LC,CUST-00563,CP-02734,CA,AE,EUR,153414.56,2026-07-12,2026-09-18,SETTLED,ELECTRONICS,1,9,1,0,0,5,MEDIUM,0.500522,NORMAL,0.263648,0.290476,8.58,30.28,LOW
TF-2026-0000760,COLLECTION,CUST-00533,CP-02167,CA,GB,USD,464876.52,2025-05-18,2025-08-22,CLOSED,AUTO_PARTS,1,7,10,0,0,8,MEDIUM,0.473225,NORMAL,0.293777,0.207839,8.4,22.35,LOW
TF-2026-0000761,EXPORT_LC,CUST-01163,CP-01716,CA,IN,CAD,22961.32,2025-09-12,2026-02-10,SETTLED,CHEMICALS,1,3,13,0,1,13,HIGH,0.624512,HIGH,0.286799,0.476527,9.61,60.16,MEDIUM
TF-2026-0000762,EXPORT_LC,CUST-00528,CP-02806,CA,JP,CNY,537497.15,2025-11-10,2026-02-15,ACTIVE,CHEMICALS,2,3,4,1,0,13,LOW,0.530789,NORMAL,0.497327,0.288635,7.23,40.45,MEDIUM
TF-2026-0000763,GUARANTEE,CUST-00239,CP-02129,CA,BR,CAD,644619.37,2025-10-18,2026-02-26,SETTLED,AUTO_PARTS,1,6,5,1,0,13,HIGH,0.489364,NORMAL,0.187775,0.14308,5.37,25.1,LOW
TF-2026-0000764,COLLECTION,CUST-01000,CP-01640,CA,FR,JPY,901952.88,2025-05-14,2025-07-30,ACTIVE,ELECTRONICS,3,6,7,1,0,11,MEDIUM,0.480581,NORMAL,0.550568,0.478157,9.96,40.78,MEDIUM
TF-2026-0000765,EXPORT_LC,CUST-00436,CP-01733,CA,BR,JPY,737703.99,2025-05-07,2025-08-23,ACTIVE,INDUSTRIAL_EQUIPMENT,1,9,1,1,0,12,MEDIUM,0.499789,NORMAL,0.115748,0.459376,8.66,31.56,LOW
TF-2026-0000766,IMPORT_LC,CUST-00385,CP-00597,CA,JP,CAD,1117708.75,2025-11-18,2026-05-10,CLOSED,INDUSTRIAL_EQUIPMENT,4,6,13,0,1,10,MEDIUM,0.49085,NORMAL,0.338278,0.807168,12.76,48.24,MEDIUM
TF-2026-0000767,IMPORT_LC,CUST-00444,CP-02146,CA,AE,CNY,783978.53,2025-03-09,2025-06-07,SETTLED,INDUSTRIAL_EQUIPMENT,0,7,6,0,0,2,HIGH,0.523958,NORMAL,0.124568,0.212974,7.07,34.76,LOW
TF-2026-0000768,EXPORT_LC,CUST-00978,CP-01271,CA,FR,USD,229359.68,2025-04-30,2025-09-03,SETTLED,AGRICULTURE,0,3,8,0,0,3,HIGH,0.557643,NORMAL,0.117799,0.292551,6.34,44.58,MEDIUM
TF-2026-0000769,IMPORT_LC,CUST-00187,CP-02492,CA,US,CNY,139085.29,2026-07-05,2026-09-29,CLOSED,CHEMICALS,0,9,10,0,0,6,MEDIUM,0.538079,NORMAL,0.163685,0.192089,6.05,33.73,LOW
TF-2026-0000770,COLLECTION,CUST-00790,CP-01797,CA,DE,USD,726787.51,2025-08-13,2025-12-11,ACTIVE,INDUSTRIAL_EQUIPMENT,5,6,11,1,1,1,HIGH,0.523823,NORMAL,0.704686,0.830608,13.73,73.74,HIGH
TF-2026-0000771,GUARANTEE,CUST-00865,CP-01341,CA,FR,USD,999173.3,2025-05-19,2025-08-07,CLOSED,AGRICULTURE,2,6,15,0,1,2,LOW,0.4936,NORMAL,0.236266,0.654166,12.2,35.5,LOW
TF-2026-0000772,IMPORT_LC,CUST-00137,CP-02791,CA,CN,GBP,487466.71,2025-09-08,2025-11-07,ACTIVE,ELECTRONICS,3,10,11,0,1,12,MEDIUM,0.510149,NORMAL,0.35396,0.646731,9.8,48.07,MEDIUM
TF-2026-0000773,GUARANTEE,CUST-00143,CP-02614,CA,JP,USD,3055896.94,2025-07-29,2025-10-27,ACTIVE,INDUSTRIAL_EQUIPMENT,2,5,12,0,1,3,MEDIUM,0.540922,NORMAL,0.208356,0.569178,9.91,48.89,MEDIUM
TF-2026-0000774,IMPORT_LC,CUST-00936,CP-03136,CA,GB,USD,628601.2,2025-12-26,2026-05-31,CLOSED,INDUSTRIAL_EQUIPMENT,3,10,8,0,0,4,HIGH,0.503018,NORMAL,0.299092,0.433131,10.38,41.99,MEDIUM
TF-2026-0000775,COLLECTION,CUST-00170,CP-00600,CA,JP,EUR,936223.63,2026-05-30,2026-10-31,SETTLED,AUTO_PARTS,5,7,6,0,0,5,LOW,0.493871,NORMAL,0.565301,0.553995,11.44,41.95,MEDIUM
TF-2026-0000776,COLLECTION,CUST-00222,CP-01541,CA,BR,GBP,863035.34,2025-08-04,2025-12-19,ACTIVE,TEXTILES,3,10,12,0,1,4,LOW,0.507997,NORMAL,0.397692,0.653068,10.44,43.98,MEDIUM
TF-2026-0000777,EXPORT_LC,CUST-00778,CP-02795,CA,BR,JPY,145674.09,2024-08-13,2024-11-12,SETTLED,TEXTILES,1,5,9,1,0,12,HIGH,0.514559,NORMAL,0.175796,0.344789,7.68,38.4,LOW
TF-2026-0000778,GUARANTEE,CUST-01010,CP-03231,CA,JP,EUR,524564.4,2024-10-26,2025-03-25,SETTLED,ELECTRONICS,0,4,8,1,0,6,LOW,0.51164,NORMAL,0.423287,0.242273,6.49,31.39,LOW
TF-2026-0000779,EXPORT_LC,CUST-00536,CP-03460,CA,DE,JPY,2772848.5,2025-04-20,2025-08-20,SETTLED,INDUSTRIAL_EQUIPMENT,1,6,6,0,0,10,LOW,0.530157,NORMAL,0.150329,0.267946,7.9,29.12,LOW
TF-2026-0000780,COLLECTION,CUST-00794,CP-03495,CA,MX,USD,675876.92,2025-10-26,2026-03-23,SETTLED,ELECTRONICS,0,6,11,0,1,12,HIGH,0.503799,NORMAL,0.118781,0.183902,6.54,28.15,LOW
TF-2026-0000781,GUARANTEE,CUST-00541,CP-02426,CA,CN,CNY,2680716.2,2026-02-23,2026-07-18,SETTLED,AUTO_PARTS,5,5,18,1,1,1,MEDIUM,0.570286,NORMAL,0.41308,0.752475,15.82,66.15,HIGH
TF-2026-0000782,EXPORT_LC,CUST-00294,CP-02030,CA,JP,CNY,264648.75,2026-04-17,2026-10-09,SETTLED,CHEMICALS,0,6,7,0,0,6,HIGH,0.503527,NORMAL,0.067044,0.154047,7.14,25.43,LOW
TF-2026-0000783,IMPORT_LC,CUST-01078,CP-03362,CA,GB,GBP,524894.44,2024-12-11,2025-02-14,CLOSED,ELECTRONICS,4,4,11,1,1,3,MEDIUM,0.491241,NORMAL,0.39535,0.713813,14.14,46.8,MEDIUM
TF-2026-0000784,IMPORT_LC,CUST-00472,CP-00203,CA,AE,GBP,1218867.66,2025-11-17,2026-03-07,SETTLED,ELECTRONICS,3,4,4,1,0,11,LOW,0.506218,NORMAL,0.335011,0.564626,12.35,38.57,LOW
TF-2026-0000785,GUARANTEE,CUST-01172,CP-01242,CA,AE,USD,662892.57,2025-04-30,2025-09-11,CLOSED,INDUSTRIAL_EQUIPMENT,4,10,10,1,0,12,LOW,0.521159,NORMAL,0.491622,0.765756,13.38,54.33,MEDIUM
TF-2026-0000786,IMPORT_LC,CUST-01043,CP-02029,CA,AE,CNY,73275.97,2025-04-09,2025-08-02,ACTIVE,TEXTILES,4,6,10,0,0,6,HIGH,0.536989,NORMAL,0.437645,0.531135,11.14,58.55,MEDIUM
TF-2026-0000787,EXPORT_LC,CUST-00377,CP-01742,CA,DE,CNY,347547.47,2025-05-27,2025-08-05,SETTLED,CHEMICALS,4,3,7,0,0,1,LOW,0.544597,NORMAL,0.43778,0.534608,10.84,50.29,MEDIUM
TF-2026-0000788,IMPORT_LC,CUST-00950,CP-01194,CA,SG,JPY,972176.99,2024-12-26,2025-05-14,SETTLED,CHEMICALS,4,4,10,1,0,8,HIGH,0.492716,NORMAL,0.546319,0.665826,12.71,55.04,MEDIUM
TF-2026-0000789,EXPORT_LC,CUST-01141,CP-01513,CA,BR,GBP,164955.5,2025-02-14,2025-06-29,ACTIVE,AGRICULTURE,2,10,7,1,0,5,MEDIUM,0.515785,NORMAL,0.546782,0.470077,10.17,49.29,MEDIUM
TF-2026-0000790,GUARANTEE,CUST-00553,CP-02435,CA,MX,GBP,746555.3,2024-08-22,2024-10-27,SETTLED,AUTO_PARTS,4,10,12,1,1,5,MEDIUM,0.515867,NORMAL,0.494505,0.743577,12.92,57.32,MEDIUM
TF-2026-0000791,IMPORT_LC,CUST-01011,CP-01128,CA,MX,EUR,269096.18,2026-02-18,2026-08-02,ACTIVE,INDUSTRIAL_EQUIPMENT,1,5,12,0,1,6,LOW,0.481996,NORMAL,0.28316,0.43686,9.53,26.56,LOW
TF-2026-0000792,EXPORT_LC,CUST-00536,CP-03218,CA,BR,GBP,3576981.6,2026-02-17,2026-06-14,CLOSED,AGRICULTURE,1,7,15,0,1,2,LOW,0.559496,NORMAL,0.138583,0.292916,9.66,35.45,LOW
TF-2026-0000793,COLLECTION,CUST-01016,CP-01048,CA,GB,GBP,1053994.02,2026-06-23,2026-10-03,SETTLED,AUTO_PARTS,1,8,6,0,0,2,MEDIUM,0.507841,NORMAL,0.274996,0.231149,8.28,30.49,LOW
TF-2026-0000794,EXPORT_LC,CUST-00608,CP-02301,CA,US,GBP,2215806.56,2025-12-21,2026-04-26,SETTLED,AGRICULTURE,1,9,6,0,0,5,MEDIUM,0.532903,NORMAL,0.204545,0.255177,7.57,35.93,LOW
TF-2026-0000795,EXPORT_LC,CUST-00837,CP-03160,CA,SG,CNY,608936.82,2024-11-26,2025-04-23,CLOSED,AGRICULTURE,2,7,10,0,0,14,LOW,0.49643,NORMAL,0.201485,0.416071,9.53,26.81,LOW
TF-2026-0000796,GUARANTEE,CUST-00822,CP-01899,CA,MX,JPY,398150.16,2026-02-24,2026-05-24,SETTLED,AUTO_PARTS,1,3,19,0,1,9,HIGH,0.518152,NORMAL,0.215957,0.43541,11.1,43.75,MEDIUM
TF-2026-0000797,EXPORT_LC,CUST-01152,CP-00118,CA,SG,EUR,357863.79,2026-06-09,2026-09-15,ACTIVE,AGRICULTURE,0,8,9,0,0,7,HIGH,0.503594,NORMAL,0.141144,0.221527,8.13,30.06,LOW
TF-2026-0000798,GUARANTEE,CUST-00477,CP-03377,CA,AE,EUR,1453196.56,2025-12-26,2026-06-19,CLOSED,INDUSTRIAL_EQUIPMENT,1,4,9,0,0,11,LOW,0.517673,NORMAL,0.293028,0.28803,8.06,30.81,LOW
TF-2026-0000799,EXPORT_LC,CUST-00822,CP-01467,CA,JP,CNY,144731.7,2026-02-04,2026-05-21,CLOSED,CHEMICALS,3,5,12,0,1,13,HIGH,0.51155,NORMAL,0.363951,0.589341,10.57,51.73,MEDIUM
TF-2026-0000800,COLLECTION,CUST-00084,CP-03270,CA,US,JPY,2102668.38,2024-12-02,2025-04-26,SETTLED,AGRICULTURE,1,8,5,1,0,8,LOW,0.515439,NORMAL,0.272666,0.259189,6.68,28.63,LOW
TF-2026-0000801,COLLECTION,CUST-00934,CP-00819,CA,AE,USD,373552.28,2025-12-02,2026-05-08,CLOSED,AUTO_PARTS,0,8,8,0,0,5,MEDIUM,0.50319,NORMAL,0.346904,0.201656,6.91,30.41,LOW
TF-2026-0000802,COLLECTION,CUST-00804,CP-00655,CA,DE,GBP,4846253.94,2026-07-29,2026-10-27,SETTLED,INDUSTRIAL_EQUIPMENT,4,6,9,1,0,14,HIGH,0.590474,HIGH,0.463712,0.771859,13.84,74.76,HIGH
TF-2026-0000803,GUARANTEE,CUST-01106,CP-00586,CA,AE,CAD,366070.2,2026-04-06,2026-08-11,CLOSED,INDUSTRIAL_EQUIPMENT,1,6,7,0,0,2,LOW,0.489072,NORMAL,0.216869,0.218312,7.52,18.51,LOW
TF-2026-0000804,EXPORT_LC,CUST-00821,CP-01220,CA,US,USD,690206.69,2025-08-02,2025-11-16,SETTLED,AGRICULTURE,0,6,9,0,0,11,MEDIUM,0.503014,NORMAL,0.088719,0.207594,8.73,22.78,LOW
TF-2026-0000805,GUARANTEE,CUST-00398,CP-00349,CA,FR,EUR,977796.7,2025-02-25,2025-08-17,ACTIVE,INDUSTRIAL_EQUIPMENT,1,9,11,0,1,2,HIGH,0.514724,NORMAL,0.218955,0.446438,9.98,43.31,MEDIUM
TF-2026-0000806,COLLECTION,CUST-00260,CP-01597,CA,MX,CAD,239101.04,2025-08-30,2026-02-01,ACTIVE,INDUSTRIAL_EQUIPMENT,3,5,8,0,0,7,MEDIUM,0.470018,NORMAL,0.536529,0.386025,9.83,35.37,LOW
TF-2026-0000807,EXPORT_LC,CUST-00814,CP-02324,CA,AE,CNY,1118016.55,2026-05-27,2026-10-06,ACTIVE,TEXTILES,3,9,11,1,1,9,HIGH,0.487486,NORMAL,0.600093,0.703342,11.15,56.65,MEDIUM
TF-2026-0000808,GUARANTEE,CUST-00105,CP-00043,CA,US,USD,140809.23,2026-02-12,2026-08-04,ACTIVE,ELECTRONICS,4,10,11,0,1,1,LOW,0.560466,NORMAL,0.432413,0.731975,11.04,59.76,MEDIUM
TF-2026-0000809,IMPORT_LC,CUST-00558,CP-00035,CA,FR,EUR,4848360.95,2024-12-01,2025-05-02,CLOSED,ELECTRONICS,3,10,10,1,0,5,MEDIUM,0.589662,HIGH,0.648019,0.387032,10.5,61.77,MEDIUM
TF-2026-0000810,EXPORT_LC,CUST-00501,CP-01151,CA,IN,USD,77390.2,2025-07-24,2025-12-15,CLOSED,TEXTILES,1,3,5,1,0,6,MEDIUM,0.57198,NORMAL,0.23182,0.351093,8.57,46.8,MEDIUM
TF-2026-0000811,IMPORT_LC,CUST-00842,CP-00911,CA,AE,JPY,990392.17,2025-06-13,2025-09-29,CLOSED,TEXTILES,5,4,10,0,0,0,HIGH,0.561415,NORMAL,0.609776,0.718198,13.46,74.72,HIGH
TF-2026-0000812,IMPORT_LC,CUST-00088,CP-00095,CA,JP,CNY,180152.47,2025-08-15,2025-12-11,ACTIVE,INDUSTRIAL_EQUIPMENT,0,3,2,0,0,5,MEDIUM,0.551279,NORMAL,0.192866,0.16236,3.7,36.27,LOW
TF-2026-0000813,GUARANTEE,CUST-00214,CP-00739,CA,AE,CAD,377875.44,2026-01-03,2026-07-01,SETTLED,AGRICULTURE,0,4,1,0,0,0,HIGH,0.551016,NORMAL,0.227658,0.282288,4.9,46.43,MEDIUM
TF-2026-0000814,GUARANTEE,CUST-00798,CP-03370,CA,FR,GBP,615229.33,2026-04-17,2026-09-11,CLOSED,INDUSTRIAL_EQUIPMENT,0,6,2,0,0,12,HIGH,0.504248,NORMAL,0.143997,0.197746,5.29,29.53,LOW
TF-2026-0000815,IMPORT_LC,CUST-00276,CP-03040,CA,US,GBP,957185.43,2025-06-27,2025-09-07,SETTLED,ELECTRONICS,4,6,16,0,1,11,HIGH,0.49033,NORMAL,0.232586,0.762017,12.74,48.34,MEDIUM
TF-2026-0000816,IMPORT_LC,CUST-00619,CP-01218,CA,MX,GBP,1028042.4,2025-07-08,2025-09-20,CLOSED,INDUSTRIAL_EQUIPMENT,1,6,7,1,0,8,HIGH,0.481609,NORMAL,0.51245,0.249804,7.4,36.84,LOW
TF-2026-0000817,IMPORT_LC,CUST-00813,CP-02179,CA,BR,JPY,229803.4,2025-06-07,2025-09-23,ACTIVE,TEXTILES,4,9,5,0,0,13,MEDIUM,0.516638,NORMAL,0.39157,0.555407,10.89,47.89,MEDIUM
TF-2026-0000818,GUARANTEE,CUST-01181,CP-00742,CA,JP,JPY,2465187.21,2026-03-17,2026-07-04,ACTIVE,AGRICULTURE,0,5,2,0,0,10,MEDIUM,0.550033,NORMAL,0.13436,0.170106,4.92,34.53,LOW
TF-2026-0000819,IMPORT_LC,CUST-00168,CP-02226,CA,AE,EUR,130515.33,2025-05-07,2025-10-03,SETTLED,TEXTILES,3,4,10,0,0,10,LOW,0.509777,NORMAL,0.482025,0.497478,10.83,41.58,MEDIUM
TF-2026-0000820,GUARANTEE,CUST-01181,CP-01955,CA,CN,JPY,577682.38,2025-10-25,2026-01-06,ACTIVE,CHEMICALS,0,8,6,0,0,15,MEDIUM,0.543313,NORMAL,0.163192,0.154932,5.76,33.54,LOW
TF-2026-0000821,IMPORT_LC,CUST-00020,CP-01773,CA,BR,CNY,426506.41,2026-05-26,2026-11-08,ACTIVE,INDUSTRIAL_EQUIPMENT,5,8,12,0,1,1,MEDIUM,0.53001,NORMAL,0.421444,0.812953,14.0,61.31,MEDIUM
TF-2026-0000822,COLLECTION,CUST-00447,CP-01999,CA,GB,USD,448680.59,2025-01-15,2025-06-13,ACTIVE,INDUSTRIAL_EQUIPMENT,4,3,14,0,1,8,LOW,0.511253,NORMAL,0.342438,0.734303,13.68,46.06,MEDIUM
TF-2026-0000823,COLLECTION,CUST-00713,CP-00773,CA,DE,USD,658748.68,2024-09-12,2025-01-10,ACTIVE,TEXTILES,5,6,12,0,1,11,MEDIUM,0.501048,NORMAL,0.322608,0.83274,12.78,51.14,MEDIUM
TF-2026-0000824,EXPORT_LC,CUST-00976,CP-02755,CA,IN,EUR,917737.91,2026-02-26,2026-07-24,SETTLED,CHEMICALS,4,8,13,0,1,13,HIGH,0.502921,NORMAL,0.362834,0.612702,13.43,50.15,MEDIUM
TF-2026-0000825,GUARANTEE,CUST-00217,CP-01794,CA,FR,CNY,63669.61,2025-11-07,2026-04-22,SETTLED,CHEMICALS,1,8,1,0,0,6,HIGH,0.537658,NORMAL,0.155049,0.260552,5.66,40.74,MEDIUM
TF-2026-0000826,GUARANTEE,CUST-00734,CP-01058,CA,MX,JPY,3666474.54,2026-05-04,2026-08-21,SETTLED,ELECTRONICS,2,8,7,0,0,3,HIGH,0.54791,NORMAL,0.256577,0.317175,8.12,47.9,MEDIUM
TF-2026-0000827,COLLECTION,CUST-00627,CP-01485,CA,SG,EUR,479250.59,2024-12-27,2025-05-25,ACTIVE,INDUSTRIAL_EQUIPMENT,5,3,8,0,0,0,LOW,0.582191,NORMAL,0.610769,0.615125,12.06,63.16,MEDIUM
TF-2026-0000828,COLLECTION,CUST-01041,CP-00264,CA,CN,JPY,1052576.29,2026-06-05,2026-08-07,SETTLED,CHEMICALS,3,6,8,0,0,12,MEDIUM,0.489118,NORMAL,0.385013,0.476786,10.76,37.62,LOW
TF-2026-0000829,EXPORT_LC,CUST-00350,CP-03011,CA,FR,CNY,65653.26,2025-11-09,2026-03-04,ACTIVE,AGRICULTURE,1,3,1,0,0,1,HIGH,0.601951,HIGH,0.17966,0.311887,5.1,50.68,MEDIUM
TF-2026-0000830,EXPORT_LC,CUST-00608,CP-03117,CA,JP,CNY,1110576.55,2025-01-23,2025-04-24,SETTLED,AGRICULTURE,5,3,19,1,1,9,MEDIUM,0.550771,NORMAL,0.748321,0.75195,14.71,73.44,HIGH
TF-2026-0000831,IMPORT_LC,CUST-00689,CP-01707,CA,IN,EUR,252612.58,2025-11-05,2026-01-21,CLOSED,AGRICULTURE,1,4,12,0,1,1,HIGH,0.512915,NORMAL,0.170752,0.263466,6.71,34.91,LOW
TF-2026-0000832,IMPORT_LC,CUST-00056,CP-02634,CA,MX,EUR,273493.45,2026-01-20,2026-04-20,ACTIVE,CHEMICALS,1,5,5,1,0,12,MEDIUM,0.4941,NORMAL,0.510241,0.191963,6.7,32.7,LOW
TF-2026-0000833,EXPORT_LC,CUST-01101,CP-01572,CA,BR,CAD,507057.98,2026-05-09,2026-10-16,ACTIVE,AGRICULTURE,5,6,13,0,1,8,MEDIUM,0.483965,NORMAL,0.51104,0.897082,14.12,54.97,MEDIUM
TF-2026-0000834,COLLECTION,CUST-00392,CP-00826,CA,CN,USD,874772.23,2025-10-09,2025-12-21,SETTLED,AUTO_PARTS,1,7,8,0,0,7,LOW,0.479558,NORMAL,0.314087,0.270669,9.0,21.26,LOW
TF-2026-0000835,EXPORT_LC,CUST-00583,CP-01021,CA,SG,EUR,2671278.66,2025-01-14,2025-07-03,CLOSED,AGRICULTURE,0,10,6,0,0,1,HIGH,0.608168,HIGH,0.272063,0.234822,5.81,50.9,MEDIUM
TF-2026-0000836,GUARANTEE,CUST-00430,CP-01322,CA,DE,GBP,369749.62,2024-12-05,2025-05-16,CLOSED,TEXTILES,0,6,10,1,0,8,MEDIUM,0.498059,NORMAL,0.166119,0.139632,8.27,21.5,LOW
TF-2026-0000837,COLLECTION,CUST-01058,CP-01777,CA,GB,JPY,363877.92,2025-05-29,2025-07-30,CLOSED,CHEMICALS,2,10,16,0,1,4,HIGH,0.501788,NORMAL,0.311033,0.550313,11.67,46.09,MEDIUM
TF-2026-0000838,IMPORT_LC,CUST-00690,CP-01607,CA,CN,CNY,1227578.62,2025-04-08,2025-08-15,ACTIVE,AUTO_PARTS,2,3,10,0,0,15,HIGH,0.586277,NORMAL,0.191798,0.262219,9.09,48.52,MEDIUM
TF-2026-0000839,GUARANTEE,CUST-01153,CP-02963,CA,IN,USD,198117.73,2024-09-12,2024-12-22,SETTLED,INDUSTRIAL_EQUIPMENT,2,9,6,0,0,0,LOW,0.540657,NORMAL,0.286209,0.292839,8.22,36.5,LOW
TF-2026-0000840,COLLECTION,CUST-00148,CP-01932,CA,FR,EUR,479364.8,2024-08-23,2025-02-07,ACTIVE,ELECTRONICS,3,4,9,0,0,6,MEDIUM,0.475823,NORMAL,0.564771,0.357705,10.4,36.14,LOW
TF-2026-0000841,EXPORT_LC,CUST-00771,CP-03404,CA,FR,CNY,499438.28,2025-10-08,2026-01-28,CLOSED,TEXTILES,3,6,8,1,0,1,LOW,0.48846,NORMAL,0.548619,0.437468,9.35,35.99,LOW
TF-2026-0000842,EXPORT_LC,CUST-00900,CP-02250,CA,SG,JPY,317616.88,2024-12-29,2025-05-20,SETTLED,TEXTILES,5,6,14,1,1,0,MEDIUM,0.547931,NORMAL,0.691876,0.841064,14.62,74.31,HIGH
TF-2026-0000843,COLLECTION,CUST-00671,CP-01700,CA,US,CNY,366899.55,2026-03-15,2026-07-01,CLOSED,AUTO_PARTS,2,6,7,0,0,6,MEDIUM,0.463457,NORMAL,0.279201,0.289129,8.22,23.73,LOW
TF-2026-0000844,COLLECTION,CUST-00864,CP-00364,CA,IN,CAD,1981002.82,2025-04-11,2025-07-18,SETTLED,AGRICULTURE,3,6,9,0,0,2,LOW,0.523345,NORMAL,0.323975,0.358844,9.27,35.66,LOW
TF-2026-0000845,COLLECTION,CUST-00911,CP-02205,CA,AE,JPY,910708.0,2025-09-26,2026-02-11,SETTLED,AGRICULTURE,4,10,14,0,1,5,MEDIUM,0.518187,NORMAL,0.360237,0.84168,14.2,57.31,MEDIUM
TF-2026-0000846,IMPORT_LC,CUST-00492,CP-01951,CA,CN,EUR,384799.06,2025-07-10,2025-12-27,ACTIVE,CHEMICALS,0,7,4,0,0,10,MEDIUM,0.500451,NORMAL,0.119275,0.135633,4.52,20.52,LOW
TF-2026-0000847,GUARANTEE,CUST-00965,CP-03140,CA,BR,JPY,624744.51,2026-01-12,2026-06-15,SETTLED,INDUSTRIAL_EQUIPMENT,4,3,14,1,1,1,HIGH,0.543721,NORMAL,0.608776,0.741352,13.23,72.51,HIGH
TF-2026-0000848,GUARANTEE,CUST-00540,CP-01407,CA,FR,EUR,1331747.95,2025-12-05,2026-02-26,SETTLED,ELECTRONICS,5,9,8,1,0,13,HIGH,0.55022,NORMAL,0.399571,0.488032,11.76,58.65,MEDIUM
TF-2026-0000849,EXPORT_LC,CUST-00631,CP-02396,CA,US,CAD,287606.3,2024-09-30,2025-02-24,ACTIVE,AGRICULTURE,4,9,19,1,1,15,HIGH,0.545568,NORMAL,0.707732,0.646847,13.81,72.49,HIGH
TF-2026-0000850,COLLECTION,CUST-00001,CP-01150,CA,IN,CNY,903060.83,2025-04-27,2025-09-24,ACTIVE,TEXTILES,5,9,3,0,0,10,LOW,0.518518,NORMAL,0.609462,0.514269,10.37,48.42,MEDIUM
TF-2026-0000851,IMPORT_LC,CUST-00566,CP-02943,CA,MX,CAD,1434682.22,2026-02-25,2026-08-13,SETTLED,INDUSTRIAL_EQUIPMENT,5,5,12,1,1,13,LOW,0.547535,NORMAL,0.479138,0.772528,14.29,60.47,MEDIUM
TF-2026-0000852,GUARANTEE,CUST-00113,CP-01453,CA,IN,GBP,252578.24,2026-06-05,2026-09-30,SETTLED,ELECTRONICS,3,3,10,0,0,2,MEDIUM,0.53302,NORMAL,0.399481,0.420505,10.7,47.61,MEDIUM
TF-2026-0000853,GUARANTEE,CUST-00344,CP-01070,CA,AE,USD,263433.13,2025-05-03,2025-10-21,CLOSED,AUTO_PARTS,0,6,5,0,0,5,HIGH,0.504777,NORMAL,0.329038,0.187773,5.95,34.84,LOW
TF-2026-0000854,COLLECTION,CUST-00848,CP-01271,CA,FR,CAD,424348.16,2025-03-22,2025-06-14,CLOSED,INDUSTRIAL_EQUIPMENT,1,8,11,1,1,3,MEDIUM,0.486651,NORMAL,0.210603,0.487736,8.76,32.21,LOW
TF-2026-0000855,EXPORT_LC,CUST-00244,CP-02003,CA,GB,JPY,585859.71,2025-01-26,2025-07-06,CLOSED,INDUSTRIAL_EQUIPMENT,4,3,14,0,1,3,LOW,0.525639,NORMAL,0.447958,0.74102,12.97,53.45,MEDIUM
TF-2026-0000856,COLLECTION,CUST-00944,CP-01414,CA,AE,CAD,125960.29,2024-11-15,2025-01-25,CLOSED,TEXTILES,4,6,8,1,0,3,MEDIUM,0.511936,NORMAL,0.699579,0.523188,10.34,54.59,MEDIUM
TF-2026-0000857,EXPORT_LC,CUST-00355,CP-01277,CA,FR,EUR,71221.07,2026-03-05,2026-08-19,ACTIVE,TEXTILES,4,10,12,0,1,15,MEDIUM,0.611317,HIGH,0.409643,0.716353,12.56,67.02,HIGH
TF-2026-0000858,IMPORT_LC,CUST-00403,CP-01022,CA,AE,EUR,190706.52,2026-05-19,2026-08-15,SETTLED,INDUSTRIAL_EQUIPMENT,1,3,5,0,0,3,HIGH,0.546291,NORMAL,0.252619,0.253199,6.86,45.23,MEDIUM
TF-2026-0000859,IMPORT_LC,CUST-00205,CP-00195,CA,DE,CNY,253481.77,2024-11-19,2025-04-23,ACTIVE,AGRICULTURE,2,8,3,0,0,15,HIGH,0.523454,NORMAL,0.266663,0.337278,9.38,43.22,MEDIUM
TF-2026-0000860,GUARANTEE,CUST-00313,CP-00226,CA,FR,JPY,302809.9,2025-06-12,2025-12-06,ACTIVE,AUTO_PARTS,5,4,16,1,1,10,LOW,0.51634,NORMAL,0.569979,0.77604,13.82,55.89,MEDIUM
TF-2026-0000861,EXPORT_LC,CUST-00513,CP-00549,CA,BR,JPY,362087.75,2026-04-08,2026-07-28,CLOSED,ELECTRONICS,1,5,6,0,0,0,LOW,0.519785,NORMAL,0.188005,0.282486,6.97,27.91,LOW
TF-2026-0000862,COLLECTION,CUST-01174,CP-03276,CA,GB,CNY,307991.89,2024-08-17,2024-12-25,ACTIVE,AUTO_PARTS,5,8,9,0,0,6,MEDIUM,0.497561,NORMAL,0.565933,0.614154,12.12,49.93,MEDIUM
TF-2026-0000863,COLLECTION,CUST-00264,CP-01041,CA,CN,USD,2364379.46,2026-01-29,2026-05-11,ACTIVE,AUTO_PARTS,4,8,16,0,1,5,LOW,0.525639,NORMAL,0.444557,0.677538,14.38,51.12,MEDIUM
TF-2026-0000864,IMPORT_LC,CUST-00356,CP-03242,CA,BR,EUR,211757.28,2026-02-07,2026-07-05,SETTLED,TEXTILES,2,10,11,0,1,8,LOW,0.502066,NORMAL,0.305667,0.435983,8.63,31.99,LOW
TF-2026-0000865,IMPORT_LC,CUST-00193,CP-01594,CA,IN,USD,630564.16,2025-09-09,2025-12-22,SETTLED,CHEMICALS,1,10,1,0,0,13,MEDIUM,0.527951,NORMAL,0.185831,0.286209,8.34,35.22,LOW
TF-2026-0000866,COLLECTION,CUST-00019,CP-01145,CA,CN,GBP,1008568.92,2025-04-06,2025-07-01,ACTIVE,AGRICULTURE,0,3,5,0,0,12,HIGH,0.567383,NORMAL,0.110832,0.213387,4.93,42.88,MEDIUM
TF-2026-0000867,EXPORT_LC,CUST-01148,CP-00691,CA,BR,CNY,294036.32,2025-01-06,2025-04-05,SETTLED,AGRICULTURE,0,7,2,1,0,10,LOW,0.503985,NORMAL,0.144846,0.256639,5.15,21.53,LOW
TF-2026-0000868,EXPORT_LC,CUST-00807,CP-02022,CA,IN,JPY,932041.83,2026-08-04,2027-01-06,CLOSED,CHEMICALS,4,9,14,0,1,3,LOW,0.507431,NORMAL,0.311298,0.731645,13.33,44.02,MEDIUM
TF-2026-0000869,IMPORT_LC,CUST-00227,CP-02159,CA,SG,CAD,163720.12,2026-01-01,2026-05-03,SETTLED,CHEMICALS,3,8,5,0,0,5,HIGH,0.48531,NORMAL,0.537323,0.489126,10.65,46.77,MEDIUM
TF-2026-0000870,GUARANTEE,CUST-01178,CP-01946,CA,MX,CNY,193309.2,2025-09-04,2026-02-25,SETTLED,AGRICULTURE,1,4,11,0,1,5,MEDIUM,0.501601,NORMAL,0.245993,0.423801,9.49,34.66,LOW
TF-2026-0000871,COLLECTION,CUST-00567,CP-00357,CA,JP,USD,1759401.18,2024-09-09,2025-02-17,ACTIVE,TEXTILES,3,10,10,0,0,8,MEDIUM,0.530186,NORMAL,0.258031,0.611483,10.69,49.39,MEDIUM
TF-2026-0000872,GUARANTEE,CUST-00229,CP-02505,CA,US,USD,338835.74,2025-06-26,2025-11-05,ACTIVE,ELECTRONICS,5,3,16,0,1,9,LOW,0.539704,NORMAL,0.423378,0.838337,14.89,59.54,MEDIUM
TF-2026-0000873,EXPORT_LC,CUST-00078,CP-00352,CA,AE,USD,654475.06,2025-09-11,2025-12-07,CLOSED,AGRICULTURE,1,7,11,0,1,4,HIGH,0.479561,NORMAL,0.228188,0.489837,9.47,36.35,LOW
TF-2026-0000874,IMPORT_LC,CUST-00170,CP-03296,CA,MX,USD,61852.35,2024-11-02,2025-04-22,SETTLED,ELECTRONICS,2,3,13,1,1,6,LOW,0.575439,NORMAL,0.610112,0.508867,9.61,58.96,MEDIUM
TF-2026-0000875,GUARANTEE,CUST-00535,CP-01117,CA,BR,JPY,1260700.0,2025-06-12,2025-12-08,SETTLED,AUTO_PARTS,1,9,16,0,1,3,MEDIUM,0.516216,NORMAL,0.116411,0.435744,11.64,35.34,LOW
TF-2026-0000876,IMPORT_LC,CUST-00220,CP-02455,CA,CN,EUR,116853.43,2024-09-04,2024-11-22,CLOSED,TEXTILES,3,10,13,0,1,5,LOW,0.527917,NORMAL,0.454733,0.470094,9.99,44.72,MEDIUM
TF-2026-0000877,EXPORT_LC,CUST-00183,CP-00651,CA,IN,JPY,204243.67,2025-07-13,2025-09-11,SETTLED,CHEMICALS,2,9,5,0,0,1,HIGH,0.510869,NORMAL,0.234244,0.308978,7.52,37.88,LOW
TF-2026-0000878,GUARANTEE,CUST-00759,CP-00281,CA,AE,EUR,672705.0,2026-03-09,2026-06-20,ACTIVE,ELECTRONICS,0,7,7,0,0,15,LOW,0.545364,NORMAL,0.231934,0.279,7.98,35.3,LOW
TF-2026-0000879,COLLECTION,CUST-00558,CP-01803,CA,JP,EUR,365699.42,2025-05-14,2025-08-15,CLOSED,AUTO_PARTS,4,3,9,1,0,6,MEDIUM,0.516774,NORMAL,0.655532,0.629924,12.83,58.45,MEDIUM
TF-2026-0000880,COLLECTION,CUST-00209,CP-01378,CA,SG,USD,852845.03,2025-06-18,2025-11-23,SETTLED,TEXTILES,5,3,14,0,1,1,LOW,0.566963,NORMAL,0.452915,0.730702,14.42,61.18,MEDIUM
TF-2026-0000881,GUARANTEE,CUST-00432,CP-01475,CA,SG,CAD,410653.42,2024-12-13,2025-04-10,SETTLED,ELECTRONICS,5,3,22,0,1,8,HIGH,0.533126,NORMAL,0.391307,0.753184,17.4,64.06,MEDIUM
TF-2026-0000882,COLLECTION,CUST-00274,CP-00709,CA,DE,JPY,1981553.39,2025-08-17,2025-11-28,ACTIVE,AGRICULTURE,2,9,16,0,1,4,LOW,0.525459,NORMAL,0.164588,0.573524,12.52,39.02,LOW
TF-2026-0000883,EXPORT_LC,CUST-00297,CP-02198,CA,MX,CAD,1611190.67,2025-08-02,2026-01-27,SETTLED,TEXTILES,5,8,9,0,0,8,MEDIUM,0.523277,NORMAL,0.454127,0.7964,14.51,59.84,MEDIUM
TF-2026-0000884,EXPORT_LC,CUST-00619,CP-01819,CA,CN,EUR,226061.11,2026-08-11,2026-11-11,ACTIVE,AUTO_PARTS,3,10,11,0,1,12,HIGH,0.515737,NORMAL,0.389025,0.679707,11.28,56.89,MEDIUM
TF-2026-0000885,COLLECTION,CUST-00581,CP-01528,CA,FR,USD,94049.04,2025-06-26,2025-08-28,CLOSED,AUTO_PARTS,4,9,14,1,1,8,LOW,0.530659,NORMAL,0.668651,0.663621,12.3,58.67,MEDIUM
TF-2026-0000886,EXPORT_LC,CUST-01084,CP-01281,CA,SG,CNY,757812.51,2025-09-25,2026-02-06,SETTLED,ELECTRONICS,1,4,9,0,0,2,HIGH,0.503596,NORMAL,0.099799,0.310998,8.4,31.96,LOW
TF-2026-0000887,COLLECTION,CUST-00997,CP-00984,CA,BR,CAD,1090827.0,2025-08-01,2026-01-07,SETTLED,INDUSTRIAL_EQUIPMENT,3,3,9,0,0,10,LOW,0.52623,NORMAL,0.497744,0.441599,10.59,44.58,MEDIUM
TF-2026-0000888,IMPORT_LC,CUST-00153,CP-01115,CA,IN,EUR,95448.48,2026-01-30,2026-04-29,CLOSED,CHEMICALS,1,10,9,0,0,15,HIGH,0.593358,HIGH,0.262082,0.233843,7.92,50.05,MEDIUM
TF-2026-0000889,COLLECTION,CUST-00468,CP-03296,CA,MX,EUR,1063585.87,2025-08-05,2025-10-27,SETTLED,AUTO_PARTS,4,5,12,1,1,6,LOW,0.488532,NORMAL,0.765693,0.627637,11.31,49.18,MEDIUM
TF-2026-0000890,COLLECTION,CUST-01195,CP-00425,CA,BR,USD,2433770.98,2026-05-14,2026-08-03,CLOSED,AGRICULTURE,1,4,9,0,0,11,HIGH,0.543767,NORMAL,0.179289,0.217466,8.97,41.3,MEDIUM
TF-2026-0000891,EXPORT_LC,CUST-00683,CP-03318,CA,GB,EUR,1310532.22,2024-11-17,2025-02-12,CLOSED,ELECTRONICS,3,7,9,0,0,1,HIGH,0.513223,NORMAL,0.429586,0.34548,8.48,45.61,MEDIUM
TF-2026-0000892,EXPORT_LC,CUST-00783,CP-01844,CA,SG,EUR,451607.05,2026-02-01,2026-06-23,CLOSED,TEXTILES,1,3,6,0,0,4,LOW,0.521294,NORMAL,0.147687,0.334708,8.38,28.96,LOW
TF-2026-0000893,IMPORT_LC,CUST-01100,CP-03190,CA,DE,USD,119117.8,2025-10-30,2026-02-01,SETTLED,INDUSTRIAL_EQUIPMENT,0,4,6,0,0,3,LOW,0.546643,NORMAL,0.174326,0.192313,6.82,30.84,LOW
TF-2026-0000894,IMPORT_LC,CUST-00401,CP-00007,CA,US,EUR,381387.88,2025-03-10,2025-05-10,CLOSED,CHEMICALS,3,10,16,1,1,2,LOW,0.51907,NORMAL,0.514736,0.607409,12.9,48.95,MEDIUM
TF-2026-0000895,IMPORT_LC,CUST-00853,CP-00760,CA,BR,JPY,441572.24,2026-05-08,2026-10-19,SETTLED,TEXTILES,4,9,7,1,0,9,HIGH,0.480491,NORMAL,0.684182,0.511778,10.3,50.96,MEDIUM
TF-2026-0000896,IMPORT_LC,CUST-00822,CP-00152,CA,AE,USD,1536384.86,2025-09-16,2026-02-24,SETTLED,TEXTILES,4,3,10,0,0,3,HIGH,0.557395,NORMAL,0.479486,0.59328,12.34,65.92,HIGH
TF-2026-0000897,EXPORT_LC,CUST-00689,CP-03336,CA,SG,CAD,763745.02,2024-10-04,2025-01-22,ACTIVE,TEXTILES,4,4,12,0,1,6,HIGH,0.490685,NORMAL,0.482682,0.790171,12.3,56.92,MEDIUM
TF-2026-0000898,GUARANTEE,CUST-00506,CP-00275,CA,CN,EUR,2899711.49,2024-12-08,2025-02-28,ACTIVE,INDUSTRIAL_EQUIPMENT,1,9,4,0,0,4,HIGH,0.548305,NORMAL,0.244759,0.336599,7.93,48.31,MEDIUM
TF-2026-0000899,EXPORT_LC,CUST-00408,CP-03165,CA,GB,EUR,617824.73,2025-08-01,2026-01-16,SETTLED,INDUSTRIAL_EQUIPMENT,1,4,12,0,1,10,MEDIUM,0.491056,NORMAL,0.154516,0.489127,9.88,31.66,LOW
TF-2026-0000900,IMPORT_LC,CUST-00334,CP-03009,CA,MX,JPY,776284.83,2026-05-21,2026-09-05,SETTLED,TEXTILES,1,6,8,1,0,15,HIGH,0.525266,NORMAL,0.552988,0.256203,8.49,49.49,MEDIUM
TF-2026-0000901,IMPORT_LC,CUST-01010,CP-02020,CA,FR,USD,3754219.78,2026-05-21,2026-08-27,CLOSED,INDUSTRIAL_EQUIPMENT,0,8,3,1,0,1,LOW,0.589902,HIGH,0.456892,0.192227,5.54,44.24,MEDIUM
TF-2026-0000902,EXPORT_LC,CUST-00918,CP-01578,CA,JP,GBP,74568.28,2025-01-17,2025-05-12,CLOSED,INDUSTRIAL_EQUIPMENT,3,10,13,0,1,15,LOW,0.598001,HIGH,0.320293,0.713663,12.11,58.85,MEDIUM
TF-2026-0000903,EXPORT_LC,CUST-00542,CP-02377,CA,BR,GBP,2219699.4,2025-06-08,2025-11-14,ACTIVE,INDUSTRIAL_EQUIPMENT,2,10,12,0,1,8,HIGH,0.546197,NORMAL,0.254982,0.626447,10.05,58.33,MEDIUM
TF-2026-0000904,GUARANTEE,CUST-00593,CP-00665,CA,FR,JPY,60370.34,2025-04-04,2025-09-17,SETTLED,INDUSTRIAL_EQUIPMENT,2,7,8,0,0,11,MEDIUM,0.538591,NORMAL,0.23471,0.306782,8.32,39.98,LOW
TF-2026-0000905,GUARANTEE,CUST-00720,CP-01714,CA,IN,GBP,383600.13,2025-08-28,2025-11-30,SETTLED,AUTO_PARTS,1,5,4,0,0,7,MEDIUM,0.476096,NORMAL,0.265276,0.300225,7.25,25.23,LOW
TF-2026-0000906,GUARANTEE,CUST-00854,CP-00047,CA,DE,JPY,259894.35,2025-05-25,2025-08-09,CLOSED,CHEMICALS,1,9,11,1,1,13,LOW,0.506822,NORMAL,0.267987,0.232639,6.94,25.1,LOW
TF-2026-0000907,COLLECTION,CUST-00296,CP-01542,CA,GB,CNY,436635.5,2025-12-27,2026-04-11,ACTIVE,INDUSTRIAL_EQUIPMENT,3,4,10,0,0,10,HIGH,0.482583,NORMAL,0.412911,0.581387,10.12,45.66,MEDIUM
TF-2026-0000908,EXPORT_LC,CUST-00589,CP-00827,CA,DE,USD,95735.32,2026-02-26,2026-08-23,CLOSED,ELECTRONICS,0,5,5,0,0,1,HIGH,0.566144,NORMAL,0.114368,0.221127,5.85,43.09,MEDIUM
TF-2026-0000909,IMPORT_LC,CUST-00817,CP-02507,CA,CN,GBP,623804.94,2025-08-25,2025-12-27,ACTIVE,AGRICULTURE,4,9,12,1,1,14,LOW,0.525146,NORMAL,0.549993,0.608252,12.52,51.66,MEDIUM
TF-2026-0000910,IMPORT_LC,CUST-00239,CP-02371,CA,SG,CAD,4314961.39,2024-11-04,2025-04-28,SETTLED,ELECTRONICS,2,5,11,0,1,5,HIGH,0.562089,NORMAL,0.377638,0.561555,9.85,62.39,MEDIUM
TF-2026-0000911,GUARANTEE,CUST-00062,CP-01965,CA,GB,GBP,569040.82,2025-01-19,2025-04-05,CLOSED,ELECTRONICS,4,9,15,1,1,15,LOW,0.5438,NORMAL,0.571707,0.713925,13.64,60.46,MEDIUM
TF-2026-0000912,COLLECTION,CUST-01159,CP-02149,CA,JP,CNY,429136.94,2025-04-04,2025-08-14,SETTLED,AGRICULTURE,0,7,7,0,0,0,MEDIUM,0.54705,NORMAL,0.24875,0.213067,6.65,38.91,LOW
TF-2026-0000913,IMPORT_LC,CUST-00481,CP-00798,CA,CN,GBP,515536.2,2026-02-06,2026-05-16,SETTLED,AGRICULTURE,0,3,4,0,0,6,HIGH,0.536499,NORMAL,0.128067,0.119274,5.19,34.69,LOW
TF-2026-0000914,COLLECTION,CUST-00740,CP-01219,CA,IN,USD,197542.58,2025-08-02,2025-11-21,SETTLED,CHEMICALS,5,4,20,1,1,9,HIGH,0.524896,NORMAL,0.659232,0.68601,14.13,67.58,HIGH
TF-2026-0000915,COLLECTION,CUST-00518,CP-01130,CA,JP,CNY,946625.09,2026-02-19,2026-06-28,CLOSED,ELECTRONICS,3,3,2,0,0,3,HIGH,0.529791,NORMAL,0.310326,0.371943,7.04,47.47,MEDIUM
TF-2026-0000916,EXPORT_LC,CUST-01138,CP-00886,CA,US,GBP,527953.63,2025-07-01,2025-10-26,SETTLED,TEXTILES,0,4,8,0,0,15,HIGH,0.563338,NORMAL,0.184946,0.167389,7.61,42.95,MEDIUM
TF-2026-0000917,IMPORT_LC,CUST-00943,CP-00029,CA,FR,JPY,184240.46,2026-05-07,2026-07-09,ACTIVE,TEXTILES,3,10,5,0,0,4,HIGH,0.515266,NORMAL,0.403174,0.389938,8.2,47.02,MEDIUM
TF-2026-0000918,COLLECTION,CUST-00008,CP-03406,CA,GB,GBP,1100083.6,2025-11-10,2026-05-05,CLOSED,INDUSTRIAL_EQUIPMENT,4,8,8,0,0,15,MEDIUM,0.539607,NORMAL,0.457045,0.559466,10.92,55.77,MEDIUM
TF-2026-0000919,GUARANTEE,CUST-00338,CP-00080,CA,CN,EUR,35444.29,2025-04-22,2025-07-11,SETTLED,CHEMICALS,1,7,4,0,0,7,MEDIUM,0.560764,NORMAL,0.142703,0.145526,5.99,35.58,LOW
TF-2026-0000920,COLLECTION,CUST-00921,CP-00966,CA,FR,GBP,252094.55,2024-10-20,2025-01-27,CLOSED,ELECTRONICS,1,7,6,0,0,11,HIGH,0.482818,NORMAL,0.112861,0.312426,7.7,27.29,LOW
TF-2026-0000921,IMPORT_LC,CUST-00692,CP-01664,CA,JP,JPY,998946.96,2024-08-14,2024-11-16,ACTIVE,TEXTILES,5,3,17,0,1,4,LOW,0.547877,NORMAL,0.423644,0.755129,14.17,58.23,MEDIUM
TF-2026-0000922,IMPORT_LC,CUST-00063,CP-02954,CA,FR,CAD,500307.39,2026-06-22,2026-10-13,SETTLED,ELECTRONICS,3,8,6,0,0,13,LOW,0.487011,NORMAL,0.243315,0.438339,9.27,26.52,LOW
TF-2026-0000923,COLLECTION,CUST-00473,CP-00218,CA,DE,EUR,2333361.79,2024-12-11,2025-02-22,ACTIVE,AUTO_PARTS,5,3,19,1,1,3,MEDIUM,0.589828,HIGH,0.667254,0.716026,14.75,73.87,HIGH
TF-2026-0000924,GUARANTEE,CUST-01007,CP-01345,CA,JP,CAD,812654.18,2025-06-07,2025-12-01,ACTIVE,TEXTILES,5,4,11,0,1,3,LOW,0.512998,NORMAL,0.401103,0.756483,13.53,49.09,MEDIUM
TF-2026-0000925,GUARANTEE,CUST-00336,CP-00647,CA,JP,CNY,485055.78,2024-12-31,2025-06-11,SETTLED,INDUSTRIAL_EQUIPMENT,2,9,6,0,0,8,MEDIUM,0.476749,NORMAL,0.210158,0.296721,7.55,23.54,LOW
TF-2026-0000926,IMPORT_LC,CUST-00088,CP-02948,CA,BR,JPY,101748.99,2026-01-17,2026-05-09,SETTLED,INDUSTRIAL_EQUIPMENT,0,3,1,0,0,2,MEDIUM,0.58736,NORMAL,0.095811,0.219919,6.55,39.21,LOW
TF-2026-0000927,EXPORT_LC,CUST-00666,CP-01303,CA,SG,EUR,598168.21,2025-11-19,2026-04-18,CLOSED,AUTO_PARTS,1,6,12,0,1,12,HIGH,0.481559,NORMAL,0.150019,0.506096,9.69,34.92,LOW
TF-2026-0000928,EXPORT_LC,CUST-01177,CP-01640,CA,FR,USD,123925.92,2024-12-19,2025-04-02,CLOSED,ELECTRONICS,5,5,18,0,1,11,LOW,0.539317,NORMAL,0.497521,0.835155,15.81,61.56,MEDIUM
TF-2026-0000929,IMPORT_LC,CUST-00454,CP-01009,CA,MX,EUR,1225804.72,2026-07-23,2027-01-07,ACTIVE,ELECTRONICS,1,6,19,0,1,4,LOW,0.496155,NORMAL,0.23611,0.317982,8.46,24.37,LOW
TF-2026-0000930,IMPORT_LC,CUST-00496,CP-00943,CA,AE,USD,359879.22,2025-08-22,2026-01-19,SETTLED,INDUSTRIAL_EQUIPMENT,2,4,13,0,1,10,HIGH,0.486492,NORMAL,0.315167,0.442347,9.36,38.73,LOW
TF-2026-0000931,GUARANTEE,CUST-00312,CP-00624,CA,JP,EUR,2576826.92,2024-10-18,2025-04-05,SETTLED,INDUSTRIAL_EQUIPMENT,3,7,16,1,1,8,LOW,0.508431,NORMAL,0.471081,0.647206,12.05,46.12,MEDIUM
TF-2026-0000932,GUARANTEE,CUST-00044,CP-01431,CA,BR,EUR,804894.48,2025-12-27,2026-04-29,CLOSED,AGRICULTURE,0,10,9,1,0,0,HIGH,0.588051,NORMAL,0.511145,0.211707,4.09,56.43,MEDIUM
TF-2026-0000933,IMPORT_LC,CUST-00841,CP-00550,CA,MX,CNY,4989680.71,2026-05-28,2026-09-23,ACTIVE,CHEMICALS,2,9,10,0,0,6,HIGH,0.576264,NORMAL,0.264922,0.309117,10.17,51.71,MEDIUM
TF-2026-0000934,COLLECTION,CUST-00944,CP-00317,CA,GB,GBP,216989.98,2025-10-03,2025-12-06,CLOSED,INDUSTRIAL_EQUIPMENT,0,3,9,0,0,2,MEDIUM,0.563864,NORMAL,0.253087,0.18204,7.41,40.56,MEDIUM
TF-2026-0000935,EXPORT_LC,CUST-00305,CP-01989,CA,AE,JPY,488677.1,2025-03-05,2025-05-18,CLOSED,CHEMICALS,4,6,19,0,1,4,LOW,0.477255,NORMAL,0.481777,0.841247,15.31,45.83,MEDIUM
TF-2026-0000936,GUARANTEE,CUST-00862,CP-02441,CA,IN,GBP,706908.25,2026-06-27,2026-11-01,ACTIVE,INDUSTRIAL_EQUIPMENT,4,5,14,1,1,0,LOW,0.527337,NORMAL,0.644073,0.532475,12.05,52.43,MEDIUM
TF-2026-0000937,COLLECTION,CUST-00317,CP-02590,CA,DE,EUR,393794.18,2026-01-27,2026-06-04,ACTIVE,ELECTRONICS,0,10,1,0,0,9,HIGH,0.538307,NORMAL,0.205275,0.131959,4.32,37.93,LOW
TF-2026-0000938,EXPORT_LC,CUST-00844,CP-01891,CA,US,JPY,192543.01,2026-05-23,2026-10-22,CLOSED,CHEMICALS,0,9,6,0,0,7,HIGH,0.528085,NORMAL,0.14543,0.217304,7.11,36.64,LOW
TF-2026-0000939,GUARANTEE,CUST-00824,CP-00849,CA,DE,JPY,72222.27,2025-10-06,2025-12-22,ACTIVE,AGRICULTURE,0,10,9,1,0,11,HIGH,0.584783,NORMAL,0.164179,0.148432,7.24,43.63,MEDIUM
TF-2026-0000940,COLLECTION,CUST-01142,CP-01971,CA,US,GBP,538900.16,2026-04-24,2026-09-17,SETTLED,ELECTRONICS,0,8,15,0,1,14,HIGH,0.524824,NORMAL,0.156727,0.422705,10.2,43.28,MEDIUM
TF-2026-0000941,IMPORT_LC,CUST-00701,CP-01212,CA,IN,USD,1800685.38,2024-12-16,2025-03-03,SETTLED,AGRICULTURE,4,10,9,0,0,0,LOW,0.589457,HIGH,0.372663,0.454049,11.46,50.84,MEDIUM
TF-2026-0000942,GUARANTEE,CUST-00458,CP-01282,CA,FR,USD,761730.9,2026-03-04,2026-06-07,CLOSED,INDUSTRIAL_EQUIPMENT,0,10,9,0,0,10,HIGH,0.539732,NORMAL,0.177466,0.15782,7.28,38.37,LOW
TF-2026-0000943,IMPORT_LC,CUST-01069,CP-02481,CA,AE,GBP,174155.78,2025-07-22,2025-10-18,ACTIVE,AGRICULTURE,2,9,12,0,1,9,LOW,0.493997,NORMAL,0.337355,0.43935,9.58,31.14,LOW
TF-2026-0000944,GUARANTEE,CUST-00210,CP-02116,CA,BR,CAD,120801.39,2024-11-06,2025-03-20,ACTIVE,ELECTRONICS,5,4,15,0,1,4,MEDIUM,0.540859,NORMAL,0.487978,0.803745,14.66,65.47,HIGH
TF-2026-0000945,COLLECTION,CUST-00397,CP-01706,CA,SG,JPY,244229.04,2026-05-20,2026-10-15,SETTLED,TEXTILES,2,7,9,1,0,8,HIGH,0.470033,NORMAL,0.601381,0.395648,9.21,42.66,MEDIUM
TF-2026-0000946,GUARANTEE,CUST-00086,CP-00928,CA,SG,CNY,62927.9,2026-05-29,2026-10-13,ACTIVE,ELECTRONICS,4,4,15,0,1,0,MEDIUM,0.591657,HIGH,0.453231,0.758672,13.56,69.05,HIGH
TF-2026-0000947,COLLECTION,CUST-00190,CP-02054,CA,FR,CAD,878081.56,2025-01-08,2025-06-03,CLOSED,TEXTILES,4,5,12,0,1,2,MEDIUM,0.496274,NORMAL,0.386918,0.670954,13.21,46.27,MEDIUM
TF-2026-0000948,IMPORT_LC,CUST-00093,CP-00903,CA,GB,CAD,1144736.79,2025-11-17,2026-05-13,SETTLED,INDUSTRIAL_EQUIPMENT,4,4,5,1,0,6,LOW,0.500332,NORMAL,0.441472,0.565741,10.29,40.21,MEDIUM
TF-2026-0000949,GUARANTEE,CUST-00923,CP-00158,CA,CN,GBP,3701597.76,2025-03-16,2025-05-23,ACTIVE,INDUSTRIAL_EQUIPMENT,3,4,9,0,0,10,LOW,0.555352,NORMAL,0.409385,0.438615,10.76,48.1,MEDIUM
TF-2026-0000950,COLLECTION,CUST-00257,CP-03132,CA,CN,GBP,353311.77,2026-03-09,2026-08-08,SETTLED,AGRICULTURE,4,7,20,0,1,15,LOW,0.524633,NORMAL,0.368167,0.750247,16.54,51.04,MEDIUM
TF-2026-0000951,COLLECTION,CUST-00008,CP-02476,CA,DE,USD,265611.15,2025-12-20,2026-02-27,SETTLED,INDUSTRIAL_EQUIPMENT,3,7,17,0,1,0,MEDIUM,0.518349,NORMAL,0.49279,0.620015,12.4,53.58,MEDIUM
TF-2026-0000952,IMPORT_LC,CUST-00713,CP-02003,CA,GB,CAD,100642.31,2025-07-02,2025-10-21,CLOSED,AUTO_PARTS,0,3,10,0,0,3,MEDIUM,0.583708,NORMAL,0.328785,0.193499,6.91,45.05,MEDIUM
TF-2026-0000953,IMPORT_LC,CUST-00796,CP-01183,CA,FR,JPY,107715.54,2026-07-22,2026-12-10,CLOSED,TEXTILES,3,10,4,0,0,11,MEDIUM,0.532718,NORMAL,0.434861,0.373057,7.17,46.93,MEDIUM
TF-2026-0000954,COLLECTION,CUST-00009,CP-03087,CA,MX,USD,60698.09,2026-05-31,2026-10-14,SETTLED,ELECTRONICS,5,10,9,1,0,12,LOW,0.603235,HIGH,0.737115,0.745256,14.34,72.6,HIGH
TF-2026-0000955,IMPORT_LC,CUST-00349,CP-00381,CA,AE,EUR,290512.03,2025-11-11,2026-03-17,CLOSED,AGRICULTURE,2,9,7,0,0,15,LOW,0.536341,NORMAL,0.32725,0.474747,9.27,43.09,MEDIUM
TF-2026-0000956,GUARANTEE,CUST-00500,CP-00006,CA,SG,JPY,145139.61,2026-06-17,2026-09-29,SETTLED,ELECTRONICS,4,5,13,0,1,1,LOW,0.528435,NORMAL,0.405079,0.739382,12.16,52.81,MEDIUM
TF-2026-0000957,COLLECTION,CUST-00444,CP-02327,CA,FR,USD,2089887.02,2025-10-06,2026-03-18,CLOSED,TEXTILES,2,10,9,0,0,3,HIGH,0.55253,NORMAL,0.251877,0.295084,9.43,47.9,MEDIUM
TF-2026-0000958,IMPORT_LC,CUST-00495,CP-01121,CA,IN,GBP,239047.01,2024-12-30,2025-04-24,ACTIVE,INDUSTRIAL_EQUIPMENT,4,9,10,0,0,11,HIGH,0.501609,NORMAL,0.421641,0.704909,13.09,54.77,MEDIUM
TF-2026-0000959,EXPORT_LC,CUST-00695,CP-00101,CA,CN,JPY,1047872.51,2025-07-06,2025-11-11,CLOSED,AUTO_PARTS,1,8,8,0,0,9,LOW,0.486467,NORMAL,0.175036,0.212248,8.07,16.45,LOW
TF-2026-0000960,EXPORT_LC,CUST-00974,CP-02850,CA,MX,USD,213076.64,2026-05-03,2026-07-09,CLOSED,AGRICULTURE,2,8,6,1,0,4,LOW,0.48351,NORMAL,0.528474,0.400263,8.57,32.97,LOW
TF-2026-0000961,COLLECTION,CUST-00145,CP-03466,CA,SG,EUR,374823.48,2024-12-21,2025-05-16,ACTIVE,AUTO_PARTS,5,4,15,1,1,4,LOW,0.510557,NORMAL,0.710882,0.70312,12.59,55.87,MEDIUM
TF-2026-0000962,COLLECTION,CUST-00980,CP-00524,CA,GB,CAD,660327.48,2026-01-23,2026-06-18,SETTLED,CHEMICALS,2,7,11,0,1,10,HIGH,0.466527,NORMAL,0.255648,0.533415,9.85,36.78,LOW
TF-2026-0000963,IMPORT_LC,CUST-01087,CP-02241,CA,DE,CNY,252134.73,2026-03-26,2026-08-24,CLOSED,ELECTRONICS,3,7,14,0,1,1,HIGH,0.492891,NORMAL,0.457277,0.597207,11.13,50.0,MEDIUM
TF-2026-0000964,EXPORT_LC,CUST-00649,CP-02563,CA,JP,GBP,585259.72,2024-11-26,2025-02-12,ACTIVE,ELECTRONICS,3,7,14,1,1,15,LOW,0.515403,NORMAL,0.606159,0.635176,12.59,51.78,MEDIUM
TF-2026-0000965,EXPORT_LC,CUST-00780,CP-02468,CA,BR,JPY,402437.01,2025-12-09,2026-06-03,ACTIVE,TEXTILES,4,8,14,1,1,8,MEDIUM,0.470177,NORMAL,0.458499,0.829735,13.84,48.59,MEDIUM
TF-2026-0000966,IMPORT_LC,CUST-00634,CP-03208,CA,DE,CAD,184176.94,2025-12-28,2026-04-28,SETTLED,INDUSTRIAL_EQUIPMENT,4,3,11,1,1,8,HIGH,0.531828,NORMAL,0.633564,0.710534,11.13,69.49,HIGH
TF-2026-0000967,COLLECTION,CUST-01087,CP-01962,CA,BR,CAD,690674.4,2024-11-26,2025-03-18,ACTIVE,ELECTRONICS,5,7,24,0,1,9,HIGH,0.482611,NORMAL,0.468029,0.79102,15.04,54.67,MEDIUM
TF-2026-0000968,IMPORT_LC,CUST-00359,CP-02550,CA,JP,JPY,212209.56,2025-09-19,2026-01-15,CLOSED,TEXTILES,3,10,8,0,0,13,HIGH,0.525515,NORMAL,0.34655,0.338393,8.67,46.27,MEDIUM
TF-2026-0000969,COLLECTION,CUST-00444,CP-01604,CA,GB,GBP,13925.18,2025-05-03,2025-08-08,CLOSED,AUTO_PARTS,5,10,15,1,1,9,HIGH,0.632626,HIGH,0.760884,0.736641,13.39,83.54,HIGH
TF-2026-0000970,GUARANTEE,CUST-01145,CP-00571,CA,DE,USD,91404.06,2025-03-07,2025-08-05,CLOSED,TEXTILES,0,3,5,0,0,10,HIGH,0.58431,NORMAL,0.136295,0.149604,6.06,42.8,MEDIUM
TF-2026-0000971,COLLECTION,CUST-00724,CP-03124,CA,MX,CAD,486406.4,2025-10-19,2026-01-24,CLOSED,ELECTRONICS,3,5,17,0,1,13,MEDIUM,0.488461,NORMAL,0.412375,0.650007,14.12,44.35,MEDIUM
TF-2026-0000972,COLLECTION,CUST-00429,CP-02578,CA,FR,CNY,305200.49,2025-07-03,2025-11-27,ACTIVE,AUTO_PARTS,5,8,14,1,1,4,HIGH,0.503187,NORMAL,0.643855,0.765234,13.7,64.03,MEDIUM
TF-2026-0000973,EXPORT_LC,CUST-00880,CP-00709,CA,DE,CAD,185968.48,2026-01-12,2026-03-31,CLOSED,AUTO_PARTS,1,6,17,0,1,4,LOW,0.493366,NORMAL,0.215963,0.432515,10.7,27.09,LOW
TF-2026-0000974,IMPORT_LC,CUST-00230,CP-01703,CA,AE,GBP,357527.36,2024-08-16,2025-01-16,SETTLED,AUTO_PARTS,4,9,13,0,1,1,HIGH,0.520232,NORMAL,0.433206,0.794326,13.4,63.34,MEDIUM
TF-2026-0000975,COLLECTION,CUST-00541,CP-02377,CA,BR,EUR,72177.77,2025-04-24,2025-07-31,SETTLED,ELECTRONICS,4,3,18,1,1,8,MEDIUM,0.570486,NORMAL,0.708153,0.733674,14.89,74.38,HIGH
TF-2026-0000976,GUARANTEE,CUST-00197,CP-00488,CA,IN,CNY,299998.94,2025-08-10,2025-10-24,ACTIVE,AGRICULTURE,3,4,15,0,1,15,LOW,0.526169,NORMAL,0.335892,0.56635,12.42,44.08,MEDIUM
TF-2026-0000977,EXPORT_LC,CUST-01132,CP-00197,CA,MX,GBP,448120.19,2025-09-14,2025-11-20,CLOSED,AUTO_PARTS,5,10,12,0,1,5,HIGH,0.532011,NORMAL,0.614082,0.726757,13.64,69.54,HIGH
TF-2026-0000978,EXPORT_LC,CUST-00665,CP-01309,CA,FR,GBP,3356699.66,2025-03-12,2025-05-21,ACTIVE,CHEMICALS,3,5,9,0,0,9,MEDIUM,0.532328,NORMAL,0.256496,0.389477,10.16,42.08,MEDIUM
TF-2026-0000979,IMPORT_LC,CUST-00965,CP-00483,CA,JP,EUR,239828.58,2025-02-02,2025-05-15,CLOSED,AUTO_PARTS,1,5,1,0,0,14,HIGH,0.511518,NORMAL,0.227874,0.291228,8.87,37.2,LOW
TF-2026-0000980,COLLECTION,CUST-00658,CP-01823,CA,SG,CNY,882124.26,2025-03-23,2025-07-17,ACTIVE,AGRICULTURE,2,8,4,0,0,2,HIGH,0.496656,NORMAL,0.193167,0.401695,8.06,36.11,LOW
TF-2026-0000981,COLLECTION,CUST-00080,CP-03269,CA,BR,USD,3267468.16,2026-04-23,2026-09-29,CLOSED,CHEMICALS,1,4,8,0,0,11,HIGH,0.554806,NORMAL,0.200724,0.356755,9.19,48.9,MEDIUM
TF-2026-0000982,EXPORT_LC,CUST-01040,CP-02604,CA,FR,CNY,2401532.79,2024-12-29,2025-04-03,SETTLED,CHEMICALS,1,3,5,0,0,9,LOW,0.569392,NORMAL,0.146732,0.354165,7.53,39.13,LOW
TF-2026-0000983,EXPORT_LC,CUST-00956,CP-00431,CA,DE,GBP,1315654.06,2024-11-02,2025-03-28,CLOSED,AGRICULTURE,0,6,8,0,0,3,LOW,0.533855,NORMAL,0.111448,0.138651,7.31,24.32,LOW
TF-2026-0000984,GUARANTEE,CUST-00481,CP-02357,CA,GB,CNY,345395.73,2025-04-21,2025-07-20,SETTLED,CHEMICALS,4,3,18,0,1,6,HIGH,0.518605,NORMAL,0.430711,0.758233,15.5,61.62,MEDIUM
TF-2026-0000985,GUARANTEE,CUST-00635,CP-01136,CA,IN,USD,69453.16,2026-04-22,2026-09-12,SETTLED,ELECTRONICS,5,9,18,0,1,1,MEDIUM,0.596386,HIGH,0.55319,0.784865,15.32,73.24,HIGH
TF-2026-0000986,EXPORT_LC,CUST-01057,CP-01350,CA,BR,CNY,2646812.68,2024-11-09,2025-04-18,CLOSED,TEXTILES,0,10,11,0,1,6,MEDIUM,0.590076,HIGH,0.211763,0.464735,8.43,51.43,MEDIUM
TF-2026-0000987,GUARANTEE,CUST-00447,CP-01256,CA,BR,GBP,640108.09,2024-09-18,2024-11-29,SETTLED,AUTO_PARTS,5,4,17,0,1,5,LOW,0.505738,NORMAL,0.459839,0.841342,15.39,51.89,MEDIUM
TF-2026-0000988,EXPORT_LC,CUST-00795,CP-02392,CA,MX,CNY,201067.5,2026-03-05,2026-08-27,ACTIVE,ELECTRONICS,4,8,5,1,0,6,LOW,0.490777,NORMAL,0.611206,0.712339,12.17,48.08,MEDIUM
TF-2026-0000989,GUARANTEE,CUST-00401,CP-00650,CA,GB,CNY,94398.5,2025-04-30,2025-07-05,CLOSED,ELECTRONICS,2,4,9,0,0,7,LOW,0.520712,NORMAL,0.190924,0.347999,9.09,30.57,LOW
TF-2026-0000990,GUARANTEE,CUST-00869,CP-03245,CA,BR,USD,322132.34,2024-11-23,2025-04-20,SETTLED,CHEMICALS,5,8,18,1,1,10,MEDIUM,0.494928,NORMAL,0.658464,0.801076,15.44,58.65,MEDIUM
TF-2026-0000991,GUARANTEE,CUST-00739,CP-02309,CA,GB,JPY,192152.55,2025-11-05,2026-03-06,ACTIVE,AUTO_PARTS,4,6,17,0,1,3,HIGH,0.494818,NORMAL,0.349275,0.701599,14.56,50.83,MEDIUM
TF-2026-0000992,EXPORT_LC,CUST-01109,CP-02659,CA,DE,EUR,951044.66,2025-12-13,2026-05-10,CLOSED,AGRICULTURE,3,7,9,1,0,15,MEDIUM,0.523595,NORMAL,0.693332,0.518034,11.33,57.38,MEDIUM
TF-2026-0000993,EXPORT_LC,CUST-00682,CP-01756,CA,DE,JPY,441982.11,2026-08-06,2026-11-26,SETTLED,ELECTRONICS,4,7,15,0,1,1,HIGH,0.501616,NORMAL,0.524206,0.747614,13.11,59.35,MEDIUM
TF-2026-0000994,COLLECTION,CUST-00292,CP-01738,CA,CN,CNY,61721.3,2025-01-13,2025-03-18,CLOSED,CHEMICALS,0,9,5,0,0,7,MEDIUM,0.568904,NORMAL,0.166703,0.127845,5.38,36.76,LOW
TF-2026-0000995,GUARANTEE,CUST-00068,CP-01873,CA,BR,CAD,2386522.13,2025-05-23,2025-10-26,ACTIVE,AUTO_PARTS,3,5,10,1,0,15,MEDIUM,0.570621,NORMAL,0.381882,0.416408,10.31,53.5,MEDIUM
TF-2026-0000996,IMPORT_LC,CUST-00006,CP-03483,CA,AE,USD,170138.02,2025-09-01,2026-02-22,ACTIVE,TEXTILES,1,9,3,1,0,9,HIGH,0.502554,NORMAL,0.543075,0.191999,5.01,40.7,MEDIUM
TF-2026-0000997,COLLECTION,CUST-01109,CP-02194,CA,BR,CNY,229515.46,2025-05-14,2025-09-21,CLOSED,INDUSTRIAL_EQUIPMENT,4,3,23,1,1,12,MEDIUM,0.534748,NORMAL,0.660896,0.727276,13.71,66.62,HIGH
TF-2026-0000998,EXPORT_LC,CUST-00555,CP-02012,CA,JP,EUR,4505808.68,2025-06-20,2025-12-14,SETTLED,AGRICULTURE,3,5,8,0,0,1,MEDIUM,0.582468,NORMAL,0.470504,0.361084,8.28,55.1,MEDIUM
TF-2026-0000999,GUARANTEE,CUST-00029,CP-01809,CA,MX,EUR,2837401.08,2026-08-09,2026-10-19,SETTLED,ELECTRONICS,3,8,7,0,0,1,MEDIUM,0.544034,NORMAL,0.392062,0.337218,9.1,46.93,MEDIUM
TF-2026-0001000,EXPORT_LC,CUST-01050,CP-03264,CA,US,CAD,344449.45,2026-03-15,2026-05-23,SETTLED,AUTO_PARTS,0,8,7,0,0,8,MEDIUM,0.505294,NORMAL,0.169748,0.179529,7.57,24.88,LOW
TF-2026-0001001,COLLECTION,CUST-00626,CP-01934,CA,BR,USD,2357467.4,2024-12-29,2025-03-16,SETTLED,TEXTILES,3,6,18,0,1,13,LOW,0.535681,NORMAL,0.419707,0.63293,14.03,51.28,MEDIUM
TF-2026-0001002,IMPORT_LC,CUST-01140,CP-02790,CA,AE,CAD,546770.22,2025-11-18,2026-03-23,CLOSED,AUTO_PARTS,5,4,9,0,0,7,MEDIUM,0.50324,NORMAL,0.499008,0.714207,14.37,52.92,MEDIUM
TF-2026-0001003,IMPORT_LC,CUST-00113,CP-01931,CA,SG,GBP,158218.29,2025-10-24,2026-03-15,ACTIVE,AGRICULTURE,4,8,12,0,1,15,MEDIUM,0.55034,NORMAL,0.451745,0.703872,11.48,62.78,MEDIUM
TF-2026-0001004,COLLECTION,CUST-01138,CP-03019,CA,US,CNY,337616.4,2025-08-07,2025-11-04,CLOSED,AUTO_PARTS,2,10,4,1,0,5,HIGH,0.495232,NORMAL,0.535795,0.329345,7.61,43.52,MEDIUM
TF-2026-0001005,EXPORT_LC,CUST-00865,CP-01317,CA,BR,USD,805768.26,2024-12-11,2025-03-14,CLOSED,AUTO_PARTS,2,5,5,0,0,5,LOW,0.477449,NORMAL,0.234715,0.425234,8.05,23.9,LOW
TF-2026-0001006,COLLECTION,CUST-00598,CP-00162,CA,AE,GBP,1069484.75,2024-09-15,2025-02-23,SETTLED,CHEMICALS,4,6,17,0,1,3,HIGH,0.495419,NORMAL,0.388612,0.776729,14.35,54.81,MEDIUM
TF-2026-0001007,GUARANTEE,CUST-00704,CP-02034,CA,CN,JPY,1232262.71,2026-05-14,2026-09-17,SETTLED,TEXTILES,5,3,15,0,1,4,LOW,0.561846,NORMAL,0.428331,0.664942,12.43,57.5,MEDIUM
TF-2026-0001008,IMPORT_LC,CUST-00434,CP-03357,CA,FR,CNY,445612.03,2025-09-01,2025-12-12,SETTLED,INDUSTRIAL_EQUIPMENT,0,8,2,0,0,15,LOW,0.545607,NORMAL,0.18987,0.197855,4.43,31.25,LOW
TF-2026-0001009,IMPORT_LC,CUST-00200,CP-00478,CA,MX,CNY,637720.94,2026-05-12,2026-09-01,SETTLED,AUTO_PARTS,4,8,15,0,1,5,MEDIUM,0.47594,NORMAL,0.491516,0.671421,13.73,44.93,MEDIUM
TF-2026-0001010,IMPORT_LC,CUST-01025,CP-02728,CA,AE,EUR,730650.06,2026-01-10,2026-07-02,ACTIVE,ELECTRONICS,5,3,6,0,0,9,MEDIUM,0.536004,NORMAL,0.542403,0.545598,9.73,56.96,MEDIUM
TF-2026-0001011,EXPORT_LC,CUST-00018,CP-01372,CA,FR,JPY,53665.76,2025-09-07,2025-11-24,CLOSED,INDUSTRIAL_EQUIPMENT,4,10,17,1,1,12,LOW,0.588213,NORMAL,0.721402,0.708588,12.85,70.14,HIGH
TF-2026-0001012,COLLECTION,CUST-00213,CP-01974,CA,MX,GBP,117611.65,2025-01-29,2025-07-11,ACTIVE,AGRICULTURE,1,10,6,0,0,1,MEDIUM,0.553508,NORMAL,0.237905,0.277988,7.79,42.05,MEDIUM
TF-2026-0001013,COLLECTION,CUST-00964,CP-01355,CA,SG,GBP,195287.4,2025-10-16,2026-03-17,ACTIVE,TEXTILES,2,4,10,0,0,5,LOW,0.495256,NORMAL,0.304514,0.383544,10.24,28.48,LOW
TF-2026-0001014,COLLECTION,CUST-00682,CP-02718,CA,CN,USD,455659.99,2026-06-08,2026-10-23,SETTLED,ELECTRONICS,2,7,10,0,0,8,HIGH,0.462095,NORMAL,0.212583,0.253728,8.9,25.38,LOW
TF-2026-0001015,EXPORT_LC,CUST-00271,CP-02873,CA,CN,CNY,1960579.35,2025-12-10,2026-02-21,ACTIVE,CHEMICALS,3,8,7,0,0,5,HIGH,0.504084,NORMAL,0.481765,0.4149,9.32,47.21,MEDIUM
TF-2026-0001016,COLLECTION,CUST-00332,CP-01165,CA,GB,GBP,237382.53,2025-10-11,2025-12-26,ACTIVE,AUTO_PARTS,1,4,5,0,0,1,HIGH,0.513011,NORMAL,0.255344,0.257193,7.1,37.25,LOW
TF-2026-0001017,COLLECTION,CUST-01106,CP-03106,CA,IN,EUR,1549161.79,2026-06-25,2026-10-11,SETTLED,ELECTRONICS,5,7,9,1,0,8,LOW,0.51401,NORMAL,0.71673,0.490967,11.17,49.59,MEDIUM
TF-2026-0001018,GUARANTEE,CUST-00286,CP-00312,CA,AE,JPY,2121653.38,2026-02-18,2026-08-03,SETTLED,TEXTILES,3,9,18,0,1,1,MEDIUM,0.543482,NORMAL,0.396954,0.564085,11.22,54.9,MEDIUM
TF-2026-0001019,EXPORT_LC,CUST-00092,CP-00994,CA,BR,USD,2984739.45,2026-05-23,2026-10-25,ACTIVE,ELECTRONICS,4,10,18,0,1,12,HIGH,0.575956,NORMAL,0.286964,0.823621,17.17,70.37,HIGH
TF-2026-0001020,GUARANTEE,CUST-00382,CP-01931,CA,SG,CAD,541039.68,2026-03-18,2026-09-10,CLOSED,CHEMICALS,5,6,18,1,1,15,MEDIUM,0.542271,NORMAL,0.588343,0.781216,15.34,68.01,HIGH
TF-2026-0001021,EXPORT_LC,CUST-00545,CP-02613,CA,MX,CNY,52998.96,2024-11-02,2025-03-25,ACTIVE,ELECTRONICS,5,8,10,1,0,3,MEDIUM,0.581717,NORMAL,0.668569,0.571909,12.47,68.35,HIGH
TF-2026-0001022,EXPORT_LC,CUST-00125,CP-00516,CA,SG,USD,111009.75,2025-04-26,2025-10-21,SETTLED,INDUSTRIAL_EQUIPMENT,1,8,8,0,0,5,LOW,0.50401,NORMAL,0.219148,0.320309,8.79,26.01,LOW
TF-2026-0001023,EXPORT_LC,CUST-01186,CP-03260,CA,US,CAD,647144.93,2025-05-09,2025-10-16,SETTLED,TEXTILES,3,10,16,0,1,3,HIGH,0.510662,NORMAL,0.36064,0.594436,12.65,51.59,MEDIUM
TF-2026-0001024,GUARANTEE,CUST-00884,CP-02046,CA,US,JPY,71034.22,2025-12-22,2026-04-03,CLOSED,AGRICULTURE,0,5,6,0,0,15,LOW,0.610219,HIGH,0.20341,0.258579,6.99,39.77,LOW
TF-2026-0001025,GUARANTEE,CUST-00641,CP-02387,CA,MX,USD,689317.81,2024-12-13,2025-03-24,CLOSED,ELECTRONICS,3,7,15,0,1,12,MEDIUM,0.475448,NORMAL,0.510019,0.660241,13.69,45.02,MEDIUM
TF-2026-0001026,EXPORT_LC,CUST-01034,CP-02044,CA,IN,JPY,1276593.89,2026-05-11,2026-09-27,CLOSED,INDUSTRIAL_EQUIPMENT,1,6,9,0,0,14,LOW,0.520392,NORMAL,0.125878,0.184064,8.03,22.79,LOW
TF-2026-0001027,COLLECTION,CUST-00574,CP-03432,CA,MX,USD,248095.42,2026-01-22,2026-07-19,SETTLED,CHEMICALS,5,10,9,0,0,11,HIGH,0.542896,NORMAL,0.39363,0.743108,14.36,65.96,HIGH
TF-2026-0001028,GUARANTEE,CUST-00754,CP-00105,CA,BR,CNY,179700.26,2025-08-27,2026-01-14,CLOSED,INDUSTRIAL_EQUIPMENT,5,9,14,1,1,11,MEDIUM,0.529804,NORMAL,0.673545,0.817925,14.61,68.98,HIGH
TF-2026-0001029,EXPORT_LC,CUST-00752,CP-00588,CA,US,JPY,1775169.98,2026-06-10,2026-10-28,CLOSED,AUTO_PARTS,1,4,5,0,0,9,MEDIUM,0.525354,NORMAL,0.154675,0.3419,7.76,35.57,LOW
TF-2026-0001030,IMPORT_LC,CUST-00419,CP-00166,CA,DE,JPY,74776.51,2024-10-01,2025-03-03,CLOSED,TEXTILES,2,10,12,1,1,9,LOW,0.551918,NORMAL,0.591057,0.518224,10.49,55.79,MEDIUM
TF-2026-0001031,EXPORT_LC,CUST-00594,CP-02638,CA,JP,CNY,514130.38,2026-07-21,2026-12-01,SETTLED,AGRICULTURE,0,3,2,0,0,6,MEDIUM,0.536499,NORMAL,0.190912,0.199299,4.35,34.38,LOW
TF-2026-0001032,GUARANTEE,CUST-00182,CP-00559,CA,AE,EUR,252559.29,2024-10-10,2024-12-20,CLOSED,INDUSTRIAL_EQUIPMENT,3,3,17,1,1,2,HIGH,0.53302,NORMAL,0.653488,0.642417,13.7,68.0,HIGH
TF-2026-0001033,IMPORT_LC,CUST-00414,CP-00878,CA,MX,CNY,1587671.07,2024-12-05,2025-03-12,ACTIVE,ELECTRONICS,1,10,4,0,0,8,HIGH,0.531521,NORMAL,0.299581,0.227673,6.39,42.5,MEDIUM
TF-2026-0001034,GUARANTEE,CUST-01148,CP-00141,CA,GB,JPY,74703.15,2026-02-27,2026-06-19,CLOSED,AGRICULTURE,5,4,16,0,1,14,LOW,0.589798,HIGH,0.416604,0.734862,13.61,62.01,MEDIUM
TF-2026-0001035,IMPORT_LC,CUST-01051,CP-00632,CA,IN,GBP,647349.36,2026-06-02,2026-11-21,SETTLED,AUTO_PARTS,4,6,21,1,1,11,MEDIUM,0.483038,NORMAL,0.647574,0.786816,16.14,54.98,MEDIUM
TF-2026-0001036,IMPORT_LC,CUST-01037,CP-03249,CA,US,CAD,253809.29,2025-04-09,2025-06-10,ACTIVE,ELECTRONICS,0,6,12,0,1,0,MEDIUM,0.545941,NORMAL,0.198803,0.44304,9.4,45.17,MEDIUM
TF-2026-0001037,COLLECTION,CUST-00801,CP-01413,CA,MX,EUR,1420210.66,2026-06-14,2026-08-22,ACTIVE,CHEMICALS,5,5,9,0,0,4,MEDIUM,0.526228,NORMAL,0.629892,0.496556,10.86,55.47,MEDIUM
TF-2026-0001038,IMPORT_LC,CUST-00113,CP-01293,CA,BR,GBP,1324259.98,2024-09-05,2024-11-06,SETTLED,INDUSTRIAL_EQUIPMENT,1,3,14,0,1,14,MEDIUM,0.567012,NORMAL,0.223598,0.275528,8.58,43.37,MEDIUM
TF-2026-0001039,EXPORT_LC,CUST-00508,CP-00894,CA,JP,CAD,411689.48,2024-09-05,2025-02-22,SETTLED,INDUSTRIAL_EQUIPMENT,5,8,13,1,1,8,HIGH,0.488546,NORMAL,0.725134,0.840523,13.55,65.42,HIGH
TF-2026-0001040,COLLECTION,CUST-00601,CP-01169,CA,AE,USD,518428.14,2024-08-30,2025-01-13,SETTLED,AUTO_PARTS,4,5,12,1,1,8,MEDIUM,0.470449,NORMAL,0.682498,0.764759,12.68,53.08,MEDIUM
TF-2026-0001041,GUARANTEE,CUST-01128,CP-01384,CA,IN,CAD,70437.24,2025-11-05,2026-04-24,CLOSED,ELECTRONICS,4,9,15,0,1,13,MEDIUM,0.565705,NORMAL,0.571435,0.713658,13.8,68.98,HIGH
TF-2026-0001042,EXPORT_LC,CUST-00493,CP-02179,CA,BR,JPY,332657.45,2026-07-26,2026-11-29,SETTLED,CHEMICALS,2,9,1,0,0,13,LOW,0.498974,NORMAL,0.19783,0.334771,6.21,24.47,LOW
TF-2026-0001043,GUARANTEE,CUST-00707,CP-00691,CA,BR,CAD,372046.66,2025-01-01,2025-06-09,CLOSED,AGRICULTURE,2,8,9,1,0,10,LOW,0.470416,NORMAL,0.15955,0.340161,8.93,17.53,LOW
TF-2026-0001044,COLLECTION,CUST-01104,CP-01562,CA,DE,CAD,137442.46,2026-04-13,2026-08-28,CLOSED,ELECTRONICS,1,9,8,1,0,8,HIGH,0.504204,NORMAL,0.464142,0.258327,8.89,41.24,MEDIUM
TF-2026-0001045,COLLECTION,CUST-01038,CP-03085,CA,SG,EUR,442266.26,2025-11-24,2026-03-04,CLOSED,AGRICULTURE,0,6,5,0,0,1,HIGH,0.520549,NORMAL,0.181511,0.172317,5.91,34.1,LOW
TF-2026-0001046,IMPORT_LC,CUST-00190,CP-02462,CA,IN,GBP,597084.23,2025-06-15,2025-11-24,SETTLED,TEXTILES,1,6,15,0,1,9,MEDIUM,0.470279,NORMAL,0.228001,0.467712,10.52,29.02,LOW
TF-2026-0001047,GUARANTEE,CUST-00114,CP-02380,CA,JP,CAD,2300373.24,2025-09-14,2026-01-04,ACTIVE,AUTO_PARTS,4,6,12,0,1,13,HIGH,0.541637,NORMAL,0.308437,0.733321,11.95,62.82,MEDIUM
TF-2026-0001048,GUARANTEE,CUST-01081,CP-02574,CA,GB,CNY,507685.18,2025-11-28,2026-03-21,CLOSED,ELECTRONICS,3,10,18,1,1,14,HIGH,0.534405,NORMAL,0.62679,0.585787,10.79,65.57,HIGH
TF-2026-0001049,COLLECTION,CUST-01180,CP-01349,CA,AE,CNY,1860803.15,2025-10-16,2025-12-15,CLOSED,INDUSTRIAL_EQUIPMENT,5,8,15,1,1,15,HIGH,0.584946,NORMAL,0.679082,0.748351,13.43,80.09,HIGH
TF-2026-0001050,EXPORT_LC,CUST-00642,CP-02762,CA,BR,JPY,3186385.59,2026-04-14,2026-08-17,CLOSED,TEXTILES,1,5,6,0,0,0,HIGH,0.579587,NORMAL,0.247997,0.299821,8.43,51.09,MEDIUM
TF-2026-0001051,IMPORT_LC,CUST-00257,CP-02798,CA,DE,EUR,813359.4,2024-08-13,2025-01-31,SETTLED,TEXTILES,3,9,17,1,1,7,LOW,0.475993,NORMAL,0.669579,0.657569,13.81,44.81,MEDIUM
TF-2026-0001052,COLLECTION,CUST-00736,CP-01661,CA,IN,CAD,46679.68,2024-10-07,2025-01-28,ACTIVE,AGRICULTURE,5,6,12,1,1,11,MEDIUM,0.580734,NORMAL,0.544479,0.72621,12.01,69.97,HIGH
TF-2026-0001053,IMPORT_LC,CUST-01075,CP-01920,CA,GB,JPY,855658.78,2026-07-05,2026-09-18,CLOSED,INDUSTRIAL_EQUIPMENT,2,4,18,0,1,4,MEDIUM,0.490315,NORMAL,0.193255,0.529129,11.19,34.01,LOW
TF-2026-0001054,IMPORT_LC,CUST-00212,CP-02387,CA,MX,GBP,64283.05,2025-03-14,2025-09-01,SETTLED,CHEMICALS,2,7,6,1,0,12,HIGH,0.54537,NORMAL,0.541694,0.237672,7.16,53.15,MEDIUM
TF-2026-0001055,IMPORT_LC,CUST-00116,CP-01921,CA,GB,USD,500819.07,2025-01-16,2025-06-18,CLOSED,TEXTILES,2,6,14,1,1,1,HIGH,0.486236,NORMAL,0.614948,0.389045,10.18,45.79,MEDIUM
TF-2026-0001056,COLLECTION,CUST-00844,CP-02982,CA,CN,CNY,145531.96,2026-07-24,2026-11-07,CLOSED,CHEMICALS,1,6,16,0,1,11,HIGH,0.50421,NORMAL,0.125897,0.49914,10.74,39.53,LOW
TF-2026-0001057,EXPORT_LC,CUST-00968,CP-00040,CA,IN,JPY,149788.34,2024-12-13,2025-03-11,CLOSED,ELECTRONICS,0,9,12,0,1,14,HIGH,0.567295,NORMAL,0.110696,0.486961,9.58,52.43,MEDIUM
TF-2026-0001058,COLLECTION,CUST-00839,CP-02803,CA,US,GBP,608914.67,2026-02-13,2026-05-24,SETTLED,CHEMICALS,2,7,6,0,0,8,MEDIUM,0.462658,NORMAL,0.164177,0.404057,9.2,24.23,LOW
TF-2026-0001059,IMPORT_LC,CUST-00915,CP-02401,CA,GB,CAD,439428.74,2025-11-08,2026-01-30,ACTIVE,CHEMICALS,0,6,4,0,0,12,LOW,0.503938,NORMAL,0.217024,0.17886,4.29,20.97,LOW
TF-2026-0001060,EXPORT_LC,CUST-00761,CP-01816,CA,AE,CNY,133340.77,2025-12-27,2026-06-04,SETTLED,INDUSTRIAL_EQUIPMENT,0,10,13,0,1,8,LOW,0.555486,NORMAL,0.202499,0.432072,9.63,41.67,MEDIUM
TF-2026-0001061,IMPORT_LC,CUST-00257,CP-01404,CA,SG,CNY,541281.06,2024-08-17,2024-12-06,ACTIVE,AUTO_PARTS,4,3,19,0,1,11,LOW,0.521376,NORMAL,0.393677,0.737889,14.82,50.48,MEDIUM
TF-2026-0001062,COLLECTION,CUST-00473,CP-00890,CA,CN,EUR,106045.85,2025-11-21,2026-02-18,CLOSED,CHEMICALS,5,9,17,1,1,15,MEDIUM,0.593076,HIGH,0.596002,0.697423,14.13,71.27,HIGH
TF-2026-0001063,IMPORT_LC,CUST-00015,CP-02226,CA,AE,USD,527873.13,2024-09-02,2024-11-30,ACTIVE,ELECTRONICS,2,3,11,0,1,10,HIGH,0.516797,NORMAL,0.3229,0.555945,10.23,50.89,MEDIUM
TF-2026-0001064,COLLECTION,CUST-00169,CP-00524,CA,GB,CNY,4896508.49,2025-08-09,2025-10-20,SETTLED,TEXTILES,0,7,11,0,1,10,HIGH,0.581241,NORMAL,0.291902,0.437371,9.67,57.32,MEDIUM
TF-2026-0001065,COLLECTION,CUST-00606,CP-01514,CA,SG,CNY,305450.74,2024-08-20,2024-12-17,ACTIVE,TEXTILES,1,4,4,0,0,4,MEDIUM,0.493532,NORMAL,0.202262,0.294893,7.3,26.9,LOW
TF-2026-0001066,COLLECTION,CUST-00406,CP-02653,CA,US,JPY,336732.27,2024-12-04,2025-04-10,ACTIVE,TEXTILES,1,7,12,0,1,2,LOW,0.491901,NORMAL,0.202024,0.42356,9.44,26.03,LOW
TF-2026-0001067,EXPORT_LC,CUST-00433,CP-00329,CA,SG,CAD,327127.69,2024-09-01,2025-02-10,SETTLED,AGRICULTURE,4,8,13,0,1,4,MEDIUM,0.486349,NORMAL,0.480451,0.783655,12.82,50.59,MEDIUM
TF-2026-0001068,COLLECTION,CUST-00458,CP-01220,CA,US,EUR,375549.01,2025-03-24,2025-08-05,CLOSED,AGRICULTURE,4,9,5,1,0,11,HIGH,0.494391,NORMAL,0.553868,0.45192,9.24,48.17,MEDIUM
TF-2026-0001069,IMPORT_LC,CUST-00667,CP-01444,CA,DE,CNY,819443.96,2025-01-10,2025-05-27,CLOSED,AGRICULTURE,3,7,13,0,1,2,LOW,0.487544,NORMAL,0.349348,0.62187,11.35,36.3,LOW
TF-2026-0001070,COLLECTION,CUST-00754,CP-00813,CA,DE,USD,395795.57,2026-05-28,2026-07-29,ACTIVE,AUTO_PARTS,0,3,12,0,1,2,MEDIUM,0.557367,NORMAL,0.286473,0.472907,8.89,50.91,MEDIUM
TF-2026-0001071,EXPORT_LC,CUST-00344,CP-01438,CA,AE,CNY,747323.68,2025-07-09,2025-11-03,CLOSED,AGRICULTURE,5,5,17,1,1,0,HIGH,0.546955,NORMAL,0.452818,0.790408,15.52,70.21,HIGH
TF-2026-0001072,GUARANTEE,CUST-01124,CP-02128,CA,SG,CNY,94737.15,2025-05-28,2025-11-03,SETTLED,TEXTILES,1,9,14,0,1,5,MEDIUM,0.521355,NORMAL,0.154524,0.537556,10.38,41.29,MEDIUM
TF-2026-0001073,IMPORT_LC,CUST-00048,CP-02456,CA,CN,EUR,401869.08,2026-01-22,2026-06-27,SETTLED,CHEMICALS,5,8,11,1,1,7,LOW,0.490185,NORMAL,0.704449,0.773772,12.92,52.88,MEDIUM
TF-2026-0001074,GUARANTEE,CUST-00268,CP-02053,CA,CN,GBP,124625.06,2025-01-03,2025-05-12,SETTLED,AGRICULTURE,2,4,6,0,0,10,MEDIUM,0.519111,NORMAL,0.198681,0.265936,7.49,32.54,LOW
TF-2026-0001075,EXPORT_LC,CUST-00912,CP-01121,CA,IN,JPY,1066810.93,2025-12-04,2026-03-15,CLOSED,INDUSTRIAL_EQUIPMENT,3,8,8,0,0,11,LOW,0.483733,NORMAL,0.36048,0.4641,10.82,30.24,LOW
TF-2026-0001076,GUARANTEE,CUST-00515,CP-02165,CA,IN,CAD,544477.16,2025-06-23,2025-08-26,SETTLED,ELECTRONICS,1,4,5,0,0,2,HIGH,0.497881,NORMAL,0.114035,0.274522,6.86,29.6,LOW
TF-2026-0001077,EXPORT_LC,CUST-00677,CP-01272,CA,GB,CAD,631063.54,2025-06-09,2025-10-02,SETTLED,AUTO_PARTS,2,3,10,0,0,1,MEDIUM,0.539677,NORMAL,0.331277,0.399732,9.78,46.41,MEDIUM
TF-2026-0001078,EXPORT_LC,CUST-00238,CP-03328,CA,BR,GBP,4090956.12,2025-08-31,2026-02-07,CLOSED,CHEMICALS,5,8,18,0,1,12,HIGH,0.58526,NORMAL,0.377728,0.716792,15.65,69.95,HIGH
TF-2026-0001079,EXPORT_LC,CUST-00764,CP-00537,CA,DE,GBP,260083.67,2025-02-02,2025-07-10,ACTIVE,INDUSTRIAL_EQUIPMENT,0,4,8,0,0,12,MEDIUM,0.525591,NORMAL,0.191321,0.148324,7.47,29.99,LOW
TF-2026-0001080,IMPORT_LC,CUST-00378,CP-01206,CA,DE,JPY,1036856.56,2025-08-15,2026-01-25,CLOSED,INDUSTRIAL_EQUIPMENT,0,9,2,0,0,11,HIGH,0.530204,NORMAL,0.216508,0.232429,5.79,39.89,LOW
TF-2026-0001081,EXPORT_LC,CUST-01181,CP-01687,CA,AE,CNY,353617.68,2025-02-13,2025-05-02,CLOSED,TEXTILES,3,4,6,0,0,10,MEDIUM,0.483376,NORMAL,0.484217,0.496915,9.31,39.99,LOW
TF-2026-0001082,COLLECTION,CUST-00172,CP-00630,CA,CN,CAD,29913.18,2024-12-15,2025-03-02,ACTIVE,INDUSTRIAL_EQUIPMENT,1,7,9,0,0,2,LOW,0.579437,NORMAL,0.217813,0.185467,8.53,36.17,LOW
TF-2026-0001083,GUARANTEE,CUST-00790,CP-00633,CA,US,USD,364236.07,2025-05-10,2025-09-22,SETTLED,AGRICULTURE,3,5,10,0,0,15,HIGH,0.52497,NORMAL,0.35235,0.555137,11.06,53.82,MEDIUM
TF-2026-0001084,COLLECTION,CUST-00099,CP-03406,CA,GB,USD,4245063.96,2024-10-23,2025-02-01,ACTIVE,AGRICULTURE,5,6,8,1,0,15,MEDIUM,0.623258,HIGH,0.448829,0.6451,13.52,65.9,HIGH
TF-2026-0001085,GUARANTEE,CUST-00699,CP-02458,CA,CN,CNY,607367.67,2025-05-29,2025-08-10,CLOSED,TEXTILES,4,4,17,0,1,1,HIGH,0.510786,NORMAL,0.429367,0.765833,14.9,59.7,MEDIUM
TF-2026-0001086,EXPORT_LC,CUST-00183,CP-00267,CA,JP,GBP,76236.24,2026-03-21,2026-09-13,SETTLED,INDUSTRIAL_EQUIPMENT,0,4,1,0,0,15,HIGH,0.608713,HIGH,0.182373,0.186977,4.22,46.54,MEDIUM
TF-2026-0001087,GUARANTEE,CUST-01160,CP-01444,CA,DE,EUR,3827422.59,2026-07-13,2026-10-24,SETTLED,CHEMICALS,4,3,11,0,1,2,HIGH,0.601101,HIGH,0.459591,0.704747,12.37,72.79,HIGH
TF-2026-0001088,IMPORT_LC,CUST-00998,CP-01057,CA,AE,EUR,578962.7,2026-03-20,2026-07-16,SETTLED,AUTO_PARTS,1,3,9,0,0,10,MEDIUM,0.52058,NORMAL,0.355232,0.226181,9.07,36.2,LOW
TF-2026-0001089,COLLECTION,CUST-00832,CP-03084,CA,US,EUR,2083132.76,2025-07-09,2025-09-24,SETTLED,TEXTILES,1,3,16,0,1,4,HIGH,0.561184,NORMAL,0.307134,0.584976,12.08,60.95,MEDIUM
TF-2026-0001090,GUARANTEE,CUST-01193,CP-00059,CA,MX,GBP,263467.87,2026-03-28,2026-07-15,SETTLED,ELECTRONICS,3,4,16,1,1,11,MEDIUM,0.487439,NORMAL,0.680269,0.658618,14.35,52.47,MEDIUM
TF-2026-0001091,GUARANTEE,CUST-00820,CP-02247,CA,US,CAD,814468.6,2024-12-12,2025-05-26,SETTLED,AUTO_PARTS,0,9,5,0,0,12,HIGH,0.52418,NORMAL,0.191812,0.124393,5.66,33.73,LOW
TF-2026-0001092,GUARANTEE,CUST-00368,CP-00832,CA,CN,JPY,360567.35,2025-08-29,2025-12-24,ACTIVE,ELECTRONICS,2,7,11,0,1,15,MEDIUM,0.517941,NORMAL,0.256416,0.541047,10.19,43.61,MEDIUM
TF-2026-0001093,IMPORT_LC,CUST-00386,CP-02945,CA,IN,GBP,461893.71,2026-04-13,2026-07-01,CLOSED,ELECTRONICS,0,8,1,0,0,10,MEDIUM,0.501882,NORMAL,0.154058,0.218896,4.93,24.8,LOW
TF-2026-0001094,GUARANTEE,CUST-00064,CP-03308,CA,DE,USD,1967406.33,2025-02-07,2025-06-06,CLOSED,CHEMICALS,2,6,5,0,0,15,HIGH,0.56691,NORMAL,0.23792,0.263267,7.83,48.36,MEDIUM
TF-2026-0001095,EXPORT_LC,CUST-00468,CP-00380,CA,CN,CNY,348408.49,2026-01-02,2026-05-14,CLOSED,CHEMICALS,5,4,8,0,0,7,LOW,0.50913,NORMAL,0.475356,0.730182,13.63,49.35,MEDIUM
TF-2026-0001096,COLLECTION,CUST-00445,CP-02783,CA,IN,EUR,275569.57,2025-09-06,2025-12-13,CLOSED,TEXTILES,2,5,9,0,0,13,MEDIUM,0.497814,NORMAL,0.353592,0.355428,9.51,34.6,LOW
TF-2026-0001097,GUARANTEE,CUST-00381,CP-00526,CA,BR,CAD,274700.15,2024-10-27,2025-02-07,SETTLED,AGRICULTURE,3,5,8,0,0,4,MEDIUM,0.482811,NORMAL,0.404938,0.438201,9.95,35.45,LOW
TF-2026-0001098,COLLECTION,CUST-00813,CP-01937,CA,FR,CAD,312107.19,2025-05-24,2025-08-30,SETTLED,AGRICULTURE,4,5,11,0,1,8,MEDIUM,0.474999,NORMAL,0.428638,0.540796,10.97,38.32,LOW
TF-2026-0001099,IMPORT_LC,CUST-00441,CP-02936,CA,JP,CAD,569389.36,2025-07-09,2025-12-23,SETTLED,AGRICULTURE,2,5,8,0,0,3,MEDIUM,0.476867,NORMAL,0.286108,0.38802,9.37,29.02,LOW
TF-2026-0001100,IMPORT_LC,CUST-00569,CP-01173,CA,JP,EUR,5718642.24,2025-08-13,2025-11-08,ACTIVE,INDUSTRIAL_EQUIPMENT,5,10,15,1,1,14,HIGH,0.646241,HIGH,0.606866,0.654366,11.93,76.08,HIGH
TF-2026-0001101,IMPORT_LC,CUST-00189,CP-00104,CA,BR,EUR,3727613.63,2026-06-27,2026-11-03,CLOSED,AUTO_PARTS,1,7,6,0,0,10,MEDIUM,0.546607,NORMAL,0.168603,0.219966,7.74,36.63,LOW
TF-2026-0001102,COLLECTION,CUST-00110,CP-02911,CA,CN,USD,87518.49,2026-04-01,2026-09-25,SETTLED,ELECTRONICS,3,7,16,1,1,3,LOW,0.515072,NORMAL,0.34332,0.5435,12.51,40.56,MEDIUM
TF-2026-0001103,EXPORT_LC,CUST-00470,CP-02467,CA,JP,EUR,333058.44,2025-09-17,2026-02-16,SETTLED,CHEMICALS,5,6,15,1,1,4,HIGH,0.497144,NORMAL,0.501916,0.672866,13.09,54.96,MEDIUM
TF-2026-0001104,COLLECTION,CUST-00774,CP-02938,CA,BR,USD,910423.23,2026-03-23,2026-09-08,ACTIVE,TEXTILES,5,5,9,1,0,14,LOW,0.541431,NORMAL,0.514121,0.798687,15.78,61.25,MEDIUM
TF-2026-0001105,GUARANTEE,CUST-00442,CP-02453,CA,BR,CNY,86063.87,2026-01-14,2026-05-05,SETTLED,AUTO_PARTS,4,9,7,1,0,9,MEDIUM,0.53424,NORMAL,0.602198,0.462531,9.23,55.46,MEDIUM
TF-2026-0001106,GUARANTEE,CUST-01185,CP-02304,CA,GB,EUR,103063.13,2026-05-11,2026-08-02,SETTLED,INDUSTRIAL_EQUIPMENT,3,8,8,1,0,13,MEDIUM,0.519952,NORMAL,0.623104,0.418859,8.93,50.8,MEDIUM
TF-2026-0001107,GUARANTEE,CUST-01084,CP-00389,CA,AE,JPY,1539924.3,2026-05-19,2026-09-03,CLOSED,TEXTILES,2,8,9,0,0,4,HIGH,0.504124,NORMAL,0.273633,0.329784,9.61,38.01,LOW
TF-2026-0001108,EXPORT_LC,CUST-00807,CP-01379,CA,IN,GBP,437058.92,2024-12-30,2025-05-11,SETTLED,ELECTRONICS,3,10,4,0,0,3,LOW,0.509484,NORMAL,0.408195,0.432526,8.3,37.03,LOW
TF-2026-0001109,IMPORT_LC,CUST-01122,CP-02673,CA,MX,GBP,853519.36,2025-02-01,2025-07-19,SETTLED,CHEMICALS,1,6,10,0,0,4,LOW,0.489126,NORMAL,0.216044,0.229523,8.84,18.9,LOW
TF-2026-0001110,GUARANTEE,CUST-01077,CP-00001,CA,GB,GBP,93035.42,2025-10-01,2026-01-02,ACTIVE,TEXTILES,2,10,15,0,1,9,MEDIUM,0.537697,NORMAL,0.305678,0.548859,13.04,50.37,MEDIUM
TF-2026-0001111,IMPORT_LC,CUST-00702,CP-01972,CA,AE,GBP,892100.07,2025-12-26,2026-05-09,ACTIVE,AUTO_PARTS,3,9,8,0,0,3,MEDIUM,0.493874,NORMAL,0.352026,0.562178,10.27,40.85,MEDIUM
TF-2026-0001112,COLLECTION,CUST-01163,CP-02318,CA,GB,GBP,3113867.14,2025-05-20,2025-09-13,CLOSED,TEXTILES,0,8,7,0,0,8,HIGH,0.558561,NORMAL,0.25507,0.256027,8.19,47.56,MEDIUM
TF-2026-0001113,COLLECTION,CUST-01023,CP-00843,CA,GB,GBP,3466027.73,2024-11-10,2025-04-30,CLOSED,AUTO_PARTS,0,9,2,0,0,14,LOW,0.597854,HIGH,0.198321,0.184247,5.44,36.65,LOW
TF-2026-0001114,COLLECTION,CUST-00601,CP-03397,CA,IN,EUR,1995832.71,2026-01-07,2026-03-27,ACTIVE,CHEMICALS,3,3,11,1,1,12,MEDIUM,0.557128,NORMAL,0.441541,0.729089,11.98,64.49,MEDIUM
TF-2026-0001115,GUARANTEE,CUST-01062,CP-01821,CA,IN,EUR,897267.69,2024-10-10,2025-03-22,CLOSED,AUTO_PARTS,4,7,19,1,1,3,MEDIUM,0.490185,NORMAL,0.479674,0.598152,12.91,44.99,MEDIUM
TF-2026-0001116,COLLECTION,CUST-01015,CP-00695,CA,CN,EUR,808150.11,2024-12-06,2025-04-27,ACTIVE,TEXTILES,5,9,13,1,1,14,MEDIUM,0.550694,NORMAL,0.709561,0.648186,13.16,68.63,HIGH
TF-2026-0001117,EXPORT_LC,CUST-01090,CP-00885,CA,JP,GBP,854141.03,2026-01-21,2026-05-09,CLOSED,AGRICULTURE,4,6,15,1,1,7,HIGH,0.474673,NORMAL,0.605449,0.776648,14.52,56.83,MEDIUM
TF-2026-0001118,IMPORT_LC,CUST-00721,CP-00006,CA,SG,CNY,30310.28,2025-07-13,2025-12-22,ACTIVE,AUTO_PARTS,2,3,15,0,1,1,HIGH,0.622185,HIGH,0.433811,0.534965,10.52,66.57,HIGH
TF-2026-0001119,COLLECTION,CUST-00422,CP-00828,CA,MX,CNY,1858832.65,2025-10-18,2026-04-06,SETTLED,CHEMICALS,3,7,6,0,0,15,MEDIUM,0.553392,NORMAL,0.414678,0.414372,8.91,52.09,MEDIUM
TF-2026-0001120,IMPORT_LC,CUST-00688,CP-02436,CA,CN,JPY,2539123.88,2026-03-15,2026-05-16,ACTIVE,ELECTRONICS,2,4,1,1,0,2,HIGH,0.549399,NORMAL,0.560818,0.311191,5.62,57.11,MEDIUM
TF-2026-0001121,COLLECTION,CUST-00613,CP-02121,CA,GB,JPY,601629.44,2025-11-17,2026-03-11,ACTIVE,INDUSTRIAL_EQUIPMENT,5,10,15,1,1,0,LOW,0.587736,NORMAL,0.654493,0.806177,14.53,71.51,HIGH
TF-2026-0001122,EXPORT_LC,CUST-00840,CP-00130,CA,CN,EUR,306137.36,2026-02-03,2026-06-24,ACTIVE,AUTO_PARTS,3,10,14,1,1,1,HIGH,0.525083,NORMAL,0.63874,0.630648,12.33,65.09,HIGH
TF-2026-0001123,GUARANTEE,CUST-01067,CP-01219,CA,IN,GBP,421173.68,2024-09-23,2025-02-04,SETTLED,INDUSTRIAL_EQUIPMENT,0,8,11,0,1,9,HIGH,0.503115,NORMAL,0.138292,0.39961,8.32,36.05,LOW
TF-2026-0001124,COLLECTION,CUST-01081,CP-00840,CA,DE,JPY,705031.47,2025-02-08,2025-07-21,ACTIVE,INDUSTRIAL_EQUIPMENT,5,7,12,0,1,12,HIGH,0.502656,NORMAL,0.519307,0.895239,12.9,64.64,MEDIUM
TF-2026-0001125,GUARANTEE,CUST-00265,CP-01963,CA,MX,USD,472469.97,2026-02-04,2026-07-14,CLOSED,CHEMICALS,0,10,1,0,0,10,LOW,0.535098,NORMAL,0.208976,0.224311,3.72,30.53,LOW
TF-2026-0001126,GUARANTEE,CUST-00442,CP-00099,CA,SG,GBP,793347.75,2026-01-20,2026-04-10,SETTLED,ELECTRONICS,4,3,10,1,0,15,MEDIUM,0.570224,NORMAL,0.44055,0.711668,13.4,65.54,HIGH
TF-2026-0001127,EXPORT_LC,CUST-00504,CP-01468,CA,JP,EUR,680479.78,2025-06-29,2025-08-31,ACTIVE,INDUSTRIAL_EQUIPMENT,2,3,12,1,1,0,MEDIUM,0.563668,NORMAL,0.432936,0.451363,9.22,55.36,MEDIUM
TF-2026-0001128,GUARANTEE,CUST-00263,CP-00822,CA,DE,CNY,832327.01,2026-05-24,2026-11-03,ACTIVE,INDUSTRIAL_EQUIPMENT,0,9,1,0,0,10,MEDIUM,0.51881,NORMAL,0.162698,0.158014,3.94,27.62,LOW
TF-2026-0001129,EXPORT_LC,CUST-01058,CP-01471,CA,MX,GBP,1085803.01,2025-05-15,2025-08-13,SETTLED,TEXTILES,1,5,7,0,0,10,HIGH,0.488833,NORMAL,0.230123,0.266343,8.05,30.55,LOW
TF-2026-0001130,COLLECTION,CUST-00563,CP-03490,CA,FR,CAD,1448829.25,2026-03-31,2026-07-15,SETTLED,AUTO_PARTS,4,8,19,1,1,7,MEDIUM,0.497701,NORMAL,0.592777,0.721577,14.62,54.55,MEDIUM
TF-2026-0001131,IMPORT_LC,CUST-01178,CP-01734,CA,US,CNY,283840.81,2024-11-15,2025-04-21,CLOSED,AGRICULTURE,4,10,8,1,0,1,MEDIUM,0.543443,NORMAL,0.723609,0.497958,10.11,62.38,MEDIUM
TF-2026-0001132,GUARANTEE,CUST-00055,CP-01818,CA,DE,EUR,579375.7,2025-06-16,2025-10-19,SETTLED,TEXTILES,4,6,16,1,1,0,MEDIUM,0.522635,NORMAL,0.69347,0.706412,13.54,63.69,MEDIUM
TF-2026-0001133,COLLECTION,CUST-01010,CP-01113,CA,US,EUR,520982.6,2025-07-27,2025-12-28,SETTLED,TEXTILES,5,4,17,1,1,7,LOW,0.501516,NORMAL,0.749483,0.805726,14.52,58.09,MEDIUM
TF-2026-0001134,GUARANTEE,CUST-00678,CP-01492,CA,MX,GBP,148183.39,2024-12-06,2025-03-31,ACTIVE,CHEMICALS,3,7,14,0,1,7,MEDIUM,0.478622,NORMAL,0.432874,0.680677,12.52,44.0,MEDIUM
TF-2026-0001135,EXPORT_LC,CUST-00704,CP-00123,CA,MX,EUR,1061597.68,2026-02-21,2026-06-23,ACTIVE,ELECTRONICS,4,3,11,1,1,10,LOW,0.536574,NORMAL,0.634389,0.790557,11.74,63.42,MEDIUM
TF-2026-0001136,EXPORT_LC,CUST-00566,CP-00423,CA,DE,CAD,3323428.3,2025-03-22,2025-07-03,SETTLED,TEXTILES,0,8,8,0,0,8,LOW,0.560241,NORMAL,0.133169,0.222122,8.12,32.91,LOW
TF-2026-0001137,EXPORT_LC,CUST-00417,CP-01528,CA,FR,GBP,162847.37,2024-10-08,2025-01-14,ACTIVE,AUTO_PARTS,3,3,5,0,0,8,HIGH,0.528687,NORMAL,0.343186,0.437402,8.75,50.43,MEDIUM
TF-2026-0001138,IMPORT_LC,CUST-00971,CP-00364,CA,IN,CAD,697523.21,2025-07-29,2025-11-16,ACTIVE,TEXTILES,5,10,11,0,1,2,HIGH,0.553009,NORMAL,0.450464,0.744163,12.34,69.66,HIGH
TF-2026-0001139,IMPORT_LC,CUST-00069,CP-01510,CA,FR,JPY,1419622.25,2025-07-28,2025-11-16,ACTIVE,AGRICULTURE,0,4,12,0,1,13,LOW,0.555336,NORMAL,0.168665,0.215246,5.42,33.05,LOW
TF-2026-0001140,COLLECTION,CUST-00088,CP-00758,CA,JP,JPY,6585144.42,2026-08-10,2026-10-17,CLOSED,TEXTILES,4,10,17,0,1,4,MEDIUM,0.615085,HIGH,0.3796,0.697251,15.03,65.52,HIGH
TF-2026-0001141,EXPORT_LC,CUST-00560,CP-03455,CA,MX,EUR,1137135.27,2026-03-27,2026-07-02,SETTLED,CHEMICALS,4,4,14,0,1,7,LOW,0.499587,NORMAL,0.474422,0.751112,12.06,47.47,MEDIUM
TF-2026-0001142,EXPORT_LC,CUST-00341,CP-03120,CA,DE,USD,606817.86,2025-03-24,2025-08-19,CLOSED,TEXTILES,3,8,13,0,1,10,MEDIUM,0.465761,NORMAL,0.381758,0.673916,11.85,40.42,MEDIUM
TF-2026-0001143,EXPORT_LC,CUST-01166,CP-02526,CA,US,EUR,318903.42,2024-08-22,2024-10-22,SETTLED,ELECTRONICS,2,9,5,1,0,9,HIGH,0.480072,NORMAL,0.644474,0.339563,7.35,43.64,MEDIUM
TF-2026-0001144,EXPORT_LC,CUST-01181,CP-03202,CA,MX,CNY,58019.85,2026-03-16,2026-07-16,CLOSED,ELECTRONICS,5,5,17,1,1,10,MEDIUM,0.565564,NORMAL,0.749046,0.671642,13.19,72.82,HIGH
TF-2026-0001145,COLLECTION,CUST-00132,CP-00835,CA,GB,CNY,63465.62,2025-03-03,2025-06-12,SETTLED,TEXTILES,4,8,10,0,0,9,HIGH,0.536585,NORMAL,0.427305,0.480556,11.17,56.36,MEDIUM
TF-2026-0001146,IMPORT_LC,CUST-00723,CP-01382,CA,SG,GBP,913989.54,2026-06-05,2026-10-24,SETTLED,AGRICULTURE,5,10,14,0,1,0,HIGH,0.588024,NORMAL,0.484205,0.797709,13.79,76.13,HIGH
TF-2026-0001147,EXPORT_LC,CUST-00515,CP-03276,CA,GB,GBP,457106.81,2025-11-26,2026-04-15,ACTIVE,TEXTILES,5,4,15,1,1,6,HIGH,0.503111,NORMAL,0.725482,0.716597,13.47,64.75,MEDIUM
TF-2026-0001148,EXPORT_LC,CUST-00649,CP-03491,CA,CN,CNY,217054.24,2025-01-29,2025-06-28,ACTIVE,TEXTILES,2,6,8,0,0,2,LOW,0.489209,NORMAL,0.321234,0.347803,9.26,26.21,LOW
TF-2026-0001149,EXPORT_LC,CUST-00425,CP-00838,CA,MX,CNY,130874.91,2025-01-28,2025-04-14,ACTIVE,TEXTILES,4,4,12,1,1,15,HIGH,0.560729,NORMAL,0.661075,0.693623,11.16,75.31,HIGH
TF-2026-0001150,GUARANTEE,CUST-00272,CP-01938,CA,SG,JPY,778042.32,2026-07-24,2026-10-19,SETTLED,AGRICULTURE,3,4,6,0,0,6,MEDIUM,0.481998,NORMAL,0.383556,0.674852,12.24,42.92,MEDIUM
TF-2026-0001151,GUARANTEE,CUST-00253,CP-00905,CA,FR,USD,388123.63,2026-07-02,2026-12-14,ACTIVE,CHEMICALS,1,4,4,0,0,1,LOW,0.509979,NORMAL,0.252337,0.239996,5.72,25.74,LOW
TF-2026-0001152,EXPORT_LC,CUST-00170,CP-02497,CA,AE,CAD,386321.77,2026-04-05,2026-07-24,SETTLED,INDUSTRIAL_EQUIPMENT,1,9,11,0,1,2,LOW,0.503394,NORMAL,0.24838,0.346348,7.48,27.57,LOW
TF-2026-0001153,GUARANTEE,CUST-00680,CP-01386,CA,IN,CAD,40981.41,2026-03-12,2026-07-08,ACTIVE,AUTO_PARTS,5,6,7,0,0,13,MEDIUM,0.594916,HIGH,0.550704,0.566903,10.93,65.47,HIGH
TF-2026-0001154,COLLECTION,CUST-01186,CP-00012,CA,BR,CAD,411112.31,2025-09-20,2026-03-07,ACTIVE,CHEMICALS,1,4,13,0,1,9,HIGH,0.487956,NORMAL,0.232213,0.422372,10.13,35.87,LOW
TF-2026-0001155,EXPORT_LC,CUST-00474,CP-00069,CA,GB,EUR,1092546.45,2024-11-06,2025-04-19,SETTLED,INDUSTRIAL_EQUIPMENT,5,8,22,1,1,12,HIGH,0.521481,NORMAL,0.654883,0.736088,17.37,68.31,HIGH
TF-2026-0001156,GUARANTEE,CUST-00845,CP-03072,CA,GB,CNY,1751656.85,2025-02-17,2025-07-19,ACTIVE,INDUSTRIAL_EQUIPMENT,2,4,8,0,0,13,LOW,0.542859,NORMAL,0.222771,0.314136,8.54,35.81,LOW
TF-2026-0001157,IMPORT_LC,CUST-00648,CP-00404,CA,BR,GBP,561065.47,2026-06-22,2026-09-30,ACTIVE,CHEMICALS,2,6,10,0,0,9,LOW,0.465018,NORMAL,0.202488,0.291954,9.32,16.64,LOW
TF-2026-0001158,GUARANTEE,CUST-00245,CP-01662,CA,BR,CNY,114224.86,2025-11-16,2026-02-27,ACTIVE,AUTO_PARTS,2,10,14,1,1,6,LOW,0.535074,NORMAL,0.592152,0.578564,12.15,54.41,MEDIUM
TF-2026-0001159,COLLECTION,CUST-00911,CP-01536,CA,SG,CNY,331307.66,2026-07-06,2026-10-18,CLOSED,AUTO_PARTS,1,6,14,0,1,5,MEDIUM,0.47452,NORMAL,0.203839,0.291646,8.4,22.78,LOW
TF-2026-0001160,COLLECTION,CUST-00434,CP-01540,CA,MX,JPY,577271.62,2025-10-22,2026-02-08,ACTIVE,AGRICULTURE,5,7,15,0,1,9,LOW,0.480448,NORMAL,0.497194,0.733324,14.11,43.08,MEDIUM
TF-2026-0001161,COLLECTION,CUST-00756,CP-00028,CA,CN,CAD,261697.43,2024-12-30,2025-03-14,SETTLED,TEXTILES,3,8,6,0,0,14,HIGH,0.501626,NORMAL,0.351517,0.562817,11.57,47.71,MEDIUM
TF-2026-0001162,IMPORT_LC,CUST-00055,CP-02484,CA,SG,CNY,394097.18,2025-12-30,2026-06-12,ACTIVE,TEXTILES,0,7,9,0,0,14,MEDIUM,0.523269,NORMAL,0.241328,0.264865,8.24,34.85,LOW
TF-2026-0001163,GUARANTEE,CUST-01073,CP-01892,CA,IN,CNY,775006.08,2025-04-23,2025-07-05,ACTIVE,TEXTILES,4,10,15,1,1,12,MEDIUM,0.522173,NORMAL,0.585153,0.768479,14.04,62.5,MEDIUM
TF-2026-0001164,EXPORT_LC,CUST-00306,CP-00152,CA,AE,GBP,187149.32,2025-08-15,2025-12-20,CLOSED,AUTO_PARTS,1,10,11,0,1,3,LOW,0.529162,NORMAL,0.179594,0.525325,9.72,38.72,LOW
TF-2026-0001165,GUARANTEE,CUST-01109,CP-00495,CA,FR,GBP,769898.87,2025-01-25,2025-07-22,CLOSED,TEXTILES,2,10,7,0,0,9,MEDIUM,0.503033,NORMAL,0.247499,0.3104,8.03,31.16,LOW
TF-2026-0001166,EXPORT_LC,CUST-00719,CP-00593,CA,MX,CAD,2164912.44,2026-07-07,2026-11-25,SETTLED,TEXTILES,5,9,15,0,1,3,MEDIUM,0.564073,NORMAL,0.402828,0.778157,12.96,65.97,HIGH
TF-2026-0001167,EXPORT_LC,CUST-00077,CP-00872,CA,US,EUR,420963.81,2024-11-08,2025-02-23,SETTLED,ELECTRONICS,5,9,9,0,0,13,HIGH,0.529373,NORMAL,0.350066,0.513206,12.21,53.49,MEDIUM
TF-2026-0001168,IMPORT_LC,CUST-00233,CP-00764,CA,SG,CNY,97988.92,2025-01-18,2025-04-03,SETTLED,CHEMICALS,4,6,12,1,1,7,HIGH,0.511266,NORMAL,0.648307,0.654743,11.3,62.46,MEDIUM
TF-2026-0001169,GUARANTEE,CUST-00017,CP-03250,CA,AE,CNY,523631.07,2025-12-05,2026-04-05,SETTLED,AUTO_PARTS,3,8,14,1,1,5,HIGH,0.46309,NORMAL,0.613143,0.539996,11.54,47.48,MEDIUM
TF-2026-0001170,GUARANTEE,CUST-00654,CP-00846,CA,CN,JPY,438279.85,2025-08-19,2025-11-21,CLOSED,TEXTILES,1,10,3,0,0,7,HIGH,0.506165,NORMAL,0.135209,0.20533,5.53,29.99,LOW
TF-2026-0001171,EXPORT_LC,CUST-01181,CP-00412,CA,SG,GBP,795275.51,2025-06-22,2025-11-28,ACTIVE,TEXTILES,0,8,5,0,0,15,MEDIUM,0.550842,NORMAL,0.160939,0.242925,6.1,38.02,LOW
TF-2026-0001172,GUARANTEE,CUST-00396,CP-01429,CA,SG,CAD,912462.98,2025-10-31,2026-03-18,CLOSED,CHEMICALS,0,4,10,0,0,1,LOW,0.540679,NORMAL,0.14574,0.27814,7.9,31.79,LOW
TF-2026-0001173,GUARANTEE,CUST-00431,CP-02166,CA,CN,USD,663625.28,2025-10-02,2026-01-06,SETTLED,AUTO_PARTS,2,10,9,1,0,8,MEDIUM,0.497547,NORMAL,0.571329,0.259719,8.77,37.69,LOW
TF-2026-0001174,GUARANTEE,CUST-00798,CP-02552,CA,US,USD,667969.84,2024-08-16,2025-01-19,ACTIVE,CHEMICALS,4,7,13,1,1,9,HIGH,0.465986,NORMAL,0.370377,0.670231,11.67,44.96,MEDIUM
TF-2026-0001175,COLLECTION,CUST-00102,CP-02953,CA,AE,CAD,10016223.73,2024-10-04,2025-02-21,SETTLED,AUTO_PARTS,3,8,13,1,1,9,LOW,0.575523,NORMAL,0.447474,0.674241,12.28,59.89,MEDIUM
TF-2026-0001176,COLLECTION,CUST-01054,CP-00171,CA,MX,CAD,298923.95,2024-11-29,2025-02-24,ACTIVE,AUTO_PARTS,4,8,14,1,1,15,MEDIUM,0.530715,NORMAL,0.495392,0.709028,13.93,60.08,MEDIUM
TF-2026-0001177,GUARANTEE,CUST-01131,CP-00478,CA,MX,EUR,593296.38,2025-05-20,2025-10-21,ACTIVE,AGRICULTURE,5,10,9,0,0,5,LOW,0.533178,NORMAL,0.536454,0.629426,13.19,54.09,MEDIUM
TF-2026-0001178,IMPORT_LC,CUST-00595,CP-00452,CA,BR,JPY,788127.77,2025-10-25,2026-04-12,SETTLED,ELECTRONICS,4,6,11,0,1,13,MEDIUM,0.498946,NORMAL,0.299675,0.799223,12.42,48.76,MEDIUM
TF-2026-0001179,EXPORT_LC,CUST-00106,CP-02537,CA,CN,GBP,1072695.12,2025-03-12,2025-07-19,CLOSED,ELECTRONICS,4,9,8,0,0,15,HIGH,0.551725,NORMAL,0.497572,0.503293,10.72,62.42,MEDIUM
TF-2026-0001180,GUARANTEE,CUST-00392,CP-03260,CA,US,CAD,1085296.35,2026-03-12,2026-06-20,CLOSED,ELECTRONICS,0,4,10,0,0,3,LOW,0.532585,NORMAL,0.112262,0.289097,8.97,29.27,LOW
TF-2026-0001181,GUARANTEE,CUST-00375,CP-02225,CA,CN,CNY,715140.73,2025-11-29,2026-04-18,ACTIVE,ELECTRONICS,5,7,6,0,0,13,MEDIUM,0.50874,NORMAL,0.448566,0.637391,11.48,50.19,MEDIUM
TF-2026-0001182,COLLECTION,CUST-00081,CP-03333,CA,SG,USD,421635.7,2025-05-11,2025-11-06,CLOSED,AUTO_PARTS,4,6,18,0,1,6,LOW,0.471761,NORMAL,0.433514,0.730079,14.4,39.56,LOW
TF-2026-0001183,COLLECTION,CUST-00997,CP-00550,CA,MX,CNY,195213.53,2026-05-28,2026-11-13,SETTLED,INDUSTRIAL_EQUIPMENT,0,3,7,1,0,6,LOW,0.552361,NORMAL,0.515186,0.18795,6.83,42.02,MEDIUM
TF-2026-0001184,GUARANTEE,CUST-00567,CP-00749,CA,SG,GBP,39567.67,2025-05-27,2025-11-11,SETTLED,CHEMICALS,5,6,17,0,1,7,MEDIUM,0.578223,NORMAL,0.483863,0.692003,13.2,66.79,HIGH
TF-2026-0001185,EXPORT_LC,CUST-00781,CP-02655,CA,GB,CNY,1113737.32,2026-01-28,2026-04-21,SETTLED,AUTO_PARTS,3,3,1,0,0,12,HIGH,0.530858,NORMAL,0.415384,0.466595,6.99,54.24,MEDIUM
TF-2026-0001186,GUARANTEE,CUST-01186,CP-00964,CA,AE,CNY,3626184.02,2026-06-01,2026-08-24,CLOSED,AGRICULTURE,4,5,14,0,1,10,HIGH,0.545644,NORMAL,0.358906,0.744453,13.32,65.46,HIGH
TF-2026-0001187,COLLECTION,CUST-00982,CP-01536,CA,SG,EUR,1084521.48,2026-08-06,2026-10-30,SETTLED,AGRICULTURE,4,7,10,0,0,5,LOW,0.485278,NORMAL,0.528354,0.464001,10.7,35.62,LOW
TF-2026-0001188,GUARANTEE,CUST-00150,CP-02503,CA,MX,EUR,636112.88,2025-11-22,2026-04-05,SETTLED,AGRICULTURE,5,5,9,1,0,11,LOW,0.505074,NORMAL,0.509915,0.585422,12.18,44.22,MEDIUM
TF-2026-0001189,GUARANTEE,CUST-00198,CP-02384,CA,MX,CAD,81715.73,2025-06-15,2025-11-08,ACTIVE,ELECTRONICS,5,4,18,1,1,1,LOW,0.582411,NORMAL,0.537096,0.621861,11.97,61.21,MEDIUM
TF-2026-0001190,GUARANTEE,CUST-00133,CP-02013,CA,FR,USD,409436.06,2025-12-12,2026-05-31,SETTLED,AUTO_PARTS,1,6,9,0,0,2,MEDIUM,0.489398,NORMAL,0.20123,0.268736,7.4,24.9,LOW
TF-2026-0001191,EXPORT_LC,CUST-01057,CP-00329,CA,SG,CNY,501566.53,2025-05-18,2025-10-12,CLOSED,AUTO_PARTS,4,6,8,0,0,4,MEDIUM,0.477002,NORMAL,0.403,0.571067,10.58,38.97,LOW
TF-2026-0001192,COLLECTION,CUST-00446,CP-00289,CA,GB,USD,48845.89,2026-05-15,2026-09-16,CLOSED,CHEMICALS,1,4,14,0,1,7,LOW,0.565946,NORMAL,0.245766,0.267274,7.86,38.63,LOW
TF-2026-0001193,IMPORT_LC,CUST-00055,CP-00963,CA,CN,JPY,200123.72,2025-02-13,2025-05-03,CLOSED,AGRICULTURE,2,4,6,1,0,5,MEDIUM,0.495256,NORMAL,0.565312,0.290324,7.47,38.04,LOW
TF-2026-0001194,COLLECTION,CUST-00129,CP-01740,CA,US,CNY,536827.15,2024-11-01,2025-02-05,ACTIVE,TEXTILES,5,6,6,1,0,8,HIGH,0.4846,NORMAL,0.528656,0.614658,11.14,50.75,MEDIUM
TF-2026-0001195,GUARANTEE,CUST-00437,CP-02967,CA,DE,CAD,296586.06,2026-01-15,2026-03-16,SETTLED,INDUSTRIAL_EQUIPMENT,3,8,12,1,1,13,HIGH,0.486084,NORMAL,0.640352,0.558289,10.93,52.44,MEDIUM
TF-2026-0001196,EXPORT_LC,CUST-00097,CP-02953,CA,AE,USD,647812.12,2025-04-16,2025-08-13,CLOSED,ELECTRONICS,4,8,13,0,1,9,MEDIUM,0.466103,NORMAL,0.359978,0.804998,13.3,44.39,MEDIUM
TF-2026-0001197,COLLECTION,CUST-00868,CP-01951,CA,CN,CNY,166293.43,2025-05-21,2025-08-17,CLOSED,TEXTILES,0,5,8,0,0,10,HIGH,0.528781,NORMAL,0.168691,0.221656,7.1,37.66,LOW
TF-2026-0001198,IMPORT_LC,CUST-00564,CP-01480,CA,FR,CNY,556800.72,2026-04-15,2026-09-04,ACTIVE,AUTO_PARTS,4,9,7,0,0,6,MEDIUM,0.491651,NORMAL,0.409305,0.551074,10.44,41.62,MEDIUM
TF-2026-0001199,IMPORT_LC,CUST-00713,CP-01985,CA,GB,JPY,463876.68,2025-09-20,2026-03-14,SETTLED,AGRICULTURE,0,8,7,0,0,6,MEDIUM,0.499788,NORMAL,0.148174,0.16933,6.34,22.38,LOW
TF-2026-0001200,GUARANTEE,CUST-00862,CP-01869,CA,BR,EUR,378288.7,2026-08-04,2026-10-26,SETTLED,INDUSTRIAL_EQUIPMENT,1,10,12,0,1,4,LOW,0.51462,NORMAL,0.137156,0.514141,9.69,33.2,LOW
TF-2026-0001201,COLLECTION,CUST-00959,CP-02862,CA,DE,JPY,1905780.07,2025-03-15,2025-08-16,ACTIVE,INDUSTRIAL_EQUIPMENT,1,5,15,0,1,3,HIGH,0.525959,NORMAL,0.25412,0.52561,11.52,50.14,MEDIUM
TF-2026-0001202,IMPORT_LC,CUST-00256,CP-03205,CA,FR,GBP,292787.35,2026-02-16,2026-08-09,ACTIVE,AGRICULTURE,2,10,8,0,0,7,LOW,0.49391,NORMAL,0.270729,0.383117,8.99,27.16,LOW
TF-2026-0001203,COLLECTION,CUST-00259,CP-03153,CA,CN,JPY,436082.4,2025-10-17,2026-02-18,ACTIVE,CHEMICALS,4,9,11,1,1,6,LOW,0.492746,NORMAL,0.592977,0.660552,13.62,46.26,MEDIUM
TF-2026-0001204,EXPORT_LC,CUST-00276,CP-01262,CA,US,JPY,1564604.22,2025-07-23,2025-12-06,SETTLED,AUTO_PARTS,4,10,13,0,1,4,HIGH,0.543329,NORMAL,0.305924,0.684048,11.66,61.34,MEDIUM
TF-2026-0001205,EXPORT_LC,CUST-00535,CP-01655,CA,AE,EUR,140582.91,2025-01-02,2025-05-07,ACTIVE,CHEMICALS,4,4,20,1,1,1,MEDIUM,0.53267,NORMAL,0.717945,0.711694,13.11,67.26,HIGH
TF-2026-0001206,GUARANTEE,CUST-00199,CP-02090,CA,AE,CAD,170994.78,2026-04-07,2026-07-06,SETTLED,CHEMICALS,3,3,17,1,1,12,MEDIUM,0.536538,NORMAL,0.516467,0.648493,13.3,59.89,MEDIUM
TF-2026-0001207,IMPORT_LC,CUST-00678,CP-00861,CA,FR,CAD,608300.9,2025-07-19,2025-12-07,ACTIVE,ELECTRONICS,0,8,6,0,0,6,MEDIUM,0.503201,NORMAL,0.185834,0.213516,6.56,25.99,LOW
TF-2026-0001208,EXPORT_LC,CUST-00155,CP-02765,CA,DE,GBP,133335.18,2025-09-30,2026-03-13,SETTLED,ELECTRONICS,3,6,17,0,1,13,LOW,0.505226,NORMAL,0.307764,0.60927,13.5,39.03,LOW
TF-2026-0001209,GUARANTEE,CUST-00554,CP-03009,CA,MX,JPY,261721.46,2026-03-20,2026-07-26,SETTLED,ELECTRONICS,2,8,8,0,0,15,LOW,0.52332,NORMAL,0.254332,0.481925,10.13,37.86,LOW
TF-2026-0001210,GUARANTEE,CUST-00065,CP-00750,CA,GB,EUR,160920.91,2026-01-28,2026-04-05,CLOSED,AUTO_PARTS,4,6,16,0,1,3,HIGH,0.503728,NORMAL,0.337238,0.599236,12.83,49.21,MEDIUM
TF-2026-0001211,COLLECTION,CUST-00648,CP-00187,CA,IN,JPY,976618.14,2025-03-21,2025-09-13,SETTLED,ELECTRONICS,5,10,15,0,1,14,LOW,0.570354,NORMAL,0.496885,0.701757,13.19,61.9,MEDIUM
TF-2026-0001212,EXPORT_LC,CUST-00070,CP-01254,CA,MX,GBP,292432.3,2025-06-01,2025-11-26,CLOSED,ELECTRONICS,0,9,3,0,0,12,HIGH,0.524646,NORMAL,0.217407,0.180708,4.6,36.59,LOW
TF-2026-0001213,GUARANTEE,CUST-00595,CP-02676,CA,SG,EUR,192519.21,2025-07-20,2025-09-25,SETTLED,TEXTILES,2,8,9,1,0,15,MEDIUM,0.532925,NORMAL,0.266915,0.446298,9.7,44.51,MEDIUM
TF-2026-0001214,COLLECTION,CUST-00608,CP-00825,CA,AE,USD,1940836.41,2026-04-07,2026-09-09,ACTIVE,AUTO_PARTS,1,8,3,1,0,9,MEDIUM,0.512654,NORMAL,0.58797,0.258564,6.12,42.18,MEDIUM
TF-2026-0001215,EXPORT_LC,CUST-00498,CP-01751,CA,DE,EUR,1239662.07,2026-05-12,2026-10-08,CLOSED,AUTO_PARTS,4,9,12,0,1,10,HIGH,0.506911,NORMAL,0.413334,0.737309,11.15,57.16,MEDIUM
TF-2026-0001216,EXPORT_LC,CUST-00272,CP-03482,CA,SG,CAD,1302777.93,2026-03-17,2026-07-05,ACTIVE,AUTO_PARTS,1,6,4,0,0,14,MEDIUM,0.523111,NORMAL,0.229023,0.395186,6.42,38.99,LOW
TF-2026-0001217,GUARANTEE,CUST-00798,CP-01378,CA,SG,JPY,340632.47,2024-10-02,2024-12-01,SETTLED,ELECTRONICS,3,6,1,0,0,1,HIGH,0.489436,NORMAL,0.310983,0.46722,7.12,40.16,MEDIUM
TF-2026-0001218,EXPORT_LC,CUST-01078,CP-02942,CA,JP,GBP,97690.02,2026-03-27,2026-06-21,ACTIVE,TEXTILES,3,10,11,0,1,5,MEDIUM,0.53869,NORMAL,0.265426,0.653854,10.96,53.07,MEDIUM
TF-2026-0001219,IMPORT_LC,CUST-00706,CP-00491,CA,BR,GBP,107305.82,2026-07-01,2026-11-27,SETTLED,TEXTILES,3,5,13,0,1,5,HIGH,0.508482,NORMAL,0.396128,0.566303,10.7,51.05,MEDIUM
TF-2026-0001220,GUARANTEE,CUST-00976,CP-01019,CA,MX,CAD,1645692.19,2026-04-20,2026-07-17,SETTLED,INDUSTRIAL_EQUIPMENT,4,6,14,1,1,8,HIGH,0.500501,NORMAL,0.696246,0.756335,13.61,64.55,MEDIUM
TF-2026-0001221,IMPORT_LC,CUST-00267,CP-02508,CA,IN,EUR,284093.37,2025-04-12,2025-08-08,CLOSED,AUTO_PARTS,4,8,23,1,1,2,LOW,0.501067,NORMAL,0.635211,0.729031,15.83,51.9,MEDIUM
TF-2026-0001222,EXPORT_LC,CUST-00354,CP-00113,CA,BR,USD,755526.09,2025-01-15,2025-05-31,ACTIVE,AUTO_PARTS,0,7,10,0,0,8,HIGH,0.508648,NORMAL,0.170754,0.173282,8.27,30.58,LOW
TF-2026-0001223,COLLECTION,CUST-00719,CP-00471,CA,JP,CAD,134363.66,2025-04-28,2025-07-04,CLOSED,CHEMICALS,1,5,10,0,0,3,MEDIUM,0.512428,NORMAL,0.182254,0.249345,9.68,29.65,LOW
TF-2026-0001224,GUARANTEE,CUST-00250,CP-00906,CA,BR,JPY,82779.23,2026-07-19,2026-12-15,CLOSED,CHEMICALS,3,10,18,0,1,1,HIGH,0.570765,NORMAL,0.395036,0.691101,13.63,68.51,HIGH
TF-2026-0001225,COLLECTION,CUST-00361,CP-01017,CA,DE,GBP,354019.29,2025-07-08,2025-12-31,CLOSED,INDUSTRIAL_EQUIPMENT,1,10,10,0,0,11,MEDIUM,0.517255,NORMAL,0.140288,0.269688,8.96,30.49,LOW
TF-2026-0001226,IMPORT_LC,CUST-00998,CP-01582,CA,MX,JPY,560320.42,2025-11-18,2026-04-23,CLOSED,CHEMICALS,2,4,13,0,1,8,MEDIUM,0.483196,NORMAL,0.286282,0.482701,11.36,33.53,LOW
TF-2026-0001227,GUARANTEE,CUST-00915,CP-01109,CA,DE,USD,1890625.9,2024-11-15,2025-03-29,CLOSED,CHEMICALS,3,7,16,0,1,9,LOW,0.494867,NORMAL,0.422922,0.563542,11.16,38.24,LOW
TF-2026-0001228,EXPORT_LC,CUST-00225,CP-01767,CA,AE,JPY,202001.62,2025-11-13,2026-03-22,SETTLED,INDUSTRIAL_EQUIPMENT,1,7,7,0,0,12,LOW,0.490699,NORMAL,0.187966,0.341632,7.6,22.38,LOW
TF-2026-0001229,COLLECTION,CUST-00765,CP-01614,CA,US,CNY,159535.0,2024-12-27,2025-05-21,ACTIVE,AUTO_PARTS,4,5,13,0,1,7,HIGH,0.49474,NORMAL,0.475411,0.571127,10.32,50.04,MEDIUM
TF-2026-0001230,COLLECTION,CUST-00991,CP-00757,CA,JP,CAD,193036.95,2026-05-30,2026-11-16,CLOSED,TEXTILES,4,8,5,1,0,0,MEDIUM,0.546777,NORMAL,0.510322,0.730783,12.76,64.79,MEDIUM
TF-2026-0001231,IMPORT_LC,CUST-01189,CP-02211,CA,AE,GBP,1220724.02,2026-08-12,2026-10-14,ACTIVE,ELECTRONICS,4,6,8,0,0,14,LOW,0.526456,NORMAL,0.336585,0.576844,10.31,44.54,MEDIUM
TF-2026-0001232,GUARANTEE,CUST-00889,CP-03000,CA,BR,CNY,1631402.75,2025-02-10,2025-06-04,ACTIVE,INDUSTRIAL_EQUIPMENT,3,3,14,0,1,7,HIGH,0.537655,NORMAL,0.545972,0.699585,12.01,67.82,HIGH
TF-2026-0001233,EXPORT_LC,CUST-00507,CP-01824,CA,GB,CNY,698279.97,2026-07-11,2026-09-19,SETTLED,AUTO_PARTS,3,7,14,0,1,6,MEDIUM,0.463102,NORMAL,0.388027,0.550121,9.9,36.09,LOW
TF-2026-0001234,IMPORT_LC,CUST-00666,CP-01045,CA,US,CAD,1285621.9,2025-07-25,2025-12-24,CLOSED,CHEMICALS,4,5,10,1,0,0,HIGH,0.545418,NORMAL,0.700133,0.435813,11.15,64.85,MEDIUM
TF-2026-0001235,COLLECTION,CUST-00355,CP-01714,CA,IN,USD,1465944.07,2026-01-12,2026-06-27,CLOSED,TEXTILES,0,5,11,0,1,7,MEDIUM,0.525377,NORMAL,0.204713,0.448496,9.12,40.81,MEDIUM
TF-2026-0001236,EXPORT_LC,CUST-00284,CP-02711,CA,JP,EUR,1314011.43,2024-08-30,2024-11-07,SETTLED,AGRICULTURE,3,10,16,0,1,15,LOW,0.570596,NORMAL,0.358928,0.556409,11.73,52.7,MEDIUM
TF-2026-0001237,IMPORT_LC,CUST-00203,CP-01647,CA,MX,GBP,1017008.95,2024-09-09,2025-02-12,SETTLED,CHEMICALS,5,9,7,0,0,7,MEDIUM,0.517238,NORMAL,0.464871,0.571479,11.53,50.78,MEDIUM
TF-2026-0001238,IMPORT_LC,CUST-01025,CP-02750,CA,MX,GBP,920377.18,2025-08-27,2025-11-04,ACTIVE,CHEMICALS,2,8,10,0,0,7,MEDIUM,0.473959,NORMAL,0.327172,0.355272,8.69,28.64,LOW
TF-2026-0001239,GUARANTEE,CUST-00613,CP-03033,CA,GB,JPY,341313.28,2025-11-03,2026-02-06,CLOSED,INDUSTRIAL_EQUIPMENT,1,10,9,0,0,5,LOW,0.507591,NORMAL,0.096316,0.27562,8.55,21.64,LOW
TF-2026-0001240,GUARANTEE,CUST-00507,CP-00228,CA,FR,CAD,32117.12,2026-01-26,2026-04-29,CLOSED,AUTO_PARTS,0,4,4,0,0,9,MEDIUM,0.606939,HIGH,0.232912,0.213118,6.9,43.93,MEDIUM
TF-2026-0001241,GUARANTEE,CUST-01072,CP-02041,CA,CN,EUR,206374.32,2025-09-19,2026-01-15,CLOSED,AGRICULTURE,1,9,9,0,0,7,LOW,0.492479,NORMAL,0.17678,0.157789,7.73,16.13,LOW
TF-2026-0001242,EXPORT_LC,CUST-00673,CP-01430,CA,GB,CNY,163802.16,2025-07-02,2025-11-07,CLOSED,CHEMICALS,1,8,9,0,0,15,MEDIUM,0.543124,NORMAL,0.261428,0.257671,8.4,40.04,MEDIUM
TF-2026-0001243,COLLECTION,CUST-00265,CP-01081,CA,BR,GBP,1366839.98,2025-06-04,2025-09-08,CLOSED,ELECTRONICS,3,5,8,0,0,1,LOW,0.521254,NORMAL,0.372558,0.426142,8.35,38.89,LOW
TF-2026-0001244,COLLECTION,CUST-00986,CP-02313,CA,US,JPY,542581.92,2024-11-30,2025-04-08,ACTIVE,AUTO_PARTS,2,5,7,0,0,0,HIGH,0.513482,NORMAL,0.359311,0.308377,7.91,42.29,MEDIUM
TF-2026-0001245,IMPORT_LC,CUST-00562,CP-01442,CA,MX,CNY,188897.52,2025-07-17,2025-11-08,SETTLED,CHEMICALS,2,9,9,1,0,6,HIGH,0.496532,NORMAL,0.340805,0.327498,8.81,37.93,LOW
TF-2026-0001246,EXPORT_LC,CUST-01103,CP-00375,CA,GB,JPY,436094.08,2025-11-02,2026-04-25,SETTLED,ELECTRONICS,4,7,10,1,0,2,MEDIUM,0.490149,NORMAL,0.612164,0.557989,12.3,47.54,MEDIUM
TF-2026-0001247,EXPORT_LC,CUST-00378,CP-02112,CA,MX,JPY,2608821.76,2026-06-18,2026-08-28,ACTIVE,INDUSTRIAL_EQUIPMENT,4,10,16,1,1,12,HIGH,0.572256,NORMAL,0.380196,0.851225,15.51,73.76,HIGH
TF-2026-0001248,COLLECTION,CUST-00727,CP-01406,CA,AE,USD,394760.51,2025-11-22,2026-03-05,ACTIVE,AGRICULTURE,3,8,11,0,1,12,MEDIUM,0.478929,NORMAL,0.373025,0.750201,11.41,44.72,MEDIUM
TF-2026-0001249,GUARANTEE,CUST-00506,CP-02377,CA,BR,USD,1578554.47,2026-01-02,2026-04-16,ACTIVE,INDUSTRIAL_EQUIPMENT,4,7,15,0,1,8,HIGH,0.497381,NORMAL,0.544475,0.784909,14.13,60.21,MEDIUM
TF-2026-0001250,GUARANTEE,CUST-01033,CP-00742,CA,JP,USD,1287170.2,2025-10-22,2026-04-10,CLOSED,TEXTILES,5,4,20,0,1,10,HIGH,0.53742,NORMAL,0.355264,0.714897,15.13,62.59,MEDIUM
TF-2026-0001251,COLLECTION,CUST-00710,CP-02456,CA,CN,EUR,783102.78,2025-12-07,2026-02-16,CLOSED,CHEMICALS,3,4,18,1,1,7,HIGH,0.481205,NORMAL,0.528503,0.598405,14.05,49.43,MEDIUM
TF-2026-0001252,IMPORT_LC,CUST-00566,CP-03417,CA,FR,USD,209671.08,2025-11-28,2026-05-12,ACTIVE,ELECTRONICS,3,7,9,0,0,7,LOW,0.466109,NORMAL,0.437095,0.583917,10.73,33.97,LOW
TF-2026-0001253,EXPORT_LC,CUST-00905,CP-01631,CA,BR,JPY,253244.65,2025-03-18,2025-08-02,ACTIVE,ELECTRONICS,0,10,10,0,0,3,LOW,0.55016,NORMAL,0.097924,0.262607,9.08,31.71,LOW
TF-2026-0001254,COLLECTION,CUST-00975,CP-01827,CA,US,GBP,238429.95,2025-09-08,2025-12-16,CLOSED,CHEMICALS,0,10,5,0,0,7,MEDIUM,0.54021,NORMAL,0.136167,0.183816,5.78,33.11,LOW
TF-2026-0001255,GUARANTEE,CUST-00134,CP-01369,CA,SG,EUR,2394321.66,2025-10-13,2026-03-26,ACTIVE,TEXTILES,0,10,5,0,0,8,MEDIUM,0.583066,NORMAL,0.166886,0.230915,6.72,41.47,MEDIUM
TF-2026-0001256,IMPORT_LC,CUST-00086,CP-03218,CA,BR,CNY,236629.6,2024-10-26,2025-03-29,SETTLED,AGRICULTURE,2,5,12,1,1,2,MEDIUM,0.492977,NORMAL,0.554836,0.51499,10.36,45.07,MEDIUM
TF-2026-0001257,GUARANTEE,CUST-00694,CP-01447,CA,JP,CNY,3456310.22,2025-04-08,2025-07-11,ACTIVE,INDUSTRIAL_EQUIPMENT,1,10,6,0,0,8,MEDIUM,0.574364,NORMAL,0.167089,0.267668,7.42,42.15,MEDIUM
TF-2026-0001258,COLLECTION,CUST-00318,CP-00733,CA,BR,JPY,499910.05,2024-12-16,2025-03-25,ACTIVE,AUTO_PARTS,1,8,6,0,0,13,LOW,0.489779,NORMAL,0.161585,0.172025,7.13,15.4,LOW
TF-2026-0001259,EXPORT_LC,CUST-01141,CP-01067,CA,MX,CNY,390732.49,2026-07-17,2027-01-12,CLOSED,ELECTRONICS,5,8,14,0,1,14,MEDIUM,0.528867,NORMAL,0.429773,0.659313,13.59,55.84,MEDIUM
TF-2026-0001260,GUARANTEE,CUST-00818,CP-01766,CA,GB,JPY,321350.97,2025-07-07,2025-12-01,ACTIVE,TEXTILES,1,9,9,0,0,1,LOW,0.5069,NORMAL,0.197048,0.252462,8.42,23.69,LOW
TF-2026-0001261,GUARANTEE,CUST-00875,CP-00677,CA,DE,GBP,420246.27,2025-01-05,2025-06-08,SETTLED,ELECTRONICS,4,5,15,1,1,3,MEDIUM,0.486296,NORMAL,0.635569,0.783067,14.17,55.21,MEDIUM
TF-2026-0001262,GUARANTEE,CUST-00958,CP-00725,CA,US,EUR,2150518.7,2026-01-27,2026-05-20,SETTLED,CHEMICALS,5,7,23,0,1,12,HIGH,0.551143,NORMAL,0.362496,0.746581,17.69,66.78,HIGH
TF-2026-0001263,COLLECTION,CUST-01052,CP-01622,CA,GB,CNY,446234.18,2026-02-21,2026-07-08,SETTLED,AGRICULTURE,5,10,19,1,1,1,MEDIUM,0.564543,NORMAL,0.722051,0.75838,16.27,74.91,HIGH
TF-2026-0001264,EXPORT_LC,CUST-00482,CP-00416,CA,JP,EUR,213089.01,2025-02-01,2025-06-23,ACTIVE,ELECTRONICS,3,9,9,0,0,2,MEDIUM,0.499816,NORMAL,0.455137,0.407685,10.57,39.94,LOW
TF-2026-0001265,EXPORT_LC,CUST-00197,CP-02053,CA,CN,EUR,100030.81,2025-08-02,2025-12-21,SETTLED,AUTO_PARTS,1,6,10,0,0,10,LOW,0.516065,NORMAL,0.254445,0.321326,7.82,30.4,LOW
TF-2026-0001266,IMPORT_LC,CUST-00376,CP-01002,CA,CN,GBP,1258850.76,2026-04-09,2026-08-26,ACTIVE,AGRICULTURE,1,3,9,0,0,4,HIGH,0.540948,NORMAL,0.200117,0.183909,9.46,40.18,MEDIUM
TF-2026-0001267,IMPORT_LC,CUST-00016,CP-02864,CA,US,CNY,1198683.29,2026-08-07,2027-01-19,ACTIVE,ELECTRONICS,5,4,18,1,1,10,LOW,0.531805,NORMAL,0.407871,0.836416,16.49,57.11,MEDIUM
TF-2026-0001268,GUARANTEE,CUST-00149,CP-01281,CA,SG,JPY,779641.47,2025-10-25,2025-12-31,CLOSED,AUTO_PARTS,0,4,5,0,0,2,MEDIUM,0.526944,NORMAL,0.145233,0.308415,6.7,34.5,LOW
TF-2026-0001269,EXPORT_LC,CUST-00068,CP-03457,CA,BR,JPY,1272994.2,2025-11-25,2026-05-11,ACTIVE,ELECTRONICS,0,6,5,0,0,7,MEDIUM,0.517491,NORMAL,0.089636,0.349893,7.36,31.84,LOW
TF-2026-0001270,IMPORT_LC,CUST-01119,CP-00957,CA,AE,USD,1693779.87,2026-03-23,2026-06-09,SETTLED,AUTO_PARTS,5,10,20,1,1,15,MEDIUM,0.606543,HIGH,0.645553,0.751195,16.53,75.14,HIGH
TF-2026-0001271,COLLECTION,CUST-01012,CP-02784,CA,BR,CAD,308338.14,2026-07-16,2026-11-29,ACTIVE,INDUSTRIAL_EQUIPMENT,3,10,13,0,1,7,MEDIUM,0.494314,NORMAL,0.454792,0.501546,10.74,41.93,MEDIUM
TF-2026-0001272,EXPORT_LC,CUST-00351,CP-00168,CA,FR,CNY,511055.65,2024-11-21,2025-02-25,ACTIVE,AUTO_PARTS,2,6,3,0,0,4,HIGH,0.469838,NORMAL,0.199281,0.334062,6.99,28.4,LOW
TF-2026-0001273,GUARANTEE,CUST-00006,CP-02162,CA,SG,EUR,444132.77,2025-11-20,2026-03-15,SETTLED,CHEMICALS,3,10,8,0,0,0,HIGH,0.548793,NORMAL,0.504678,0.45403,9.54,60.31,MEDIUM
TF-2026-0001274,EXPORT_LC,CUST-00660,CP-01343,CA,FR,JPY,365131.46,2026-08-05,2026-12-13,ACTIVE,ELECTRONICS,3,6,12,0,1,4,LOW,0.470065,NORMAL,0.360165,0.709495,11.7,36.42,LOW
TF-2026-0001275,IMPORT_LC,CUST-00396,CP-01048,CA,GB,GBP,375855.08,2026-07-15,2026-10-05,ACTIVE,AGRICULTURE,4,3,17,1,1,2,LOW,0.533458,NORMAL,0.265103,0.624958,12.5,45.87,MEDIUM
TF-2026-0001276,IMPORT_LC,CUST-00944,CP-00201,CA,MX,GBP,290633.05,2024-09-27,2025-01-16,CLOSED,ELECTRONICS,4,9,15,0,1,2,MEDIUM,0.51196,NORMAL,0.344849,0.778629,14.45,52.9,MEDIUM
TF-2026-0001277,IMPORT_LC,CUST-01183,CP-00256,CA,BR,CNY,268260.73,2026-04-07,2026-06-22,SETTLED,AGRICULTURE,3,10,3,0,0,6,MEDIUM,0.504488,NORMAL,0.488697,0.36949,7.19,40.93,MEDIUM
TF-2026-0001278,COLLECTION,CUST-00083,CP-00529,CA,MX,EUR,864601.41,2026-03-09,2026-07-04,SETTLED,TEXTILES,5,8,17,0,1,14,HIGH,0.536095,NORMAL,0.43696,0.795076,14.71,67.55,HIGH
TF-2026-0001279,EXPORT_LC,CUST-01090,CP-01097,CA,US,USD,550946.63,2025-02-22,2025-08-13,CLOSED,ELECTRONICS,2,10,12,1,1,7,HIGH,0.494676,NORMAL,0.579538,0.584363,10.11,53.62,MEDIUM
TF-2026-0001280,GUARANTEE,CUST-00787,CP-01173,CA,JP,GBP,283280.3,2025-02-12,2025-07-23,SETTLED,AUTO_PARTS,1,6,12,0,1,14,HIGH,0.505083,NORMAL,0.21364,0.383399,9.64,38.27,LOW
TF-2026-0001281,COLLECTION,CUST-00341,CP-03232,CA,SG,USD,411637.32,2026-03-06,2026-08-22,ACTIVE,INDUSTRIAL_EQUIPMENT,1,7,15,0,1,9,MEDIUM,0.471853,NORMAL,0.255246,0.289072,7.75,23.8,LOW
TF-2026-0001282,GUARANTEE,CUST-00816,CP-02826,CA,DE,EUR,107288.09,2026-01-24,2026-07-05,ACTIVE,TEXTILES,1,9,2,0,0,13,HIGH,0.537309,NORMAL,0.185435,0.263501,6.88,41.68,MEDIUM
TF-2026-0001283,GUARANTEE,CUST-00241,CP-03032,CA,AE,EUR,32413.89,2024-10-13,2025-03-02,ACTIVE,TEXTILES,2,8,6,0,0,15,MEDIUM,0.608054,HIGH,0.289183,0.360465,8.62,50.8,MEDIUM
TF-2026-0001284,EXPORT_LC,CUST-00228,CP-00504,CA,AE,JPY,198168.25,2025-06-21,2025-09-11,SETTLED,TEXTILES,1,7,8,0,0,7,HIGH,0.480114,NORMAL,0.215603,0.243041,7.13,27.4,LOW
TF-2026-0001285,COLLECTION,CUST-00768,CP-03133,CA,AE,USD,510342.6,2024-10-21,2024-12-29,CLOSED,TEXTILES,0,3,1,0,0,13,MEDIUM,0.557741,NORMAL,0.383164,0.235996,4.55,45.58,MEDIUM
TF-2026-0001286,IMPORT_LC,CUST-00696,CP-01907,CA,US,USD,184303.74,2025-01-18,2025-04-05,ACTIVE,AGRICULTURE,0,3,8,0,0,5,MEDIUM,0.550486,NORMAL,0.197105,0.20567,5.44,37.72,LOW
TF-2026-0001287,GUARANTEE,CUST-00422,CP-03051,CA,GB,CAD,3470417.37,2026-06-25,2026-10-11,ACTIVE,TEXTILES,3,9,11,1,1,3,MEDIUM,0.554198,NORMAL,0.655295,0.648734,10.55,67.67,HIGH
TF-2026-0001288,GUARANTEE,CUST-00019,CP-01740,CA,US,CAD,1043425.97,2026-05-25,2026-09-02,ACTIVE,INDUSTRIAL_EQUIPMENT,2,3,4,1,0,8,HIGH,0.528063,NORMAL,0.280948,0.310371,7.15,43.96,MEDIUM
TF-2026-0001289,GUARANTEE,CUST-00108,CP-00767,CA,SG,JPY,642374.02,2025-04-07,2025-07-09,ACTIVE,AUTO_PARTS,1,5,10,0,0,6,MEDIUM,0.477745,NORMAL,0.177485,0.282949,7.76,22.29,LOW
TF-2026-0001290,COLLECTION,CUST-00928,CP-02070,CA,JP,EUR,641554.66,2025-11-18,2026-04-09,ACTIVE,CHEMICALS,2,5,11,0,1,4,HIGH,0.474888,NORMAL,0.28037,0.463613,9.57,36.15,LOW
TF-2026-0001291,GUARANTEE,CUST-00348,CP-02126,CA,GB,JPY,1374363.68,2024-08-21,2024-11-16,SETTLED,CHEMICALS,5,7,11,0,1,13,LOW,0.530792,NORMAL,0.548479,0.808401,12.52,60.18,MEDIUM
TF-2026-0001292,EXPORT_LC,CUST-00799,CP-01817,CA,AE,CNY,124576.62,2025-05-25,2025-10-09,ACTIVE,AGRICULTURE,0,3,7,0,0,11,MEDIUM,0.575652,NORMAL,0.241755,0.242039,6.77,43.61,MEDIUM
TF-2026-0001293,IMPORT_LC,CUST-00485,CP-01397,CA,IN,CNY,561378.33,2025-05-25,2025-09-07,ACTIVE,AGRICULTURE,3,9,10,0,0,0,LOW,0.524049,NORMAL,0.349565,0.345986,10.13,36.2,LOW
TF-2026-0001294,COLLECTION,CUST-00339,CP-02717,CA,IN,EUR,115663.1,2026-03-25,2026-09-10,ACTIVE,AGRICULTURE,0,3,7,0,0,6,LOW,0.568309,NORMAL,0.237971,0.131206,6.92,33.95,LOW
TF-2026-0001295,EXPORT_LC,CUST-00659,CP-01661,CA,IN,EUR,253973.12,2025-07-26,2025-11-05,CLOSED,INDUSTRIAL_EQUIPMENT,5,6,10,0,0,11,MEDIUM,0.505223,NORMAL,0.45482,0.526375,11.32,45.54,MEDIUM
TF-2026-0001296,GUARANTEE,CUST-00317,CP-01353,CA,US,JPY,1229296.98,2026-05-27,2026-11-06,SETTLED,AGRICULTURE,5,3,15,1,1,7,HIGH,0.556842,NORMAL,0.456246,0.765415,13.51,71.16,HIGH
TF-2026-0001297,COLLECTION,CUST-00672,CP-00664,CA,MX,EUR,1041880.45,2026-01-10,2026-04-14,SETTLED,INDUSTRIAL_EQUIPMENT,5,3,19,0,1,0,MEDIUM,0.593045,HIGH,0.599634,0.69602,15.19,71.32,HIGH
TF-2026-0001298,GUARANTEE,CUST-01169,CP-02927,CA,CN,GBP,1340533.44,2026-05-20,2026-08-16,SETTLED,AUTO_PARTS,4,8,18,0,1,5,LOW,0.499808,NORMAL,0.501209,0.639124,14.14,44.42,MEDIUM
TF-2026-0001299,GUARANTEE,CUST-00855,CP-00289,CA,GB,USD,136535.97,2025-09-27,2025-12-22,ACTIVE,AGRICULTURE,0,7,10,1,0,7,HIGH,0.522499,NORMAL,0.205446,0.13877,7.84,34.13,LOW
TF-2026-0001300,EXPORT_LC,CUST-00784,CP-01431,CA,BR,USD,1058831.84,2024-12-03,2025-04-20,CLOSED,INDUSTRIAL_EQUIPMENT,5,3,15,1,1,0,LOW,0.594971,HIGH,0.601931,0.781797,15.77,69.54,HIGH
TF-2026-0001301,GUARANTEE,CUST-00577,CP-00356,CA,CN,CNY,634388.89,2025-02-17,2025-04-29,ACTIVE,ELECTRONICS,3,3,8,0,0,14,MEDIUM,0.542184,NORMAL,0.285349,0.525662,10.55,49.96,MEDIUM
TF-2026-0001302,EXPORT_LC,CUST-00851,CP-01989,CA,AE,GBP,440464.36,2025-06-15,2025-11-19,SETTLED,CHEMICALS,3,6,6,0,0,4,MEDIUM,0.468795,NORMAL,0.357132,0.607613,10.78,37.63,LOW
TF-2026-0001303,IMPORT_LC,CUST-00678,CP-03302,CA,JP,CNY,219397.44,2024-08-30,2025-01-10,ACTIVE,AGRICULTURE,5,4,15,1,1,9,MEDIUM,0.5206,NORMAL,0.549734,0.763245,14.93,60.84,MEDIUM
TF-2026-0001304,GUARANTEE,CUST-00144,CP-01276,CA,CN,CAD,467121.22,2024-10-11,2024-12-12,SETTLED,CHEMICALS,3,3,12,1,1,3,MEDIUM,0.518686,NORMAL,0.614283,0.630339,11.92,57.67,MEDIUM
TF-2026-0001305,GUARANTEE,CUST-00253,CP-03058,CA,FR,GBP,217519.71,2025-10-12,2026-02-20,SETTLED,ELECTRONICS,1,4,16,0,1,11,LOW,0.501046,NORMAL,0.153294,0.472005,10.89,28.43,LOW
TF-2026-0001306,IMPORT_LC,CUST-00357,CP-02389,CA,BR,GBP,69161.76,2025-10-28,2026-01-16,ACTIVE,ELECTRONICS,1,8,4,0,0,15,MEDIUM,0.57721,NORMAL,0.15492,0.208039,5.72,39.92,LOW
TF-2026-0001307,GUARANTEE,CUST-01087,CP-03140,CA,BR,CNY,541378.32,2025-01-17,2025-06-18,CLOSED,AGRICULTURE,5,7,16,1,1,1,HIGH,0.520856,NORMAL,0.417831,0.794281,14.98,63.05,MEDIUM
TF-2026-0001308,EXPORT_LC,CUST-01197,CP-00025,CA,IN,JPY,877641.63,2026-07-13,2026-12-20,ACTIVE,INDUSTRIAL_EQUIPMENT,2,8,6,0,0,3,MEDIUM,0.491264,NORMAL,0.212561,0.450308,8.1,32.11,LOW
TF-2026-0001309,COLLECTION,CUST-01004,CP-00587,CA,FR,CNY,645461.9,2024-10-24,2025-02-24,CLOSED,ELECTRONICS,2,4,1,1,0,9,MEDIUM,0.485247,NORMAL,0.22087,0.320186,6.44,26.34,LOW
TF-2026-0001310,EXPORT_LC,CUST-00611,CP-00052,CA,SG,CNY,529904.41,2025-03-31,2025-07-13,SETTLED,CHEMICALS,5,4,16,1,1,6,MEDIUM,0.502567,NORMAL,0.69696,0.822166,16.15,62.38,MEDIUM
TF-2026-0001311,COLLECTION,CUST-01004,CP-02816,CA,FR,EUR,321293.63,2025-03-16,2025-05-23,CLOSED,AGRICULTURE,5,3,7,0,0,9,MEDIUM,0.539353,NORMAL,0.57439,0.47091,9.22,56.13,MEDIUM
TF-2026-0001312,COLLECTION,CUST-00853,CP-00332,CA,SG,CNY,542619.88,2025-06-07,2025-08-07,CLOSED,AGRICULTURE,1,9,12,0,1,7,HIGH,0.483085,NORMAL,0.174873,0.498141,9.66,35.7,LOW
TF-2026-0001313,EXPORT_LC,CUST-00384,CP-00540,CA,CN,JPY,456307.09,2025-11-18,2026-03-12,CLOSED,TEXTILES,3,4,10,1,0,10,MEDIUM,0.483001,NORMAL,0.617388,0.64142,12.03,48.97,MEDIUM
TF-2026-0001314,COLLECTION,CUST-00406,CP-00350,CA,DE,EUR,371561.24,2025-01-04,2025-06-03,SETTLED,ELECTRONICS,1,10,7,0,0,8,LOW,0.506585,NORMAL,0.177567,0.194392,7.35,20.99,LOW
TF-2026-0001315,EXPORT_LC,CUST-00989,CP-01154,CA,AE,CAD,769051.97,2025-06-23,2025-11-03,ACTIVE,TEXTILES,0,10,1,0,0,11,MEDIUM,0.540969,NORMAL,0.235216,0.301405,6.79,40.36,MEDIUM
TF-2026-0001316,IMPORT_LC,CUST-00847,CP-00773,CA,DE,CNY,366622.44,2025-08-21,2026-01-07,SETTLED,AUTO_PARTS,2,10,16,0,1,11,MEDIUM,0.508212,NORMAL,0.293985,0.413946,10.61,37.55,LOW
TF-2026-0001317,EXPORT_LC,CUST-00632,CP-03142,CA,DE,CNY,153780.49,2025-02-22,2025-08-01,ACTIVE,AGRICULTURE,3,6,11,0,1,13,MEDIUM,0.502596,NORMAL,0.598544,0.51749,11.2,48.78,MEDIUM
TF-2026-0001318,GUARANTEE,CUST-01036,CP-02729,CA,IN,CNY,508890.53,2025-06-16,2025-11-06,ACTIVE,ELECTRONICS,5,4,10,0,0,9,LOW,0.505499,NORMAL,0.55704,0.672332,13.21,48.83,MEDIUM
TF-2026-0001319,COLLECTION,CUST-00869,CP-01577,CA,IN,JPY,109005.63,2025-07-06,2025-12-21,SETTLED,AGRICULTURE,2,10,10,0,0,9,MEDIUM,0.530068,NORMAL,0.225979,0.333297,10.05,38.67,LOW
TF-2026-0001320,IMPORT_LC,CUST-00461,CP-02010,CA,IN,USD,111255.4,2025-08-08,2026-01-05,ACTIVE,AGRICULTURE,5,4,15,0,1,9,MEDIUM,0.547013,NORMAL,0.398362,0.707621,14.46,60.7,MEDIUM
TF-2026-0001321,GUARANTEE,CUST-00098,CP-03332,CA,BR,GBP,115414.6,2025-11-30,2026-03-12,SETTLED,ELECTRONICS,4,3,11,0,1,10,LOW,0.555457,NORMAL,0.486215,0.796546,11.52,62.94,MEDIUM
TF-2026-0001322,GUARANTEE,CUST-00328,CP-03275,CA,SG,JPY,1300632.17,2024-12-07,2025-03-18,ACTIVE,INDUSTRIAL_EQUIPMENT,1,3,8,0,0,15,LOW,0.584272,NORMAL,0.212333,0.245849,7.44,38.44,LOW
TF-2026-0001323,GUARANTEE,CUST-01177,CP-00366,CA,MX,EUR,363333.64,2025-12-04,2026-02-19,ACTIVE,AUTO_PARTS,3,9,12,0,1,0,LOW,0.526243,NORMAL,0.556642,0.569177,11.01,50.82,MEDIUM
TF-2026-0001324,GUARANTEE,CUST-00389,CP-02749,CA,CN,GBP,836131.87,2025-11-23,2026-05-19,ACTIVE,TEXTILES,3,9,9,1,0,7,LOW,0.476058,NORMAL,0.582396,0.389677,10.28,32.84,LOW
TF-2026-0001325,EXPORT_LC,CUST-00291,CP-00854,CA,IN,JPY,990503.29,2025-01-12,2025-03-24,SETTLED,ELECTRONICS,1,9,11,0,1,15,MEDIUM,0.551789,NORMAL,0.117837,0.427504,9.25,43.4,MEDIUM
TF-2026-0001326,IMPORT_LC,CUST-00898,CP-00557,CA,AE,USD,605267.14,2026-08-12,2026-10-23,CLOSED,INDUSTRIAL_EQUIPMENT,5,6,6,0,0,9,HIGH,0.486138,NORMAL,0.400666,0.774125,14.74,52.82,MEDIUM
TF-2026-0001327,IMPORT_LC,CUST-00409,CP-02650,CA,BR,JPY,48687.89,2025-05-15,2025-09-26,ACTIVE,AUTO_PARTS,1,9,5,0,0,7,HIGH,0.55903,NORMAL,0.374795,0.197199,5.36,49.14,MEDIUM
TF-2026-0001328,GUARANTEE,CUST-00801,CP-03354,CA,FR,GBP,217103.71,2025-05-08,2025-08-19,CLOSED,AGRICULTURE,2,3,13,0,1,6,MEDIUM,0.524728,NORMAL,0.23111,0.441945,8.38,41.15,MEDIUM
TF-2026-0001329,COLLECTION,CUST-01094,CP-00511,CA,SG,CAD,1133998.67,2026-06-14,2026-10-15,SETTLED,TEXTILES,1,5,1,1,0,13,MEDIUM,0.505943,NORMAL,0.538521,0.23462,5.13,38.06,LOW
TF-2026-0001330,IMPORT_LC,CUST-00602,CP-01582,CA,MX,GBP,2037144.64,2026-04-09,2026-10-03,ACTIVE,TEXTILES,5,3,18,1,1,8,MEDIUM,0.577827,NORMAL,0.647964,0.665958,13.79,70.77,HIGH
TF-2026-0001331,COLLECTION,CUST-00904,CP-03106,CA,IN,GBP,219872.73,2024-08-16,2025-01-04,CLOSED,INDUSTRIAL_EQUIPMENT,2,6,13,0,1,8,LOW,0.474053,NORMAL,0.195363,0.382707,10.01,20.67,LOW
TF-2026-0001332,COLLECTION,CUST-01020,CP-00278,CA,SG,CAD,250658.99,2025-02-22,2025-07-01,CLOSED,AUTO_PARTS,2,7,4,1,0,7,MEDIUM,0.466725,NORMAL,0.421702,0.333885,7.29,29.8,LOW
TF-2026-0001333,GUARANTEE,CUST-00030,CP-02367,CA,DE,CAD,106566.74,2025-10-16,2025-12-19,CLOSED,AUTO_PARTS,1,8,3,0,0,14,HIGH,0.538524,NORMAL,0.26612,0.291997,6.38,45.38,MEDIUM
TF-2026-0001334,COLLECTION,CUST-00339,CP-03447,CA,AE,CAD,542887.73,2025-02-22,2025-07-04,ACTIVE,TEXTILES,1,7,6,1,0,8,LOW,0.474352,NORMAL,0.569369,0.189011,6.44,25.12,LOW
TF-2026-0001335,EXPORT_LC,CUST-00835,CP-00979,CA,GB,USD,980224.04,2026-03-01,2026-07-04,ACTIVE,ELECTRONICS,5,10,13,0,1,4,LOW,0.544565,NORMAL,0.445966,0.763883,14.24,58.56,MEDIUM
TF-2026-0001336,COLLECTION,CUST-01044,CP-01700,CA,US,GBP,82811.97,2026-06-16,2026-11-13,ACTIVE,AUTO_PARTS,3,10,9,1,0,6,MEDIUM,0.553574,NORMAL,0.60115,0.460466,10.58,59.35,MEDIUM
TF-2026-0001337,EXPORT_LC,CUST-00488,CP-02784,CA,BR,CAD,348742.89,2026-07-30,2026-11-15,ACTIVE,AGRICULTURE,4,5,12,0,1,7,MEDIUM,0.476479,NORMAL,0.403133,0.860597,12.75,49.04,MEDIUM
TF-2026-0001338,GUARANTEE,CUST-00745,CP-00389,CA,AE,GBP,843912.58,2024-08-31,2024-12-07,CLOSED,AGRICULTURE,2,5,15,0,1,4,HIGH,0.481405,NORMAL,0.190473,0.648188,11.98,41.09,MEDIUM
TF-2026-0001339,IMPORT_LC,CUST-00231,CP-03344,CA,CN,CAD,337436.57,2025-02-25,2025-07-04,ACTIVE,AGRICULTURE,0,8,6,0,0,13,HIGH,0.515294,NORMAL,0.177201,0.156294,6.53,32.08,LOW
TF-2026-0001340,EXPORT_LC,CUST-01033,CP-03012,CA,IN,CNY,183441.46,2026-01-10,2026-05-15,SETTLED,CHEMICALS,0,5,2,0,0,0,HIGH,0.562617,NORMAL,0.224928,0.18572,4.64,44.7,MEDIUM
TF-2026-0001341,EXPORT_LC,CUST-00501,CP-01232,CA,AE,EUR,1666685.86,2024-11-12,2025-04-13,SETTLED,CHEMICALS,2,10,11,0,1,2,MEDIUM,0.545505,NORMAL,0.289074,0.673188,10.64,55.85,MEDIUM
TF-2026-0001342,IMPORT_LC,CUST-01076,CP-03062,CA,AE,CNY,349143.41,2024-09-24,2025-02-25,SETTLED,AGRICULTURE,4,9,13,0,1,11,HIGH,0.496601,NORMAL,0.409024,0.68585,12.65,52.53,MEDIUM
TF-2026-0001343,COLLECTION,CUST-01079,CP-00394,CA,JP,USD,77256.07,2025-01-05,2025-04-03,CLOSED,ELECTRONICS,5,7,20,0,1,9,HIGH,0.538862,NORMAL,0.540967,0.683551,13.86,67.44,HIGH
TF-2026-0001344,GUARANTEE,CUST-00563,CP-01400,CA,JP,JPY,34551.57,2025-08-01,2026-01-21,CLOSED,ELECTRONICS,1,8,12,0,1,3,MEDIUM,0.572638,NORMAL,0.184273,0.432735,9.84,48.26,MEDIUM
TF-2026-0001345,EXPORT_LC,CUST-00883,CP-01945,CA,US,JPY,282508.13,2026-01-29,2026-05-15,SETTLED,CHEMICALS,0,7,12,0,1,3,MEDIUM,0.516006,NORMAL,0.089644,0.430515,9.23,34.26,LOW
TF-2026-0001346,COLLECTION,CUST-00354,CP-03484,CA,DE,GBP,309221.15,2025-02-06,2025-04-13,SETTLED,AUTO_PARTS,2,6,9,0,0,5,HIGH,0.467957,NORMAL,0.261706,0.278746,9.11,28.2,LOW
TF-2026-0001347,COLLECTION,CUST-00363,CP-02133,CA,MX,GBP,1900547.83,2024-12-08,2025-05-26,ACTIVE,TEXTILES,3,6,10,1,0,0,HIGH,0.557268,NORMAL,0.590057,0.503161,9.72,66.05,HIGH
TF-2026-0001348,EXPORT_LC,CUST-00425,CP-02872,CA,SG,EUR,309620.84,2025-06-24,2025-11-11,ACTIVE,INDUSTRIAL_EQUIPMENT,5,10,15,1,1,5,HIGH,0.534423,NORMAL,0.704057,0.78738,14.12,74.96,HIGH
TF-2026-0001349,EXPORT_LC,CUST-01074,CP-01123,CA,GB,EUR,1061245.1,2025-08-06,2025-10-24,SETTLED,ELECTRONICS,0,8,1,0,0,15,HIGH,0.559701,NORMAL,0.270875,0.24105,6.87,47.63,MEDIUM
TF-2026-0001350,COLLECTION,CUST-00090,CP-03031,CA,CN,GBP,838993.39,2024-10-06,2025-02-24,ACTIVE,INDUSTRIAL_EQUIPMENT,0,7,9,0,0,2,LOW,0.526521,NORMAL,0.184085,0.209319,8.25,27.12,LOW
TF-2026-0001351,GUARANTEE,CUST-00149,CP-00098,CA,AE,JPY,298409.48,2025-06-12,2025-12-05,ACTIVE,INDUSTRIAL_EQUIPMENT,2,8,18,0,1,8,MEDIUM,0.471034,NORMAL,0.249641,0.568477,13.16,33.29,LOW
TF-2026-0001352,GUARANTEE,CUST-00521,CP-03470,CA,MX,CNY,310995.79,2026-07-29,2026-12-02,CLOSED,AGRICULTURE,0,10,6,0,0,13,MEDIUM,0.551051,NORMAL,0.233966,0.183644,5.77,38.18,LOW
TF-2026-0001353,EXPORT_LC,CUST-00456,CP-02692,CA,JP,CAD,1195755.07,2026-01-21,2026-04-12,ACTIVE,TEXTILES,2,10,6,0,0,1,MEDIUM,0.539719,NORMAL,0.292079,0.509585,9.9,49.11,MEDIUM
TF-2026-0001354,EXPORT_LC,CUST-00098,CP-02085,CA,DE,USD,3349131.41,2024-12-20,2025-02-18,CLOSED,INDUSTRIAL_EQUIPMENT,0,10,5,0,0,14,LOW,0.614269,HIGH,0.123751,0.242176,5.94,36.89,LOW
TF-2026-0001355,IMPORT_LC,CUST-00475,CP-02461,CA,GB,CNY,236725.44,2025-10-14,2026-02-01,CLOSED,ELECTRONICS,1,8,14,0,1,5,HIGH,0.477975,NORMAL,0.211226,0.49726,10.61,35.84,LOW
TF-2026-0001356,GUARANTEE,CUST-00432,CP-02442,CA,CN,CNY,538043.71,2024-12-22,2025-03-16,ACTIVE,ELECTRONICS,4,8,14,0,1,13,HIGH,0.495588,NORMAL,0.414894,0.678549,13.36,52.21,MEDIUM
TF-2026-0001357,IMPORT_LC,CUST-01056,CP-01308,CA,JP,EUR,321370.3,2026-07-23,2026-10-06,SETTLED,TEXTILES,5,10,12,1,1,12,LOW,0.540057,NORMAL,0.474321,0.78847,14.3,59.39,MEDIUM
TF-2026-0001358,IMPORT_LC,CUST-00147,CP-01932,CA,FR,CNY,426139.48,2026-04-07,2026-07-21,SETTLED,CHEMICALS,0,3,3,0,0,6,MEDIUM,0.537385,NORMAL,0.124461,0.243969,4.23,34.17,LOW
TF-2026-0001359,COLLECTION,CUST-00427,CP-01962,CA,BR,GBP,1560738.82,2025-10-16,2026-03-23,ACTIVE,AGRICULTURE,3,3,8,0,0,9,HIGH,0.53609,NORMAL,0.328769,0.420403,10.42,51.19,MEDIUM
TF-2026-0001360,IMPORT_LC,CUST-01113,CP-00007,CA,US,JPY,333528.75,2026-01-27,2026-07-07,ACTIVE,TEXTILES,5,5,15,1,1,2,HIGH,0.511594,NORMAL,0.698294,0.77151,14.31,68.15,HIGH
TF-2026-0001361,IMPORT_LC,CUST-00824,CP-00075,CA,JP,EUR,192895.5,2026-03-25,2026-06-30,CLOSED,TEXTILES,3,10,7,0,0,10,HIGH,0.513587,NORMAL,0.269065,0.402196,9.48,42.91,MEDIUM
TF-2026-0001362,IMPORT_LC,CUST-00509,CP-01386,CA,IN,USD,362775.78,2025-12-06,2026-02-05,ACTIVE,ELECTRONICS,4,6,17,0,1,13,HIGH,0.492566,NORMAL,0.279846,0.703436,14.17,48.34,MEDIUM
TF-2026-0001363,EXPORT_LC,CUST-00371,CP-02458,CA,CN,CAD,26906.48,2025-01-17,2025-05-15,SETTLED,AGRICULTURE,0,7,3,0,0,1,MEDIUM,0.610166,HIGH,0.202963,0.176843,5.15,41.89,MEDIUM
TF-2026-0001364,COLLECTION,CUST-00940,CP-02188,CA,CN,GBP,592692.95,2026-06-04,2026-10-20,ACTIVE,CHEMICALS,2,10,6,0,0,15,MEDIUM,0.552104,NORMAL,0.251096,0.428322,8.82,47.47,MEDIUM
TF-2026-0001365,IMPORT_LC,CUST-00601,CP-03320,CA,CN,EUR,924242.63,2026-04-22,2026-10-02,ACTIVE,INDUSTRIAL_EQUIPMENT,3,7,12,0,1,13,MEDIUM,0.491673,NORMAL,0.359135,0.744219,12.16,46.88,MEDIUM
TF-2026-0001366,GUARANTEE,CUST-01037,CP-01895,CA,FR,CAD,232752.04,2026-02-08,2026-06-04,SETTLED,TEXTILES,0,3,6,0,0,9,MEDIUM,0.552293,NORMAL,0.143366,0.236108,7.43,37.54,LOW
TF-2026-0001367,COLLECTION,CUST-00328,CP-02250,CA,SG,JPY,494820.89,2026-06-05,2026-10-08,CLOSED,AGRICULTURE,0,5,10,0,0,0,LOW,0.546304,NORMAL,0.220117,0.175422,7.5,31.53,LOW
TF-2026-0001368,IMPORT_LC,CUST-00713,CP-02775,CA,FR,CAD,64427.69,2025-01-16,2025-04-12,SETTLED,INDUSTRIAL_EQUIPMENT,5,7,9,1,0,13,MEDIUM,0.566628,NORMAL,0.531281,0.593671,12.05,63.71,MEDIUM
TF-2026-0001369,IMPORT_LC,CUST-00555,CP-03071,CA,JP,USD,373495.54,2025-10-04,2026-01-28,ACTIVE,TEXTILES,1,4,12,0,1,7,MEDIUM,0.487307,NORMAL,0.226111,0.503286,9.95,33.37,LOW
TF-2026-0001370,GUARANTEE,CUST-00316,CP-01858,CA,JP,JPY,797739.84,2026-01-13,2026-05-29,CLOSED,ELECTRONICS,5,10,15,0,1,13,MEDIUM,0.552225,NORMAL,0.539792,0.811157,14.65,69.55,HIGH
TF-2026-0001371,EXPORT_LC,CUST-00992,CP-00275,CA,CN,JPY,1091233.12,2026-06-12,2026-11-07,SETTLED,CHEMICALS,5,5,10,1,0,4,LOW,0.507565,NORMAL,0.47275,0.561841,12.15,42.94,MEDIUM
TF-2026-0001372,IMPORT_LC,CUST-00527,CP-00251,CA,DE,USD,143668.88,2026-03-04,2026-07-01,SETTLED,AGRICULTURE,0,9,12,0,1,6,LOW,0.537629,NORMAL,0.199677,0.160878,7.31,28.58,LOW
TF-2026-0001373,IMPORT_LC,CUST-00841,CP-03264,CA,US,USD,65696.92,2025-10-14,2026-02-13,ACTIVE,AUTO_PARTS,4,3,11,0,1,8,HIGH,0.573966,NORMAL,0.580059,0.581222,11.15,70.49,HIGH
TF-2026-0001374,GUARANTEE,CUST-00639,CP-01010,CA,JP,JPY,263810.0,2026-05-31,2026-08-15,SETTLED,AGRICULTURE,2,9,7,0,0,15,LOW,0.53879,NORMAL,0.287303,0.395817,9.07,39.73,LOW
TF-2026-0001375,COLLECTION,CUST-00221,CP-01312,CA,MX,CNY,1004671.76,2024-08-15,2025-02-02,CLOSED,CHEMICALS,1,9,10,1,0,11,MEDIUM,0.505753,NORMAL,0.545387,0.255732,9.62,38.97,LOW
TF-2026-0001376,GUARANTEE,CUST-00480,CP-03015,CA,CN,CNY,222741.38,2024-10-31,2025-01-27,SETTLED,AGRICULTURE,0,9,5,0,0,13,LOW,0.535369,NORMAL,0.113397,0.152948,6.17,25.23,LOW
TF-2026-0001377,EXPORT_LC,CUST-01064,CP-00132,CA,IN,USD,398745.42,2025-09-06,2025-12-24,CLOSED,AGRICULTURE,3,10,15,0,1,1,MEDIUM,0.527337,NORMAL,0.302198,0.613907,11.27,50.03,MEDIUM
TF-2026-0001378,GUARANTEE,CUST-00321,CP-02552,CA,US,GBP,110290.15,2025-07-26,2025-11-06,ACTIVE,AUTO_PARTS,2,7,4,1,0,9,LOW,0.498525,NORMAL,0.564337,0.420383,11.14,38.36,LOW
TF-2026-0001379,GUARANTEE,CUST-00883,CP-00103,CA,CN,CNY,341283.48,2026-07-08,2026-12-26,CLOSED,CHEMICALS,2,4,6,0,0,6,MEDIUM,0.480616,NORMAL,0.23583,0.357538,8.29,27.13,LOW
TF-2026-0001380,GUARANTEE,CUST-00447,CP-00275,CA,CN,EUR,399299.51,2026-02-17,2026-06-20,CLOSED,CHEMICALS,2,3,13,0,1,4,LOW,0.51591,NORMAL,0.266573,0.4601,10.91,35.57,LOW
TF-2026-0001381,COLLECTION,CUST-00568,CP-02799,CA,CN,USD,844939.73,2025-07-23,2025-11-25,CLOSED,INDUSTRIAL_EQUIPMENT,1,7,14,1,1,6,LOW,0.47804,NORMAL,0.418168,0.45772,10.34,30.67,LOW
TF-2026-0001382,IMPORT_LC,CUST-01138,CP-02463,CA,GB,EUR,196518.5,2024-10-07,2025-02-09,SETTLED,INDUSTRIAL_EQUIPMENT,4,4,9,0,0,5,HIGH,0.504077,NORMAL,0.423179,0.468616,10.85,47.33,MEDIUM
TF-2026-0001383,IMPORT_LC,CUST-00676,CP-03493,CA,JP,JPY,1977434.78,2024-10-11,2025-01-22,ACTIVE,INDUSTRIAL_EQUIPMENT,0,7,9,0,0,0,MEDIUM,0.587428,NORMAL,0.190062,0.225096,6.75,42.23,MEDIUM
TF-2026-0001384,IMPORT_LC,CUST-00378,CP-00433,CA,CN,GBP,1026443.16,2025-12-14,2026-03-04,ACTIVE,AGRICULTURE,0,5,7,0,0,10,HIGH,0.515367,NORMAL,0.126082,0.118922,7.0,29.27,LOW
TF-2026-0001385,EXPORT_LC,CUST-00813,CP-03184,CA,MX,JPY,188437.42,2026-03-03,2026-05-21,CLOSED,INDUSTRIAL_EQUIPMENT,2,8,3,0,0,1,MEDIUM,0.509106,NORMAL,0.253123,0.349446,7.53,34.34,LOW
TF-2026-0001386,GUARANTEE,CUST-01006,CP-03485,CA,DE,EUR,597641.99,2025-03-06,2025-06-04,SETTLED,TEXTILES,4,8,8,0,0,5,HIGH,0.474482,NORMAL,0.460692,0.567192,10.8,45.12,MEDIUM
TF-2026-0001387,EXPORT_LC,CUST-01155,CP-01323,CA,JP,USD,813808.54,2026-01-30,2026-06-09,CLOSED,CHEMICALS,1,3,6,0,0,7,MEDIUM,0.521769,NORMAL,0.254538,0.355362,8.35,38.04,LOW
TF-2026-0001388,GUARANTEE,CUST-00744,CP-02008,CA,JP,JPY,258900.23,2025-11-28,2026-02-21,CLOSED,TEXTILES,5,3,14,0,1,14,MEDIUM,0.578808,NORMAL,0.384741,0.652395,13.04,62.47,MEDIUM
TF-2026-0001389,GUARANTEE,CUST-00572,CP-03443,CA,US,JPY,806308.04,2026-03-21,2026-07-07,SETTLED,TEXTILES,2,4,9,0,0,6,LOW,0.484797,NORMAL,0.288472,0.379373,9.75,25.36,LOW
TF-2026-0001390,COLLECTION,CUST-00335,CP-00569,CA,FR,USD,361492.61,2025-12-10,2026-02-23,SETTLED,TEXTILES,3,8,11,1,1,12,MEDIUM,0.478869,NORMAL,0.358186,0.639083,11.75,40.37,MEDIUM
TF-2026-0001391,COLLECTION,CUST-01019,CP-00331,CA,CN,JPY,1925595.07,2024-09-17,2025-02-21,CLOSED,TEXTILES,2,8,10,0,0,5,HIGH,0.506463,NORMAL,0.304374,0.274954,8.6,37.57,LOW
TF-2026-0001392,IMPORT_LC,CUST-00063,CP-03044,CA,DE,CNY,210673.72,2026-01-02,2026-04-26,CLOSED,CHEMICALS,0,9,6,0,0,10,LOW,0.523823,NORMAL,0.207967,0.145378,5.73,24.86,LOW
TF-2026-0001393,GUARANTEE,CUST-00004,CP-02259,CA,MX,GBP,452361.42,2025-12-20,2026-04-19,SETTLED,AUTO_PARTS,4,5,7,0,0,1,LOW,0.503881,NORMAL,0.522077,0.528935,10.19,42.36,MEDIUM
TF-2026-0001394,GUARANTEE,CUST-00434,CP-02423,CA,FR,GBP,227470.37,2025-12-24,2026-04-21,SETTLED,AGRICULTURE,3,10,15,0,1,10,LOW,0.511297,NORMAL,0.337485,0.679611,12.86,44.02,MEDIUM
TF-2026-0001395,GUARANTEE,CUST-00885,CP-00143,CA,DE,USD,707112.44,2025-12-23,2026-06-12,CLOSED,AGRICULTURE,4,9,11,0,1,10,HIGH,0.49237,NORMAL,0.378025,0.669714,12.85,50.03,MEDIUM
TF-2026-0001396,COLLECTION,CUST-00973,CP-00230,CA,MX,USD,7813565.01,2025-07-16,2025-09-30,ACTIVE,AUTO_PARTS,5,5,9,0,0,9,HIGH,0.604966,HIGH,0.453439,0.654794,10.46,70.97,HIGH
TF-2026-0001397,GUARANTEE,CUST-00843,CP-03057,CA,GB,CAD,766565.47,2025-05-14,2025-11-01,ACTIVE,TEXTILES,4,9,13,0,1,3,HIGH,0.504466,NORMAL,0.613614,0.711302,12.59,61.64,MEDIUM
TF-2026-0001398,EXPORT_LC,CUST-00681,CP-02582,CA,DE,USD,157406.67,2026-06-21,2026-10-10,ACTIVE,AUTO_PARTS,3,10,15,0,1,13,HIGH,0.529665,NORMAL,0.359562,0.656117,11.73,58.84,MEDIUM
TF-2026-0001399,EXPORT_LC,CUST-00042,CP-00181,CA,DE,CAD,692544.59,2025-01-26,2025-04-03,CLOSED,CHEMICALS,0,7,10,0,0,6,LOW,0.501783,NORMAL,0.12451,0.210795,8.47,18.61,LOW
TF-2026-0001400,COLLECTION,CUST-00912,CP-00403,CA,BR,CAD,1301653.44,2024-11-03,2025-03-23,SETTLED,AGRICULTURE,5,3,21,1,1,6,LOW,0.562689,NORMAL,0.509721,0.677178,14.27,60.46,MEDIUM
TF-2026-0001401,COLLECTION,CUST-00601,CP-02952,CA,GB,EUR,576610.9,2024-09-03,2024-12-16,ACTIVE,INDUSTRIAL_EQUIPMENT,5,5,9,1,0,4,MEDIUM,0.495429,NORMAL,0.661677,0.496427,11.32,48.2,MEDIUM
TF-2026-0001402,EXPORT_LC,CUST-00482,CP-01342,CA,IN,CNY,1966965.38,2025-12-18,2026-03-20,ACTIVE,AUTO_PARTS,3,10,6,0,0,8,MEDIUM,0.533208,NORMAL,0.449558,0.540916,10.97,53.4,MEDIUM
TF-2026-0001403,IMPORT_LC,CUST-00526,CP-00005,CA,GB,JPY,2998197.61,2025-04-18,2025-08-17,ACTIVE,AGRICULTURE,0,9,12,0,1,10,HIGH,0.565879,NORMAL,0.281838,0.376086,8.76,53.5,MEDIUM
TF-2026-0001404,GUARANTEE,CUST-00472,CP-01509,CA,BR,USD,295763.89,2025-07-09,2025-12-12,SETTLED,ELECTRONICS,5,3,17,1,1,13,LOW,0.555542,NORMAL,0.638404,0.765984,13.28,66.45,HIGH
TF-2026-0001405,COLLECTION,CUST-01003,CP-00848,CA,GB,JPY,970967.82,2025-09-19,2026-02-02,CLOSED,AGRICULTURE,0,3,5,0,0,3,LOW,0.563177,NORMAL,0.140511,0.232571,6.25,33.88,LOW
TF-2026-0001406,COLLECTION,CUST-00181,CP-01067,CA,MX,USD,2385466.53,2024-11-26,2025-02-07,ACTIVE,TEXTILES,5,9,12,0,1,14,LOW,0.59067,HIGH,0.419781,0.788897,12.43,64.06,MEDIUM
TF-2026-0001407,IMPORT_LC,CUST-00690,CP-01611,CA,GB,USD,623117.19,2025-06-28,2025-09-29,SETTLED,INDUSTRIAL_EQUIPMENT,5,4,14,0,1,3,HIGH,0.510674,NORMAL,0.32333,0.770889,14.33,56.65,MEDIUM
TF-2026-0001408,EXPORT_LC,CUST-00746,CP-03135,CA,MX,GBP,3820940.86,2026-01-24,2026-07-22,SETTLED,ELECTRONICS,5,6,13,0,1,5,LOW,0.570448,NORMAL,0.378879,0.776805,13.61,61.0,MEDIUM
TF-2026-0001409,IMPORT_LC,CUST-00686,CP-01477,CA,BR,CAD,475920.25,2025-10-11,2026-02-25,SETTLED,TEXTILES,3,4,17,0,1,6,MEDIUM,0.475845,NORMAL,0.392873,0.701528,13.77,43.02,MEDIUM
TF-2026-0001410,EXPORT_LC,CUST-00445,CP-03179,CA,DE,USD,930909.69,2024-08-30,2024-12-21,SETTLED,INDUSTRIAL_EQUIPMENT,3,6,10,0,0,5,MEDIUM,0.47562,NORMAL,0.45705,0.496405,11.85,37.72,LOW
TF-2026-0001411,IMPORT_LC,CUST-01078,CP-01090,CA,GB,CAD,1226982.41,2026-02-17,2026-08-12,CLOSED,AGRICULTURE,5,8,16,0,1,1,MEDIUM,0.543909,NORMAL,0.538668,0.870729,14.61,69.99,HIGH
TF-2026-0001412,COLLECTION,CUST-00400,CP-00024,CA,GB,CNY,211724.73,2024-09-29,2024-12-16,SETTLED,TEXTILES,1,6,2,0,0,11,MEDIUM,0.48709,NORMAL,0.240967,0.239944,4.26,24.52,LOW
TF-2026-0001413,GUARANTEE,CUST-00993,CP-00642,CA,MX,CNY,473782.33,2025-06-18,2025-11-12,SETTLED,ELECTRONICS,3,7,6,0,0,4,LOW,0.467156,NORMAL,0.422505,0.537245,11.14,31.99,LOW
TF-2026-0001414,IMPORT_LC,CUST-01106,CP-01967,CA,BR,EUR,343487.76,2025-09-23,2025-11-23,CLOSED,AGRICULTURE,0,8,10,0,0,5,LOW,0.5027,NORMAL,0.168326,0.145259,7.66,17.87,LOW
TF-2026-0001415,EXPORT_LC,CUST-00915,CP-02177,CA,JP,GBP,1647502.04,2025-01-28,2025-05-06,ACTIVE,CHEMICALS,5,7,11,0,1,2,LOW,0.5412,NORMAL,0.304102,0.766979,12.33,53.79,MEDIUM
TF-2026-0001416,IMPORT_LC,CUST-00153,CP-01413,CA,MX,USD,145149.52,2026-08-12,2026-10-17,SETTLED,AGRICULTURE,4,10,15,1,1,4,HIGH,0.541248,NORMAL,0.617352,0.652131,13.5,69.18,HIGH
TF-2026-0001417,EXPORT_LC,CUST-00156,CP-01105,CA,AE,USD,2142900.59,2025-08-14,2025-12-26,SETTLED,INDUSTRIAL_EQUIPMENT,3,9,16,0,1,0,MEDIUM,0.563633,NORMAL,0.470849,0.719759,12.92,65.89,HIGH
TF-2026-0001418,GUARANTEE,CUST-01074,CP-01845,CA,MX,CNY,454325.96,2025-10-10,2025-12-23,ACTIVE,AUTO_PARTS,2,8,10,0,0,9,HIGH,0.464003,NORMAL,0.193334,0.313559,9.53,27.03,LOW
TF-2026-0001419,EXPORT_LC,CUST-00695,CP-01962,CA,BR,USD,408992.17,2025-11-29,2026-03-25,SETTLED,AGRICULTURE,3,5,13,1,1,9,LOW,0.463236,NORMAL,0.618695,0.720073,11.84,43.97,MEDIUM
TF-2026-0001420,COLLECTION,CUST-01102,CP-03475,CA,GB,JPY,193454.01,2025-12-29,2026-05-13,SETTLED,INDUSTRIAL_EQUIPMENT,0,3,8,0,0,4,LOW,0.555047,NORMAL,0.214128,0.201693,6.82,33.9,LOW
TF-2026-0001421,COLLECTION,CUST-00660,CP-02255,CA,US,JPY,249374.21,2025-08-04,2026-01-21,ACTIVE,AUTO_PARTS,0,6,5,0,0,12,LOW,0.509417,NORMAL,0.199983,0.256595,6.61,24.6,LOW
TF-2026-0001422,GUARANTEE,CUST-00485,CP-00829,CA,GB,CNY,1028857.89,2025-07-28,2025-12-20,CLOSED,TEXTILES,2,10,18,0,1,1,LOW,0.534136,NORMAL,0.294458,0.570267,14.24,44.96,MEDIUM
TF-2026-0001423,COLLECTION,CUST-00667,CP-02593,CA,SG,USD,467183.99,2025-04-18,2025-06-23,ACTIVE,TEXTILES,5,10,18,0,1,6,LOW,0.532774,NORMAL,0.443481,0.805724,15.67,57.34,MEDIUM
TF-2026-0001424,COLLECTION,CUST-01031,CP-03320,CA,CN,CNY,3727460.16,2025-09-13,2026-02-04,SETTLED,INDUSTRIAL_EQUIPMENT,5,7,14,1,1,13,LOW,0.573502,NORMAL,0.550712,0.772774,13.7,66.27,HIGH
TF-2026-0001425,EXPORT_LC,CUST-00373,CP-02826,CA,DE,JPY,361751.58,2026-03-14,2026-08-06,SETTLED,INDUSTRIAL_EQUIPMENT,1,8,7,0,0,13,LOW,0.491449,NORMAL,0.122799,0.266486,9.21,18.03,LOW
TF-2026-0001426,EXPORT_LC,CUST-00570,CP-03284,CA,AE,JPY,307129.21,2024-10-29,2025-03-23,CLOSED,TEXTILES,4,10,15,0,1,14,HIGH,0.546941,NORMAL,0.401251,0.792008,14.0,68.71,HIGH
TF-2026-0001427,COLLECTION,CUST-01069,CP-00889,CA,CN,CAD,335066.44,2024-11-16,2025-03-13,SETTLED,ELECTRONICS,2,4,12,0,1,9,LOW,0.485341,NORMAL,0.196778,0.465744,9.65,25.74,LOW
TF-2026-0001428,COLLECTION,CUST-00058,CP-03392,CA,JP,EUR,259414.3,2026-02-06,2026-07-14,CLOSED,ELECTRONICS,1,10,1,0,0,5,HIGH,0.51226,NORMAL,0.23584,0.207967,5.16,34.74,LOW
TF-2026-0001429,IMPORT_LC,CUST-01084,CP-01524,CA,BR,EUR,186298.77,2025-02-15,2025-08-12,CLOSED,INDUSTRIAL_EQUIPMENT,5,6,18,0,1,9,HIGH,0.505803,NORMAL,0.457583,0.85608,16.27,62.37,MEDIUM
TF-2026-0001430,COLLECTION,CUST-00761,CP-01434,CA,SG,CNY,132342.74,2025-01-12,2025-04-22,ACTIVE,AUTO_PARTS,2,7,9,1,0,7,LOW,0.490894,NORMAL,0.592433,0.34334,10.27,34.65,LOW
TF-2026-0001431,IMPORT_LC,CUST-01108,CP-01312,CA,MX,EUR,470097.12,2025-09-13,2026-01-18,ACTIVE,INDUSTRIAL_EQUIPMENT,3,7,11,0,1,11,MEDIUM,0.470461,NORMAL,0.523051,0.60984,13.42,42.89,MEDIUM
TF-2026-0001432,IMPORT_LC,CUST-00832,CP-01553,CA,GB,CNY,463709.51,2026-07-29,2026-12-16,SETTLED,CHEMICALS,0,4,1,0,0,7,HIGH,0.514676,NORMAL,0.151259,0.17553,3.76,31.79,LOW
TF-2026-0001433,IMPORT_LC,CUST-00087,CP-00170,CA,BR,CNY,289734.91,2025-09-27,2026-02-13,CLOSED,AUTO_PARTS,4,5,16,0,1,11,HIGH,0.494098,NORMAL,0.389,0.790953,14.04,55.01,MEDIUM
TF-2026-0001434,IMPORT_LC,CUST-00462,CP-03230,CA,AE,GBP,285667.19,2024-10-10,2025-01-16,ACTIVE,AGRICULTURE,2,10,13,1,1,12,HIGH,0.513768,NORMAL,0.309566,0.389325,8.94,43.75,MEDIUM
TF-2026-0001435,COLLECTION,CUST-00823,CP-02877,CA,JP,CAD,609033.3,2025-12-02,2026-04-11,CLOSED,INDUSTRIAL_EQUIPMENT,5,3,14,0,1,13,HIGH,0.553108,NORMAL,0.562975,0.807538,13.87,75.27,HIGH
TF-2026-0001436,IMPORT_LC,CUST-00618,CP-00042,CA,SG,GBP,515258.13,2024-09-08,2025-02-20,SETTLED,INDUSTRIAL_EQUIPMENT,0,10,9,0,0,11,MEDIUM,0.539008,NORMAL,0.140386,0.174845,7.38,32.66,LOW
TF-2026-0001437,IMPORT_LC,CUST-00370,CP-02251,CA,IN,EUR,337434.75,2026-05-06,2026-08-03,SETTLED,INDUSTRIAL_EQUIPMENT,2,7,13,1,1,15,HIGH,0.517954,NORMAL,0.555741,0.490213,10.31,55.81,MEDIUM
TF-2026-0001438,EXPORT_LC,CUST-00332,CP-03223,CA,IN,CNY,262573.94,2024-12-22,2025-02-24,SETTLED,TEXTILES,5,7,12,0,1,14,HIGH,0.523427,NORMAL,0.398171,0.763869,12.79,62.09,MEDIUM
TF-2026-0001439,IMPORT_LC,CUST-00869,CP-00151,CA,DE,EUR,985993.51,2025-11-01,2026-04-08,SETTLED,INDUSTRIAL_EQUIPMENT,3,4,14,0,1,12,MEDIUM,0.498174,NORMAL,0.425126,0.711146,12.74,49.29,MEDIUM
TF-2026-0001440,COLLECTION,CUST-00586,CP-02984,CA,CN,JPY,122133.65,2025-07-31,2025-12-09,SETTLED,INDUSTRIAL_EQUIPMENT,0,6,4,0,0,2,MEDIUM,0.543368,NORMAL,0.160867,0.188781,6.0,34.66,LOW
TF-2026-0001441,EXPORT_LC,CUST-00910,CP-01010,CA,JP,USD,331754.83,2024-12-12,2025-03-18,SETTLED,AUTO_PARTS,2,5,12,1,1,15,MEDIUM,0.529263,NORMAL,0.562093,0.588847,10.75,57.46,MEDIUM
TF-2026-0001442,GUARANTEE,CUST-00392,CP-01157,CA,IN,CAD,274527.78,2026-03-07,2026-08-06,SETTLED,ELECTRONICS,4,6,7,1,0,10,LOW,0.481872,NORMAL,0.707991,0.513915,10.75,41.99,MEDIUM
TF-2026-0001443,GUARANTEE,CUST-00272,CP-02575,CA,SG,JPY,279858.68,2025-08-07,2026-01-03,ACTIVE,INDUSTRIAL_EQUIPMENT,4,3,9,0,0,10,MEDIUM,0.529666,NORMAL,0.394608,0.659039,13.24,55.0,MEDIUM
TF-2026-0001444,EXPORT_LC,CUST-00421,CP-01257,CA,IN,JPY,676438.23,2026-07-10,2026-12-10,ACTIVE,ELECTRONICS,1,10,8,0,0,7,LOW,0.508984,NORMAL,0.090673,0.220542,7.8,19.9,LOW
TF-2026-0001445,COLLECTION,CUST-00688,CP-02076,CA,FR,EUR,2076016.87,2025-03-10,2025-05-28,CLOSED,TEXTILES,3,10,8,0,0,7,HIGH,0.538137,NORMAL,0.393358,0.362193,9.73,51.59,MEDIUM
TF-2026-0001446,GUARANTEE,CUST-00010,CP-02813,CA,AE,GBP,110567.81,2025-09-08,2025-12-01,ACTIVE,INDUSTRIAL_EQUIPMENT,5,6,11,0,1,14,LOW,0.56394,NORMAL,0.380431,0.821712,12.7,61.8,MEDIUM
TF-2026-0001447,EXPORT_LC,CUST-00620,CP-00169,CA,BR,USD,546328.07,2026-01-12,2026-03-25,CLOSED,TEXTILES,1,4,4,0,0,4,LOW,0.489023,NORMAL,0.141714,0.417895,8.97,23.24,LOW
TF-2026-0001448,COLLECTION,CUST-00277,CP-02203,CA,AE,CNY,153006.49,2026-06-14,2026-08-27,ACTIVE,AGRICULTURE,5,8,8,0,0,6,HIGH,0.522722,NORMAL,0.461686,0.676328,14.69,60.71,MEDIUM
TF-2026-0001449,IMPORT_LC,CUST-00651,CP-02375,CA,IN,GBP,110765.71,2026-05-18,2026-08-23,ACTIVE,CHEMICALS,0,9,8,0,0,15,MEDIUM,0.59727,HIGH,0.258674,0.196038,6.79,43.84,MEDIUM
TF-2026-0001450,EXPORT_LC,CUST-00873,CP-02627,CA,BR,GBP,293086.16,2026-05-03,2026-08-21,ACTIVE,ELECTRONICS,4,10,10,0,0,11,MEDIUM,0.520517,NORMAL,0.441425,0.772103,14.44,57.87,MEDIUM
TF-2026-0001451,IMPORT_LC,CUST-01093,CP-00879,CA,MX,JPY,658361.23,2025-06-10,2025-09-03,SETTLED,INDUSTRIAL_EQUIPMENT,5,5,15,0,1,15,LOW,0.550341,NORMAL,0.41832,0.789338,14.05,59.77,MEDIUM
TF-2026-0001452,IMPORT_LC,CUST-00318,CP-00108,CA,SG,CNY,113047.46,2026-06-20,2026-10-19,ACTIVE,INDUSTRIAL_EQUIPMENT,3,5,12,0,1,12,LOW,0.515787,NORMAL,0.436467,0.659701,11.28,47.62,MEDIUM
TF-2026-0001453,EXPORT_LC,CUST-00130,CP-00947,CA,IN,EUR,381875.46,2026-02-21,2026-06-19,CLOSED,AUTO_PARTS,1,5,2,0,0,7,LOW,0.476225,NORMAL,0.201447,0.203398,5.74,14.95,LOW
TF-2026-0001454,GUARANTEE,CUST-01003,CP-03158,CA,MX,JPY,155575.2,2025-08-01,2025-12-15,SETTLED,AGRICULTURE,4,9,8,0,0,15,LOW,0.563289,NORMAL,0.548982,0.475506,9.6,54.65,MEDIUM
TF-2026-0001455,EXPORT_LC,CUST-00980,CP-03450,CA,US,EUR,219638.63,2025-08-19,2025-12-20,CLOSED,AGRICULTURE,5,3,12,0,1,9,HIGH,0.546005,NORMAL,0.527387,0.735412,12.08,70.28,HIGH
TF-2026-0001456,IMPORT_LC,CUST-00386,CP-00474,CA,JP,CAD,787248.72,2025-05-15,2025-09-16,CLOSED,INDUSTRIAL_EQUIPMENT,1,8,17,0,1,4,MEDIUM,0.48814,NORMAL,0.17941,0.445,10.94,30.11,LOW
TF-2026-0001457,IMPORT_LC,CUST-00640,CP-01662,CA,BR,USD,64165.54,2026-07-12,2026-12-22,ACTIVE,CHEMICALS,1,8,11,0,1,6,HIGH,0.536828,NORMAL,0.185895,0.234065,5.75,40.55,MEDIUM
TF-2026-0001458,COLLECTION,CUST-00194,CP-01200,CA,BR,CAD,383198.79,2026-06-20,2026-09-20,CLOSED,INDUSTRIAL_EQUIPMENT,4,7,20,1,1,11,LOW,0.478322,NORMAL,0.515043,0.788814,15.74,45.2,MEDIUM
TF-2026-0001459,COLLECTION,CUST-00477,CP-02612,CA,FR,USD,153398.1,2025-08-11,2025-11-12,ACTIVE,INDUSTRIAL_EQUIPMENT,2,8,16,0,1,7,LOW,0.487809,NORMAL,0.201129,0.63615,12.78,32.4,LOW
TF-2026-0001460,COLLECTION,CUST-00669,CP-03042,CA,AE,USD,130376.83,2025-06-05,2025-09-29,SETTLED,AGRICULTURE,1,8,12,0,1,5,MEDIUM,0.49917,NORMAL,0.260494,0.331208,8.38,31.28,LOW
TF-2026-0001461,EXPORT_LC,CUST-00264,CP-02922,CA,FR,JPY,2527631.65,2025-03-23,2025-09-19,SETTLED,TEXTILES,3,8,17,0,1,1,LOW,0.539,NORMAL,0.302688,0.667802,12.81,49.77,MEDIUM
TF-2026-0001462,IMPORT_LC,CUST-00137,CP-01058,CA,MX,EUR,697359.24,2026-02-27,2026-06-20,SETTLED,CHEMICALS,5,7,24,0,1,3,MEDIUM,0.501323,NORMAL,0.591749,0.703771,16.08,54.75,MEDIUM
TF-2026-0001463,GUARANTEE,CUST-00636,CP-01301,CA,DE,CNY,127907.1,2024-10-11,2025-04-08,ACTIVE,CHEMICALS,0,6,6,0,0,0,HIGH,0.569163,NORMAL,0.24627,0.174557,5.52,45.81,MEDIUM
TF-2026-0001464,IMPORT_LC,CUST-00258,CP-01852,CA,MX,CNY,664359.73,2026-01-06,2026-07-05,ACTIVE,ELECTRONICS,4,4,21,0,1,4,MEDIUM,0.489871,NORMAL,0.43015,0.727283,16.1,47.93,MEDIUM
TF-2026-0001465,IMPORT_LC,CUST-00131,CP-02334,CA,GB,CNY,3328228.74,2026-06-08,2026-11-29,CLOSED,CHEMICALS,2,7,14,0,1,15,LOW,0.583372,NORMAL,0.278046,0.576763,11.24,51.92,MEDIUM
TF-2026-0001466,IMPORT_LC,CUST-00251,CP-01039,CA,CN,GBP,277869.78,2025-04-15,2025-07-02,CLOSED,ELECTRONICS,3,5,6,1,0,6,MEDIUM,0.473724,NORMAL,0.622848,0.456976,8.96,41.01,MEDIUM
TF-2026-0001467,COLLECTION,CUST-00113,CP-00919,CA,MX,CNY,819815.98,2025-02-28,2025-05-17,SETTLED,INDUSTRIAL_EQUIPMENT,2,5,10,0,0,1,MEDIUM,0.498838,NORMAL,0.326613,0.250494,8.64,30.36,LOW
TF-2026-0001468,COLLECTION,CUST-00554,CP-02378,CA,US,CAD,74562.76,2025-09-24,2025-12-06,CLOSED,ELECTRONICS,0,6,15,0,1,13,LOW,0.575809,NORMAL,0.223837,0.448483,10.22,45.33,MEDIUM
TF-2026-0001469,IMPORT_LC,CUST-00991,CP-02194,CA,BR,EUR,685122.57,2025-05-31,2025-07-31,ACTIVE,AGRICULTURE,3,9,16,0,1,12,MEDIUM,0.490919,NORMAL,0.436498,0.635802,13.33,45.22,MEDIUM
TF-2026-0001470,COLLECTION,CUST-00510,CP-01770,CA,CN,GBP,423328.48,2024-12-03,2025-05-19,SETTLED,ELECTRONICS,4,8,14,1,1,12,LOW,0.488637,NORMAL,0.438605,0.817264,14.49,46.05,MEDIUM
TF-2026-0001471,IMPORT_LC,CUST-01062,CP-01342,CA,IN,GBP,287705.88,2024-11-14,2025-04-15,SETTLED,AUTO_PARTS,2,3,9,0,0,8,MEDIUM,0.521761,NORMAL,0.399492,0.29204,9.25,40.17,MEDIUM
TF-2026-0001472,IMPORT_LC,CUST-01087,CP-01094,CA,DE,JPY,872907.45,2025-05-12,2025-10-31,CLOSED,TEXTILES,0,9,3,0,0,15,HIGH,0.567562,NORMAL,0.214755,0.157827,4.91,44.08,MEDIUM
TF-2026-0001473,COLLECTION,CUST-01051,CP-02647,CA,GB,USD,88038.87,2024-11-24,2025-03-06,CLOSED,TEXTILES,0,4,10,0,0,14,MEDIUM,0.585663,NORMAL,0.144864,0.17696,7.59,39.1,LOW
TF-2026-0001474,EXPORT_LC,CUST-00675,CP-01599,CA,MX,CNY,440429.99,2025-04-02,2025-09-29,SETTLED,CHEMICALS,5,6,19,0,1,7,MEDIUM,0.484893,NORMAL,0.516807,0.783518,16.01,51.4,MEDIUM
TF-2026-0001475,COLLECTION,CUST-01013,CP-00773,CA,DE,USD,94992.16,2026-03-18,2026-09-08,CLOSED,AGRICULTURE,5,10,16,0,1,11,MEDIUM,0.57547,NORMAL,0.347403,0.711869,13.45,63.2,MEDIUM
TF-2026-0001476,COLLECTION,CUST-00135,CP-02530,CA,US,CAD,565171.53,2024-08-17,2025-01-08,ACTIVE,AGRICULTURE,5,8,12,0,1,4,LOW,0.500808,NORMAL,0.465689,0.78039,12.77,48.54,MEDIUM
TF-2026-0001477,EXPORT_LC,CUST-00810,CP-01210,CA,CN,GBP,1201659.62,2024-09-24,2025-01-16,ACTIVE,AUTO_PARTS,4,8,10,0,0,6,MEDIUM,0.493754,NORMAL,0.454526,0.481076,11.11,41.02,MEDIUM
TF-2026-0001478,IMPORT_LC,CUST-00219,CP-00121,CA,AE,CNY,270058.79,2025-04-13,2025-08-24,SETTLED,AGRICULTURE,0,5,7,0,0,7,MEDIUM,0.51102,NORMAL,0.230079,0.23024,7.54,30.02,LOW
TF-2026-0001479,EXPORT_LC,CUST-00349,CP-00137,CA,US,EUR,425848.74,2025-01-18,2025-04-26,CLOSED,ELECTRONICS,5,10,20,0,1,0,LOW,0.585297,NORMAL,0.416518,0.739621,16.35,61.92,MEDIUM
TF-2026-0001480,IMPORT_LC,CUST-00462,CP-00458,CA,JP,USD,3963695.69,2025-06-04,2025-08-03,CLOSED,TEXTILES,1,9,10,0,0,10,HIGH,0.56449,NORMAL,0.272559,0.241674,8.56,48.32,MEDIUM
TF-2026-0001481,EXPORT_LC,CUST-01107,CP-00013,CA,AE,CNY,384955.68,2026-01-22,2026-03-30,SETTLED,AUTO_PARTS,3,6,9,0,0,9,HIGH,0.459085,NORMAL,0.44088,0.465578,9.94,39.56,LOW
TF-2026-0001482,COLLECTION,CUST-00032,CP-00064,CA,US,EUR,557850.28,2025-09-18,2025-11-20,CLOSED,AUTO_PARTS,4,4,12,0,1,1,MEDIUM,0.511299,NORMAL,0.419856,0.674599,12.14,51.32,MEDIUM
TF-2026-0001483,GUARANTEE,CUST-01008,CP-01972,CA,AE,CNY,2460084.33,2024-12-15,2025-02-25,SETTLED,AGRICULTURE,2,6,1,0,0,3,HIGH,0.526104,NORMAL,0.338753,0.494621,9.77,51.63,MEDIUM
TF-2026-0001484,IMPORT_LC,CUST-00823,CP-00874,CA,GB,CAD,78645.1,2025-12-17,2026-05-01,ACTIVE,AGRICULTURE,5,9,17,0,1,4,HIGH,0.571926,NORMAL,0.5136,0.745391,15.15,74.04,HIGH
TF-2026-0001485,IMPORT_LC,CUST-00956,CP-00035,CA,FR,USD,412471.44,2026-01-04,2026-06-27,ACTIVE,INDUSTRIAL_EQUIPMENT,0,9,11,0,1,5,LOW,0.511075,NORMAL,0.181075,0.343117,8.02,27.51,LOW
TF-2026-0001486,EXPORT_LC,CUST-00612,CP-01768,CA,BR,USD,200005.86,2025-01-17,2025-07-16,SETTLED,AGRICULTURE,2,8,12,1,1,2,LOW,0.499883,NORMAL,0.314522,0.588348,10.19,37.06,LOW
TF-2026-0001487,EXPORT_LC,CUST-00071,CP-02546,CA,GB,JPY,353549.51,2025-08-24,2025-11-04,CLOSED,TEXTILES,0,6,2,0,0,10,LOW,0.497545,NORMAL,0.154529,0.200012,4.12,18.09,LOW
TF-2026-0001488,IMPORT_LC,CUST-00916,CP-01080,CA,DE,CNY,310640.41,2025-10-15,2026-04-11,SETTLED,AUTO_PARTS,2,4,20,0,1,13,MEDIUM,0.497639,NORMAL,0.324705,0.507844,12.78,39.01,LOW
TF-2026-0001489,IMPORT_LC,CUST-00807,CP-02646,CA,BR,JPY,1707907.83,2025-03-20,2025-09-06,SETTLED,AUTO_PARTS,5,6,25,1,1,8,LOW,0.526729,NORMAL,0.715038,0.801982,18.5,63.85,MEDIUM
TF-2026-0001490,COLLECTION,CUST-00736,CP-01268,CA,MX,GBP,136160.91,2025-02-27,2025-06-16,SETTLED,TEXTILES,2,8,12,0,1,4,MEDIUM,0.496145,NORMAL,0.316271,0.548188,10.95,39.82,LOW
TF-2026-0001491,EXPORT_LC,CUST-00578,CP-01624,CA,DE,CAD,135555.33,2025-06-03,2025-08-12,CLOSED,INDUSTRIAL_EQUIPMENT,0,6,1,0,0,15,LOW,0.568336,NORMAL,0.269983,0.211632,4.59,37.73,LOW
TF-2026-0001492,IMPORT_LC,CUST-00754,CP-02319,CA,IN,CAD,576503.51,2025-09-09,2026-02-15,ACTIVE,CHEMICALS,2,3,8,0,0,14,MEDIUM,0.548117,NORMAL,0.25184,0.359884,9.51,44.31,MEDIUM
TF-2026-0001493,EXPORT_LC,CUST-00208,CP-02564,CA,MX,USD,799047.69,2026-07-03,2026-09-13,SETTLED,CHEMICALS,0,10,5,0,0,10,MEDIUM,0.540645,NORMAL,0.243605,0.197351,4.17,36.88,LOW
TF-2026-0001494,EXPORT_LC,CUST-00380,CP-02083,CA,GB,CNY,614346.67,2026-06-05,2026-10-19,CLOSED,AUTO_PARTS,5,7,15,0,1,2,LOW,0.506588,NORMAL,0.415239,0.791783,14.23,49.03,MEDIUM
TF-2026-0001495,IMPORT_LC,CUST-00011,CP-02353,CA,MX,JPY,263120.65,2024-10-05,2025-03-09,CLOSED,AGRICULTURE,2,9,11,0,1,7,HIGH,0.478651,NORMAL,0.321104,0.310775,8.21,32.71,LOW
TF-2026-0001496,EXPORT_LC,CUST-00928,CP-02176,CA,IN,USD,284168.92,2026-06-27,2026-10-23,CLOSED,INDUSTRIAL_EQUIPMENT,2,4,20,0,1,1,HIGH,0.502409,NORMAL,0.257739,0.502187,12.4,42.97,MEDIUM
TF-2026-0001497,COLLECTION,CUST-00871,CP-02844,CA,CN,CAD,1949735.75,2025-06-29,2025-09-13,SETTLED,AGRICULTURE,4,4,6,1,0,9,LOW,0.532837,NORMAL,0.392477,0.519301,9.91,45.79,MEDIUM
TF-2026-0001498,IMPORT_LC,CUST-01088,CP-03251,CA,MX,EUR,162040.85,2025-08-14,2026-01-29,SETTLED,AUTO_PARTS,4,4,7,1,0,15,HIGH,0.555935,NORMAL,0.580823,0.444334,9.42,63.51,MEDIUM
TF-2026-0001499,COLLECTION,CUST-00986,CP-03379,CA,FR,GBP,233740.36,2026-04-21,2026-09-17,ACTIVE,INDUSTRIAL_EQUIPMENT,3,3,14,0,1,6,HIGH,0.516156,NORMAL,0.430808,0.666614,12.16,57.83,MEDIUM
TF-2026-0001500,IMPORT_LC,CUST-01103,CP-01314,CA,AE,GBP,845864.99,2025-04-30,2025-10-26,SETTLED,AUTO_PARTS,5,6,17,0,1,7,MEDIUM,0.489963,NORMAL,0.479213,0.767784,15.04,50.85,MEDIUM
TF-2026-0001501,GUARANTEE,CUST-00377,CP-00014,CA,BR,JPY,1321753.8,2024-08-17,2024-12-15,CLOSED,ELECTRONICS,2,6,11,1,1,7,LOW,0.487396,NORMAL,0.541878,0.515981,9.78,38.31,LOW
TF-2026-0001502,IMPORT_LC,CUST-01138,CP-02381,CA,SG,GBP,1461143.6,2025-11-06,2026-04-18,SETTLED,TEXTILES,3,3,5,1,0,7,HIGH,0.531853,NORMAL,0.610862,0.500198,11.46,61.45,MEDIUM
TF-2026-0001503,GUARANTEE,CUST-00403,CP-02835,CA,MX,CAD,602425.85,2025-08-08,2025-12-13,CLOSED,AGRICULTURE,3,8,12,0,1,13,HIGH,0.485535,NORMAL,0.349558,0.64028,12.06,46.5,MEDIUM
TF-2026-0001504,EXPORT_LC,CUST-00878,CP-02384,CA,MX,JPY,415074.66,2025-09-05,2026-01-20,SETTLED,INDUSTRIAL_EQUIPMENT,1,8,13,1,1,1,MEDIUM,0.49986,NORMAL,0.184974,0.348415,9.36,29.77,LOW
TF-2026-0001505,IMPORT_LC,CUST-00403,CP-00884,CA,US,USD,1778937.15,2025-10-01,2026-03-20,CLOSED,AUTO_PARTS,1,10,7,0,0,12,HIGH,0.552017,NORMAL,0.296663,0.220562,7.32,46.55,MEDIUM
TF-2026-0001506,IMPORT_LC,CUST-00358,CP-02345,CA,DE,USD,364327.52,2025-10-09,2026-02-05,CLOSED,TEXTILES,0,4,9,0,0,7,HIGH,0.514853,NORMAL,0.206641,0.210119,5.97,34.71,LOW
TF-2026-0001507,EXPORT_LC,CUST-00057,CP-03317,CA,JP,CNY,1698150.55,2026-01-31,2026-06-22,SETTLED,TEXTILES,0,8,3,0,0,2,LOW,0.551866,NORMAL,0.111294,0.167011,4.54,29.1,LOW
TF-2026-0001508,GUARANTEE,CUST-00789,CP-00993,CA,MX,CNY,745019.68,2025-04-14,2025-06-14,ACTIVE,AUTO_PARTS,4,8,10,1,0,13,MEDIUM,0.49997,NORMAL,0.669376,0.507535,11.81,49.9,MEDIUM
TF-2026-0001509,IMPORT_LC,CUST-00676,CP-01444,CA,DE,JPY,146206.88,2026-01-22,2026-05-27,CLOSED,ELECTRONICS,1,7,12,0,1,2,MEDIUM,0.510489,NORMAL,0.186089,0.448327,9.84,36.18,LOW
TF-2026-0001510,IMPORT_LC,CUST-00352,CP-02157,CA,SG,GBP,358594.15,2025-05-23,2025-11-16,SETTLED,TEXTILES,2,10,5,0,0,8,LOW,0.494819,NORMAL,0.312141,0.349504,7.91,27.4,LOW
TF-2026-0001511,GUARANTEE,CUST-00996,CP-00903,CA,GB,CAD,605790.05,2026-05-28,2026-10-07,ACTIVE,INDUSTRIAL_EQUIPMENT,2,3,9,1,0,6,HIGH,0.509849,NORMAL,0.243195,0.38676,9.65,40.56,MEDIUM
TF-2026-0001512,EXPORT_LC,CUST-00865,CP-01493,CA,SG,JPY,468944.63,2025-05-21,2025-07-23,SETTLED,INDUSTRIAL_EQUIPMENT,3,6,17,0,1,4,LOW,0.467651,NORMAL,0.375425,0.663143,13.46,35.04,LOW
TF-2026-0001513,GUARANTEE,CUST-00811,CP-01815,CA,DE,CAD,376394.82,2025-12-25,2026-02-23,ACTIVE,ELECTRONICS,3,8,10,0,0,12,MEDIUM,0.478861,NORMAL,0.393819,0.465709,10.67,35.36,LOW
TF-2026-0001514,IMPORT_LC,CUST-00201,CP-02706,CA,JP,CAD,541340.31,2025-10-20,2026-03-21,ACTIVE,AUTO_PARTS,4,5,13,0,1,12,LOW,0.490723,NORMAL,0.338344,0.805927,13.16,43.16,MEDIUM
TF-2026-0001515,GUARANTEE,CUST-00874,CP-01651,CA,JP,CAD,81271.48,2026-06-19,2026-08-28,SETTLED,INDUSTRIAL_EQUIPMENT,2,6,6,0,0,2,HIGH,0.5344,NORMAL,0.231302,0.243134,7.13,41.7,MEDIUM
TF-2026-0001516,EXPORT_LC,CUST-00144,CP-02899,CA,DE,CNY,536841.7,2026-04-19,2026-08-18,ACTIVE,CHEMICALS,3,3,16,0,1,4,MEDIUM,0.509723,NORMAL,0.517584,0.624035,11.78,52.06,MEDIUM
TF-2026-0001517,COLLECTION,CUST-00855,CP-00204,CA,DE,EUR,183340.34,2025-09-11,2025-12-02,ACTIVE,AGRICULTURE,3,5,9,0,0,5,HIGH,0.487378,NORMAL,0.536607,0.382476,10.51,43.47,MEDIUM
TF-2026-0001518,IMPORT_LC,CUST-01008,CP-01383,CA,AE,CAD,842626.68,2025-11-21,2026-01-22,CLOSED,INDUSTRIAL_EQUIPMENT,3,3,14,0,1,13,HIGH,0.524994,NORMAL,0.398545,0.772695,12.78,62.84,MEDIUM
TF-2026-0001519,COLLECTION,CUST-01008,CP-03023,CA,IN,CNY,1140358.62,2025-01-28,2025-06-16,ACTIVE,AGRICULTURE,2,4,17,0,1,7,HIGH,0.496456,NORMAL,0.198003,0.521357,11.72,40.4,MEDIUM
TF-2026-0001520,IMPORT_LC,CUST-00710,CP-03474,CA,SG,CNY,100284.4,2026-06-29,2026-12-18,SETTLED,TEXTILES,3,5,6,0,0,1,HIGH,0.533376,NORMAL,0.312721,0.544474,9.97,54.46,MEDIUM
TF-2026-0001521,IMPORT_LC,CUST-00604,CP-00614,CA,MX,JPY,377181.49,2026-08-07,2026-11-03,SETTLED,CHEMICALS,0,10,6,0,0,2,MEDIUM,0.552603,NORMAL,0.181995,0.223963,5.67,38.32,LOW
TF-2026-0001522,IMPORT_LC,CUST-00661,CP-00155,CA,FR,CAD,1133811.72,2026-07-14,2026-12-11,ACTIVE,AUTO_PARTS,5,10,13,1,1,0,MEDIUM,0.595017,HIGH,0.667128,0.78638,13.53,76.66,HIGH
TF-2026-0001523,COLLECTION,CUST-00990,CP-01976,CA,IN,CNY,350068.31,2026-06-27,2026-11-09,SETTLED,INDUSTRIAL_EQUIPMENT,0,5,7,0,0,6,LOW,0.507522,NORMAL,0.221782,0.148837,6.95,20.94,LOW
TF-2026-0001524,COLLECTION,CUST-00362,CP-03053,CA,BR,USD,709950.28,2025-08-05,2026-01-12,SETTLED,AUTO_PARTS,3,10,9,0,0,3,MEDIUM,0.512735,NORMAL,0.273771,0.428979,9.37,38.75,LOW
TF-2026-0001525,IMPORT_LC,CUST-00186,CP-00723,CA,SG,GBP,937463.85,2024-09-24,2025-01-31,CLOSED,INDUSTRIAL_EQUIPMENT,1,3,4,0,0,13,HIGH,0.539495,NORMAL,0.334972,0.23989,5.96,45.88,MEDIUM
TF-2026-0001526,IMPORT_LC,CUST-00816,CP-02943,CA,MX,EUR,400891.45,2025-12-09,2026-02-20,CLOSED,AGRICULTURE,2,8,9,0,0,13,HIGH,0.486728,NORMAL,0.399454,0.304847,8.8,36.5,LOW
TF-2026-0001527,EXPORT_LC,CUST-00791,CP-00223,CA,FR,GBP,862842.41,2026-03-30,2026-06-20,ACTIVE,AGRICULTURE,4,10,13,1,1,6,MEDIUM,0.519912,NORMAL,0.555704,0.837499,13.33,63.41,MEDIUM
TF-2026-0001528,IMPORT_LC,CUST-01098,CP-00820,CA,SG,EUR,691798.93,2024-10-30,2025-04-17,ACTIVE,AUTO_PARTS,4,7,15,0,1,13,HIGH,0.491342,NORMAL,0.435582,0.781869,13.75,55.42,MEDIUM
TF-2026-0001529,IMPORT_LC,CUST-01093,CP-02496,CA,IN,CAD,2447573.34,2024-08-29,2025-01-15,SETTLED,INDUSTRIAL_EQUIPMENT,3,7,4,1,0,14,LOW,0.549637,NORMAL,0.387172,0.427192,9.35,46.01,MEDIUM
TF-2026-0001530,COLLECTION,CUST-01085,CP-02364,CA,JP,EUR,143586.05,2026-07-19,2026-12-13,ACTIVE,INDUSTRIAL_EQUIPMENT,2,4,6,0,0,4,HIGH,0.507082,NORMAL,0.289195,0.26403,7.34,36.89,LOW
TF-2026-0001531,COLLECTION,CUST-00673,CP-01224,CA,JP,CAD,141233.2,2025-04-06,2025-06-26,CLOSED,TEXTILES,4,7,14,0,1,2,MEDIUM,0.517455,NORMAL,0.443274,0.711695,10.72,55.1,MEDIUM
TF-2026-0001532,EXPORT_LC,CUST-01099,CP-01478,CA,FR,CAD,264177.04,2026-05-30,2026-09-26,SETTLED,INDUSTRIAL_EQUIPMENT,0,6,10,0,0,7,MEDIUM,0.503561,NORMAL,0.192131,0.326615,7.51,30.25,LOW
TF-2026-0001533,IMPORT_LC,CUST-01087,CP-02602,CA,DE,CAD,5456721.05,2025-11-12,2026-04-01,SETTLED,INDUSTRIAL_EQUIPMENT,1,3,17,1,1,0,HIGH,0.647895,HIGH,0.535965,0.514146,11.25,69.06,HIGH
TF-2026-0001534,EXPORT_LC,CUST-00316,CP-01937,CA,FR,GBP,674607.48,2025-06-22,2025-10-19,CLOSED,TEXTILES,4,7,11,0,1,8,MEDIUM,0.469651,NORMAL,0.471099,0.766151,12.97,46.65,MEDIUM
TF-2026-0001535,COLLECTION,CUST-00407,CP-01686,CA,JP,CAD,388789.97,2026-06-27,2026-11-16,ACTIVE,AGRICULTURE,1,10,10,0,0,13,HIGH,0.52701,NORMAL,0.146423,0.191268,8.59,35.45,LOW
TF-2026-0001536,EXPORT_LC,CUST-00173,CP-02695,CA,AE,EUR,1046368.5,2025-10-03,2026-01-18,ACTIVE,INDUSTRIAL_EQUIPMENT,2,9,17,0,1,9,MEDIUM,0.49072,NORMAL,0.344763,0.686449,12.05,44.16,MEDIUM
TF-2026-0001537,COLLECTION,CUST-00842,CP-03200,CA,MX,CAD,105187.44,2025-12-22,2026-06-04,ACTIVE,ELECTRONICS,1,6,10,0,0,3,HIGH,0.518959,NORMAL,0.170503,0.302275,10.15,37.93,LOW
TF-2026-0001538,IMPORT_LC,CUST-00315,CP-02031,CA,FR,JPY,97055.92,2026-07-27,2026-11-23,SETTLED,INDUSTRIAL_EQUIPMENT,3,9,11,0,1,9,HIGH,0.512727,NORMAL,0.341516,0.625525,9.88,52.65,MEDIUM
TF-2026-0001539,COLLECTION,CUST-01032,CP-00119,CA,FR,USD,544712.8,2025-08-12,2025-12-27,ACTIVE,TEXTILES,1,6,9,0,0,1,LOW,0.496942,NORMAL,0.252916,0.285064,6.58,23.86,LOW
TF-2026-0001540,COLLECTION,CUST-00284,CP-00428,CA,JP,CNY,619300.77,2026-08-09,2027-02-04,CLOSED,AUTO_PARTS,3,6,10,0,0,0,LOW,0.518353,NORMAL,0.317029,0.394633,8.65,35.42,LOW
TF-2026-0001541,COLLECTION,CUST-00818,CP-03497,CA,GB,USD,876849.57,2025-03-14,2025-08-07,CLOSED,AGRICULTURE,3,3,8,0,0,13,LOW,0.526543,NORMAL,0.387621,0.421902,8.0,40.68,MEDIUM
TF-2026-0001542,COLLECTION,CUST-00275,CP-00643,CA,GB,JPY,139203.76,2024-11-04,2025-01-08,ACTIVE,TEXTILES,3,10,18,1,1,1,MEDIUM,0.542752,NORMAL,0.653799,0.671937,14.15,66.25,HIGH
TF-2026-0001543,GUARANTEE,CUST-01094,CP-01011,CA,JP,CNY,261601.05,2026-01-27,2026-05-31,CLOSED,AUTO_PARTS,3,5,9,1,0,6,MEDIUM,0.472742,NORMAL,0.482301,0.53948,10.27,39.53,LOW
TF-2026-0001544,GUARANTEE,CUST-00456,CP-02623,CA,AE,CAD,542663.74,2026-07-19,2027-01-13,ACTIVE,AUTO_PARTS,5,6,16,0,1,14,MEDIUM,0.52764,NORMAL,0.523128,0.800861,14.94,63.25,MEDIUM
TF-2026-0001545,COLLECTION,CUST-00048,CP-01177,CA,AE,CAD,271905.41,2026-05-22,2026-11-05,ACTIVE,CHEMICALS,1,10,8,0,0,1,LOW,0.53384,NORMAL,0.318629,0.271733,7.31,35.17,LOW
TF-2026-0001546,EXPORT_LC,CUST-00921,CP-00926,CA,BR,GBP,62165.34,2026-07-04,2026-10-11,CLOSED,INDUSTRIAL_EQUIPMENT,3,9,13,1,1,4,HIGH,0.544528,NORMAL,0.45031,0.658557,12.41,64.99,MEDIUM
TF-2026-0001547,EXPORT_LC,CUST-00240,CP-02458,CA,CN,EUR,917358.25,2024-11-21,2025-02-08,SETTLED,AGRICULTURE,3,8,9,0,0,1,MEDIUM,0.507109,NORMAL,0.540384,0.356828,10.13,42.69,MEDIUM
TF-2026-0001548,EXPORT_LC,CUST-00861,CP-01935,CA,BR,CAD,213818.98,2024-11-20,2025-02-01,SETTLED,ELECTRONICS,0,8,4,0,0,2,HIGH,0.530806,NORMAL,0.127067,0.209089,6.44,36.57,LOW
TF-2026-0001549,EXPORT_LC,CUST-01099,CP-02730,CA,MX,EUR,465879.48,2024-11-30,2025-03-22,CLOSED,CHEMICALS,5,7,10,1,0,10,MEDIUM,0.487165,NORMAL,0.684538,0.559382,12.47,49.03,MEDIUM
TF-2026-0001550,EXPORT_LC,CUST-01005,CP-02670,CA,US,JPY,4052348.69,2026-05-23,2026-10-10,ACTIVE,AGRICULTURE,1,9,10,1,0,5,MEDIUM,0.567904,NORMAL,0.221258,0.294346,8.72,44.11,MEDIUM
TF-2026-0001551,GUARANTEE,CUST-00075,CP-02321,CA,GB,CNY,363470.84,2026-05-19,2026-07-22,ACTIVE,INDUSTRIAL_EQUIPMENT,4,8,9,0,0,1,HIGH,0.507255,NORMAL,0.33955,0.560927,12.38,48.85,MEDIUM
TF-2026-0001552,EXPORT_LC,CUST-00697,CP-02725,CA,SG,GBP,530833.02,2024-09-21,2024-12-10,ACTIVE,INDUSTRIAL_EQUIPMENT,5,6,23,1,1,15,LOW,0.54308,NORMAL,0.687631,0.846786,17.31,68.44,HIGH
TF-2026-0001553,IMPORT_LC,CUST-00242,CP-03334,CA,DE,EUR,128738.49,2025-03-24,2025-09-16,SETTLED,AGRICULTURE,0,3,4,0,0,3,HIGH,0.571665,NORMAL,0.201666,0.179096,5.14,44.84,MEDIUM
TF-2026-0001554,COLLECTION,CUST-00730,CP-00250,CA,BR,GBP,1455853.63,2025-09-19,2025-11-19,SETTLED,ELECTRONICS,5,7,15,1,1,11,LOW,0.522208,NORMAL,0.648003,0.787917,15.17,60.08,MEDIUM
TF-2026-0001555,GUARANTEE,CUST-01155,CP-03027,CA,MX,USD,6160479.69,2026-02-02,2026-07-30,SETTLED,AGRICULTURE,4,5,13,0,1,13,MEDIUM,0.587788,NORMAL,0.311091,0.639338,13.11,60.37,MEDIUM
TF-2026-0001556,GUARANTEE,CUST-00589,CP-00931,CA,AE,CNY,564014.71,2025-12-22,2026-05-19,SETTLED,AUTO_PARTS,3,9,10,0,0,8,HIGH,0.469722,NORMAL,0.545491,0.454133,10.74,42.97,MEDIUM
TF-2026-0001557,EXPORT_LC,CUST-01045,CP-00865,CA,FR,CAD,766198.72,2024-10-04,2024-12-07,ACTIVE,TEXTILES,3,10,6,0,0,4,LOW,0.505958,NORMAL,0.297025,0.501894,9.92,35.18,LOW
TF-2026-0001558,EXPORT_LC,CUST-00249,CP-00528,CA,AE,EUR,155831.2,2025-03-16,2025-09-09,ACTIVE,ELECTRONICS,4,10,7,0,0,13,MEDIUM,0.545799,NORMAL,0.475482,0.571885,11.23,57.95,MEDIUM
TF-2026-0001559,EXPORT_LC,CUST-00542,CP-02780,CA,CN,CAD,1312506.66,2025-08-18,2025-11-21,SETTLED,INDUSTRIAL_EQUIPMENT,5,5,17,1,1,1,HIGH,0.541593,NORMAL,0.75162,0.720091,15.83,75.65,HIGH
TF-2026-0001560,GUARANTEE,CUST-00599,CP-00978,CA,MX,CNY,2409551.51,2025-09-16,2026-01-14,CLOSED,ELECTRONICS,2,8,9,0,0,1,LOW,0.539055,NORMAL,0.22259,0.325798,9.26,35.43,LOW
TF-2026-0001561,IMPORT_LC,CUST-00655,CP-01049,CA,IN,GBP,447761.25,2025-11-17,2026-01-19,SETTLED,TEXTILES,5,10,15,0,1,2,LOW,0.550986,NORMAL,0.430178,0.802801,14.22,60.71,MEDIUM
TF-2026-0001562,COLLECTION,CUST-00686,CP-01856,CA,GB,CNY,541573.71,2026-03-09,2026-08-17,CLOSED,AUTO_PARTS,3,3,11,0,1,10,MEDIUM,0.51008,NORMAL,0.311793,0.564179,8.94,43.9,MEDIUM
TF-2026-0001563,EXPORT_LC,CUST-00891,CP-03424,CA,IN,JPY,157941.16,2026-01-25,2026-06-03,CLOSED,AUTO_PARTS,2,8,9,0,0,2,LOW,0.50697,NORMAL,0.287005,0.316762,9.5,28.65,LOW
TF-2026-0001564,IMPORT_LC,CUST-00859,CP-03291,CA,IN,JPY,73495.03,2025-08-17,2025-12-12,SETTLED,TEXTILES,2,5,11,0,1,1,MEDIUM,0.554596,NORMAL,0.39108,0.499026,10.29,54.54,MEDIUM
TF-2026-0001565,COLLECTION,CUST-01176,CP-03171,CA,CN,EUR,1778850.68,2025-12-22,2026-04-09,SETTLED,AGRICULTURE,3,4,8,1,0,2,HIGH,0.528602,NORMAL,0.633996,0.316774,8.87,54.91,MEDIUM
TF-2026-0001566,COLLECTION,CUST-00631,CP-02716,CA,AE,JPY,945273.52,2024-11-25,2025-03-09,ACTIVE,INDUSTRIAL_EQUIPMENT,5,10,11,1,1,2,HIGH,0.556751,NORMAL,0.50105,0.854573,12.6,75.61,HIGH
TF-2026-0001567,EXPORT_LC,CUST-00350,CP-02991,CA,AE,CNY,385683.5,2025-01-20,2025-04-12,ACTIVE,CHEMICALS,1,10,6,0,0,7,HIGH,0.508366,NORMAL,0.174257,0.311248,7.83,35.44,LOW
TF-2026-0001568,COLLECTION,CUST-00666,CP-01828,CA,IN,CNY,239716.06,2024-12-03,2025-05-15,SETTLED,INDUSTRIAL_EQUIPMENT,2,7,17,0,1,9,HIGH,0.469925,NORMAL,0.180118,0.525264,12.02,34.54,LOW
TF-2026-0001569,GUARANTEE,CUST-00013,CP-02354,CA,DE,CNY,1054998.15,2026-03-21,2026-07-26,SETTLED,AGRICULTURE,0,8,1,0,0,15,LOW,0.558931,NORMAL,0.122855,0.131915,3.67,29.28,LOW
TF-2026-0001570,IMPORT_LC,CUST-00393,CP-00368,CA,MX,CAD,490365.22,2024-10-13,2025-01-16,SETTLED,AUTO_PARTS,3,8,14,0,1,2,LOW,0.48463,NORMAL,0.373981,0.560268,11.64,34.22,LOW
TF-2026-0001571,EXPORT_LC,CUST-00558,CP-00007,CA,US,GBP,674559.48,2026-05-21,2026-09-04,SETTLED,AUTO_PARTS,5,7,10,0,0,2,MEDIUM,0.510002,NORMAL,0.38904,0.545447,12.09,45.55,MEDIUM
TF-2026-0001572,IMPORT_LC,CUST-00888,CP-02129,CA,BR,CNY,1192091.54,2025-09-14,2026-02-21,CLOSED,AGRICULTURE,1,6,9,0,0,13,HIGH,0.503123,NORMAL,0.153817,0.227071,7.45,30.48,LOW
TF-2026-0001573,COLLECTION,CUST-00685,CP-00903,CA,GB,JPY,1155990.7,2025-04-26,2025-07-14,SETTLED,TEXTILES,4,3,18,1,1,6,LOW,0.538101,NORMAL,0.615784,0.736651,14.32,61.36,MEDIUM
TF-2026-0001574,IMPORT_LC,CUST-00104,CP-01769,CA,FR,USD,79213.43,2025-07-01,2025-09-06,CLOSED,AGRICULTURE,3,10,9,1,0,13,LOW,0.56156,NORMAL,0.581521,0.518243,9.47,56.89,MEDIUM
TF-2026-0001575,COLLECTION,CUST-00100,CP-02251,CA,IN,CAD,217295.13,2025-04-27,2025-09-19,CLOSED,CHEMICALS,1,5,1,0,0,15,LOW,0.53527,NORMAL,0.197856,0.188799,4.31,29.0,LOW
TF-2026-0001576,EXPORT_LC,CUST-00525,CP-03186,CA,JP,JPY,357538.9,2026-01-03,2026-03-26,SETTLED,CHEMICALS,5,9,8,0,0,13,MEDIUM,0.52739,NORMAL,0.42862,0.588366,11.32,52.94,MEDIUM
TF-2026-0001577,GUARANTEE,CUST-00033,CP-00474,CA,JP,USD,173891.14,2026-01-25,2026-05-31,CLOSED,INDUSTRIAL_EQUIPMENT,5,4,17,0,1,4,LOW,0.529447,NORMAL,0.423528,0.828546,16.21,56.75,MEDIUM
TF-2026-0001578,GUARANTEE,CUST-00244,CP-02625,CA,CN,EUR,378038.98,2025-12-10,2026-05-03,ACTIVE,ELECTRONICS,0,7,8,0,0,13,LOW,0.510759,NORMAL,0.161454,0.164092,7.88,20.59,LOW
TF-2026-0001579,IMPORT_LC,CUST-00747,CP-00436,CA,JP,GBP,1806146.19,2025-03-06,2025-06-29,SETTLED,AUTO_PARTS,4,3,21,0,1,15,MEDIUM,0.605385,HIGH,0.312455,0.684344,15.56,62.78,MEDIUM
TF-2026-0001580,IMPORT_LC,CUST-00457,CP-02525,CA,IN,JPY,1892000.81,2025-11-24,2026-02-12,CLOSED,CHEMICALS,0,4,8,0,0,15,LOW,0.595387,HIGH,0.188301,0.197061,6.08,36.69,LOW
TF-2026-0001581,IMPORT_LC,CUST-00866,CP-03387,CA,US,GBP,30175.62,2025-02-23,2025-07-20,SETTLED,ELECTRONICS,5,9,17,1,1,4,MEDIUM,0.610997,HIGH,0.655647,0.705627,14.89,74.01,HIGH
TF-2026-0001582,GUARANTEE,CUST-00024,CP-01045,CA,US,CNY,740847.93,2024-11-12,2025-02-16,ACTIVE,INDUSTRIAL_EQUIPMENT,4,8,10,0,0,0,LOW,0.536501,NORMAL,0.487322,0.469453,10.87,47.74,MEDIUM
TF-2026-0001583,GUARANTEE,CUST-01144,CP-02494,CA,CN,EUR,223217.74,2025-05-24,2025-10-09,ACTIVE,AGRICULTURE,4,7,9,1,0,6,MEDIUM,0.483085,NORMAL,0.706806,0.487961,12.39,46.3,MEDIUM
TF-2026-0001584,EXPORT_LC,CUST-00827,CP-00952,CA,CN,USD,142238.03,2026-01-07,2026-06-05,SETTLED,CHEMICALS,1,10,5,0,0,8,HIGH,0.524331,NORMAL,0.136966,0.32589,7.75,39.16,LOW
TF-2026-0001585,GUARANTEE,CUST-00525,CP-02205,CA,AE,CAD,94687.91,2026-02-07,2026-05-13,CLOSED,INDUSTRIAL_EQUIPMENT,0,4,3,0,0,5,MEDIUM,0.55069,NORMAL,0.268123,0.225602,7.58,40.59,MEDIUM
TF-2026-0001586,EXPORT_LC,CUST-00322,CP-00839,CA,BR,USD,267584.89,2025-04-18,2025-07-27,SETTLED,ELECTRONICS,4,10,20,1,1,8,HIGH,0.514182,NORMAL,0.515736,0.812915,16.34,64.88,MEDIUM
TF-2026-0001587,GUARANTEE,CUST-00896,CP-00680,CA,DE,CNY,364503.03,2025-01-25,2025-04-16,CLOSED,TEXTILES,2,8,9,0,0,1,MEDIUM,0.491861,NORMAL,0.341212,0.328962,10.28,31.88,LOW
TF-2026-0001588,COLLECTION,CUST-00369,CP-02362,CA,AE,USD,98656.23,2026-01-31,2026-07-02,SETTLED,ELECTRONICS,5,8,13,0,1,11,MEDIUM,0.543965,NORMAL,0.525142,0.821377,13.64,67.86,HIGH
TF-2026-0001589,IMPORT_LC,CUST-00838,CP-01885,CA,MX,CNY,92854.52,2025-07-26,2026-01-08,ACTIVE,AGRICULTURE,3,3,14,0,1,1,HIGH,0.571902,NORMAL,0.279572,0.596431,11.95,61.8,MEDIUM
TF-2026-0001590,COLLECTION,CUST-00434,CP-03016,CA,BR,CNY,398658.33,2025-03-31,2025-09-26,CLOSED,TEXTILES,2,6,9,0,0,3,LOW,0.471873,NORMAL,0.338951,0.416434,11.57,25.77,LOW
TF-2026-0001591,COLLECTION,CUST-00745,CP-03462,CA,MX,GBP,1099728.06,2026-01-25,2026-04-14,SETTLED,ELECTRONICS,2,7,8,0,0,6,HIGH,0.474375,NORMAL,0.198551,0.416485,9.24,31.97,LOW
TF-2026-0001592,COLLECTION,CUST-00250,CP-00859,CA,DE,USD,826689.81,2025-02-28,2025-06-17,ACTIVE,AUTO_PARTS,4,7,15,1,1,14,HIGH,0.508314,NORMAL,0.472126,0.824183,13.99,62.28,MEDIUM
TF-2026-0001593,IMPORT_LC,CUST-00627,CP-02843,CA,FR,GBP,423433.66,2026-02-04,2026-05-23,SETTLED,TEXTILES,0,3,7,0,0,6,LOW,0.537116,NORMAL,0.20724,0.226489,5.76,31.01,LOW
TF-2026-0001594,GUARANTEE,CUST-00151,CP-00575,CA,DE,JPY,215453.77,2026-01-05,2026-06-27,CLOSED,TEXTILES,4,3,18,0,1,0,MEDIUM,0.567818,NORMAL,0.49393,0.781464,15.09,69.31,HIGH
TF-2026-0001595,IMPORT_LC,CUST-00943,CP-00408,CA,FR,USD,545309.23,2025-10-27,2026-02-28,ACTIVE,AUTO_PARTS,5,9,21,1,1,8,HIGH,0.505412,NORMAL,0.483286,0.773526,15.93,60.13,MEDIUM
TF-2026-0001596,COLLECTION,CUST-00854,CP-00871,CA,CN,CAD,849811.47,2025-01-17,2025-03-25,CLOSED,AGRICULTURE,5,4,15,0,1,14,LOW,0.548885,NORMAL,0.398793,0.746916,15.08,57.41,MEDIUM
TF-2026-0001597,COLLECTION,CUST-00675,CP-03160,CA,SG,USD,492240.91,2025-07-24,2026-01-08,CLOSED,AUTO_PARTS,0,4,1,1,0,14,MEDIUM,0.540982,NORMAL,0.507306,0.286118,7.8,47.99,MEDIUM
TF-2026-0001598,IMPORT_LC,CUST-00327,CP-01583,CA,GB,GBP,649318.74,2025-08-12,2025-11-07,CLOSED,INDUSTRIAL_EQUIPMENT,0,6,3,1,0,9,LOW,0.500353,NORMAL,0.196113,0.21068,5.93,20.43,LOW
TF-2026-0001599,GUARANTEE,CUST-01078,CP-02231,CA,US,CAD,77026.09,2025-01-25,2025-07-14,ACTIVE,CHEMICALS,3,6,14,0,1,8,MEDIUM,0.513505,NORMAL,0.487483,0.661805,11.5,53.52,MEDIUM
TF-2026-0001600,EXPORT_LC,CUST-00199,CP-00175,CA,IN,USD,357592.73,2026-07-24,2026-10-13,CLOSED,ELECTRONICS,2,4,10,0,0,11,MEDIUM,0.490627,NORMAL,0.28077,0.495998,10.73,35.54,LOW
TF-2026-0001601,IMPORT_LC,CUST-00639,CP-00021,CA,JP,CNY,318412.09,2026-05-28,2026-08-16,SETTLED,INDUSTRIAL_EQUIPMENT,1,9,12,1,1,4,LOW,0.487284,NORMAL,0.468967,0.424024,10.27,32.87,LOW
TF-2026-0001602,IMPORT_LC,CUST-00230,CP-01648,CA,US,CAD,231293.03,2024-08-15,2024-11-17,CLOSED,CHEMICALS,0,7,8,0,0,1,HIGH,0.531996,NORMAL,0.133105,0.201319,8.08,36.71,LOW
TF-2026-0001603,IMPORT_LC,CUST-00811,CP-01816,CA,AE,USD,5220121.52,2026-01-17,2026-05-29,SETTLED,AUTO_PARTS,2,3,8,0,0,8,MEDIUM,0.601198,HIGH,0.408261,0.304743,9.17,52.26,MEDIUM
TF-2026-0001604,EXPORT_LC,CUST-00787,CP-00923,CA,CN,USD,313479.55,2024-10-05,2024-12-06,CLOSED,AUTO_PARTS,4,4,13,0,1,13,HIGH,0.50399,NORMAL,0.351531,0.72963,13.2,54.29,MEDIUM
TF-2026-0001605,GUARANTEE,CUST-00090,CP-00379,CA,DE,CAD,375149.66,2025-09-29,2026-02-09,ACTIVE,AGRICULTURE,2,9,3,0,0,11,LOW,0.487241,NORMAL,0.16699,0.474954,9.56,25.58,LOW
TF-2026-0001606,EXPORT_LC,CUST-00438,CP-00693,CA,IN,JPY,99821.59,2026-08-10,2026-10-23,CLOSED,CHEMICALS,0,9,14,0,1,11,MEDIUM,0.552274,NORMAL,0.175971,0.255552,6.8,39.19,LOW
TF-2026-0001607,COLLECTION,CUST-00193,CP-01604,CA,GB,CNY,215843.55,2024-10-18,2025-02-09,SETTLED,TEXTILES,4,7,19,0,1,9,MEDIUM,0.476064,NORMAL,0.394681,0.704301,14.55,43.23,MEDIUM
TF-2026-0001608,IMPORT_LC,CUST-00062,CP-03394,CA,DE,USD,232527.46,2025-12-23,2026-03-04,SETTLED,AGRICULTURE,2,10,9,0,0,3,LOW,0.511861,NORMAL,0.309423,0.357274,8.99,32.07,LOW
TF-2026-0001609,GUARANTEE,CUST-00728,CP-00063,CA,IN,GBP,4226336.52,2025-01-16,2025-04-03,SETTLED,CHEMICALS,5,8,13,1,1,1,MEDIUM,0.60168,HIGH,0.521003,0.645826,12.36,67.59,HIGH
TF-2026-0001610,GUARANTEE,CUST-00663,CP-00233,CA,AE,GBP,466339.34,2024-10-21,2025-04-06,ACTIVE,ELECTRONICS,5,7,16,0,1,13,MEDIUM,0.505106,NORMAL,0.323988,0.881044,15.26,54.01,MEDIUM
TF-2026-0001611,EXPORT_LC,CUST-00744,CP-00696,CA,CN,EUR,606107.38,2025-09-03,2026-02-26,ACTIVE,TEXTILES,5,4,12,1,1,3,MEDIUM,0.509788,NORMAL,0.748389,0.703766,11.82,61.79,MEDIUM
TF-2026-0001612,COLLECTION,CUST-00075,CP-01438,CA,AE,CAD,268346.19,2025-01-27,2025-07-02,ACTIVE,TEXTILES,3,6,12,0,1,0,HIGH,0.52022,NORMAL,0.570296,0.677157,12.28,63.34,MEDIUM
TF-2026-0001613,COLLECTION,CUST-00224,CP-00560,CA,DE,GBP,258718.65,2026-06-11,2026-09-21,ACTIVE,INDUSTRIAL_EQUIPMENT,3,9,11,1,1,0,HIGH,0.527055,NORMAL,0.46919,0.66863,11.27,61.85,MEDIUM
TF-2026-0001614,IMPORT_LC,CUST-01189,CP-02372,CA,AE,USD,455870.27,2026-02-19,2026-05-22,ACTIVE,ELECTRONICS,4,8,18,0,1,5,LOW,0.475671,NORMAL,0.414581,0.757574,13.72,40.59,MEDIUM
TF-2026-0001615,IMPORT_LC,CUST-01100,CP-03124,CA,MX,JPY,1958635.42,2026-04-09,2026-09-24,ACTIVE,AGRICULTURE,0,8,10,0,0,13,LOW,0.55845,NORMAL,0.216646,0.204947,5.58,34.6,LOW
TF-2026-0001616,IMPORT_LC,CUST-00215,CP-03022,CA,BR,GBP,701869.34,2025-05-28,2025-10-09,ACTIVE,AUTO_PARTS,4,5,20,0,1,7,HIGH,0.475806,NORMAL,0.429431,0.80836,13.86,52.84,MEDIUM
TF-2026-0001617,GUARANTEE,CUST-00994,CP-01202,CA,IN,CAD,174338.0,2025-10-03,2026-01-31,SETTLED,ELECTRONICS,3,4,13,0,1,7,MEDIUM,0.491549,NORMAL,0.54722,0.673676,12.74,50.03,MEDIUM
TF-2026-0001618,COLLECTION,CUST-01015,CP-01740,CA,US,USD,740586.02,2024-11-28,2025-03-28,CLOSED,ELECTRONICS,5,9,12,1,1,8,MEDIUM,0.510529,NORMAL,0.435862,0.722662,14.81,53.3,MEDIUM
TF-2026-0001619,GUARANTEE,CUST-00224,CP-01088,CA,BR,CAD,716611.47,2026-06-09,2026-11-15,CLOSED,TEXTILES,3,9,3,1,0,11,HIGH,0.485623,NORMAL,0.597541,0.391311,8.34,45.25,MEDIUM
TF-2026-0001620,EXPORT_LC,CUST-00487,CP-01753,CA,BR,USD,299808.53,2025-12-09,2026-03-06,ACTIVE,INDUSTRIAL_EQUIPMENT,3,6,10,0,0,3,LOW,0.476023,NORMAL,0.391507,0.602394,10.59,34.55,LOW
TF-2026-0001621,EXPORT_LC,CUST-00848,CP-00510,CA,SG,USD,174069.89,2026-06-07,2026-11-07,ACTIVE,AGRICULTURE,0,10,8,0,0,11,MEDIUM,0.549859,NORMAL,0.117009,0.264398,7.75,37.27,LOW
TF-2026-0001622,EXPORT_LC,CUST-00829,CP-01649,CA,SG,CAD,371444.35,2025-12-19,2026-02-22,ACTIVE,INDUSTRIAL_EQUIPMENT,4,7,17,1,1,15,MEDIUM,0.523659,NORMAL,0.650153,0.811321,15.08,66.39,HIGH
TF-2026-0001623,IMPORT_LC,CUST-01041,CP-02801,CA,AE,GBP,174271.81,2024-11-15,2025-02-09,SETTLED,AGRICULTURE,5,5,7,0,0,10,MEDIUM,0.519138,NORMAL,0.469335,0.591038,11.76,52.05,MEDIUM
TF-2026-0001624,EXPORT_LC,CUST-00192,CP-02115,CA,AE,USD,1403509.38,2026-05-17,2026-10-07,ACTIVE,ELECTRONICS,4,3,10,1,0,5,HIGH,0.546926,NORMAL,0.634495,0.524944,11.55,66.36,HIGH
TF-2026-0001625,COLLECTION,CUST-00587,CP-02008,CA,JP,GBP,257484.38,2025-06-16,2025-10-14,CLOSED,AUTO_PARTS,1,9,6,0,0,14,LOW,0.52197,NORMAL,0.21106,0.216134,7.29,26.91,LOW
TF-2026-0001626,EXPORT_LC,CUST-00748,CP-02820,CA,SG,USD,472193.46,2025-03-15,2025-07-05,ACTIVE,INDUSTRIAL_EQUIPMENT,0,6,6,0,0,13,MEDIUM,0.507833,NORMAL,0.155078,0.206574,6.43,26.03,LOW
TF-2026-0001627,EXPORT_LC,CUST-01047,CP-02020,CA,FR,USD,529042.31,2025-09-29,2025-12-29,ACTIVE,TEXTILES,3,7,9,0,0,1,LOW,0.487116,NORMAL,0.405181,0.460294,9.34,32.18,LOW
TF-2026-0001628,GUARANTEE,CUST-01162,CP-00915,CA,SG,JPY,1909119.36,2026-06-14,2026-09-13,SETTLED,TEXTILES,0,7,6,0,0,11,HIGH,0.541833,NORMAL,0.190747,0.204558,6.76,40.85,MEDIUM
TF-2026-0001629,EXPORT_LC,CUST-00616,CP-03336,CA,SG,CAD,147137.69,2025-03-07,2025-06-04,ACTIVE,INDUSTRIAL_EQUIPMENT,2,9,11,0,1,6,MEDIUM,0.50214,NORMAL,0.358672,0.622028,10.67,45.11,MEDIUM
TF-2026-0001630,EXPORT_LC,CUST-01150,CP-00004,CA,SG,USD,292736.37,2025-11-24,2026-02-28,ACTIVE,TEXTILES,0,6,1,0,0,4,HIGH,0.509289,NORMAL,0.146585,0.200313,4.54,30.96,LOW
TF-2026-0001631,IMPORT_LC,CUST-00983,CP-00907,CA,JP,GBP,1192754.88,2026-04-01,2026-07-12,CLOSED,AUTO_PARTS,0,9,9,0,0,6,HIGH,0.528365,NORMAL,0.134199,0.151253,7.42,34.08,LOW
TF-2026-0001632,EXPORT_LC,CUST-00851,CP-01658,CA,IN,CNY,239708.92,2024-08-17,2024-11-19,CLOSED,AGRICULTURE,2,9,9,0,0,3,MEDIUM,0.490443,NORMAL,0.271056,0.373473,9.36,30.94,LOW
TF-2026-0001633,EXPORT_LC,CUST-00848,CP-00302,CA,GB,GBP,478235.06,2025-02-10,2025-08-02,CLOSED,CHEMICALS,2,7,5,1,0,3,MEDIUM,0.470552,NORMAL,0.558628,0.332556,7.43,34.26,LOW
TF-2026-0001634,IMPORT_LC,CUST-00982,CP-03327,CA,FR,JPY,182998.95,2025-03-01,2025-07-31,ACTIVE,INDUSTRIAL_EQUIPMENT,4,4,11,0,1,0,LOW,0.54794,NORMAL,0.56269,0.701619,11.67,60.56,MEDIUM
TF-2026-0001635,IMPORT_LC,CUST-00457,CP-03417,CA,FR,GBP,136617.07,2025-03-10,2025-05-10,ACTIVE,TEXTILES,4,3,9,1,0,7,LOW,0.54064,NORMAL,0.643933,0.482265,10.0,53.85,MEDIUM
TF-2026-0001636,EXPORT_LC,CUST-00164,CP-00963,CA,CN,CNY,555701.28,2026-04-04,2026-07-18,ACTIVE,INDUSTRIAL_EQUIPMENT,3,8,11,0,1,5,HIGH,0.464758,NORMAL,0.553328,0.631021,10.73,48.99,MEDIUM
TF-2026-0001637,EXPORT_LC,CUST-01138,CP-00292,CA,IN,CNY,1204129.24,2026-08-01,2026-11-09,SETTLED,CHEMICALS,5,3,15,0,1,14,HIGH,0.591991,HIGH,0.401531,0.616975,12.06,67.55,HIGH
TF-2026-0001638,IMPORT_LC,CUST-00884,CP-01555,CA,DE,EUR,619064.8,2026-04-15,2026-06-16,SETTLED,AUTO_PARTS,1,4,4,0,0,6,LOW,0.484433,NORMAL,0.272535,0.243968,8.59,20.05,LOW
TF-2026-0001639,IMPORT_LC,CUST-01046,CP-00347,CA,AE,GBP,51688.22,2025-10-16,2026-02-03,SETTLED,INDUSTRIAL_EQUIPMENT,4,10,11,0,1,12,LOW,0.591444,HIGH,0.43979,0.767141,12.42,63.94,MEDIUM
TF-2026-0001640,COLLECTION,CUST-00820,CP-01545,CA,GB,CNY,650238.15,2026-06-22,2026-10-26,SETTLED,TEXTILES,5,4,17,0,1,10,HIGH,0.515075,NORMAL,0.368454,0.833973,14.43,61.48,MEDIUM
TF-2026-0001641,EXPORT_LC,CUST-00627,CP-02157,CA,SG,CNY,272941.08,2025-05-14,2025-07-20,CLOSED,ELECTRONICS,3,4,18,0,1,8,LOW,0.479542,NORMAL,0.442224,0.741078,13.47,41.56,MEDIUM
TF-2026-0001642,IMPORT_LC,CUST-00405,CP-01126,CA,SG,JPY,256476.21,2025-09-15,2025-12-07,SETTLED,AGRICULTURE,4,3,8,0,0,6,LOW,0.525644,NORMAL,0.372328,0.572215,10.77,45.28,MEDIUM
TF-2026-0001643,EXPORT_LC,CUST-00859,CP-01428,CA,SG,CNY,395271.95,2025-05-12,2025-09-11,SETTLED,CHEMICALS,2,4,11,1,1,9,MEDIUM,0.481273,NORMAL,0.335618,0.620669,10.27,39.44,LOW
TF-2026-0001644,COLLECTION,CUST-00982,CP-00894,CA,JP,EUR,119428.41,2025-04-20,2025-09-30,ACTIVE,ELECTRONICS,2,10,9,0,0,8,LOW,0.524307,NORMAL,0.228174,0.424599,10.33,35.35,LOW
TF-2026-0001645,EXPORT_LC,CUST-00773,CP-03443,CA,US,CAD,353876.27,2024-12-18,2025-06-03,SETTLED,TEXTILES,1,9,6,0,0,6,MEDIUM,0.487584,NORMAL,0.239286,0.284309,8.55,26.19,LOW
TF-2026-0001646,EXPORT_LC,CUST-00663,CP-02393,CA,GB,EUR,294091.55,2026-07-04,2026-10-30,ACTIVE,INDUSTRIAL_EQUIPMENT,2,7,12,0,1,11,MEDIUM,0.475399,NORMAL,0.404825,0.593127,11.89,39.5,LOW
TF-2026-0001647,GUARANTEE,CUST-00518,CP-01885,CA,MX,CAD,139183.87,2024-10-17,2025-04-14,ACTIVE,AGRICULTURE,3,8,19,1,1,1,HIGH,0.516735,NORMAL,0.415681,0.643836,14.56,56.73,MEDIUM
TF-2026-0001648,IMPORT_LC,CUST-01147,CP-02672,CA,GB,GBP,280375.5,2024-10-19,2025-01-11,ACTIVE,TEXTILES,0,10,5,0,0,15,LOW,0.589107,NORMAL,0.186344,0.211831,5.47,36.75,LOW
TF-2026-0001649,COLLECTION,CUST-00138,CP-02125,CA,GB,GBP,168198.92,2025-06-26,2025-10-14,CLOSED,ELECTRONICS,5,9,22,0,1,2,MEDIUM,0.556019,NORMAL,0.394069,0.799867,16.73,65.37,HIGH
TF-2026-0001650,GUARANTEE,CUST-00056,CP-02499,CA,FR,EUR,335234.16,2025-11-27,2026-02-23,SETTLED,CHEMICALS,4,10,16,0,1,15,MEDIUM,0.564973,NORMAL,0.489324,0.698033,14.24,65.87,HIGH
TF-2026-0001651,IMPORT_LC,CUST-01108,CP-02672,CA,GB,JPY,3587538.69,2026-07-11,2027-01-04,ACTIVE,INDUSTRIAL_EQUIPMENT,4,6,20,1,1,15,MEDIUM,0.590369,HIGH,0.442301,0.743024,16.08,68.09,HIGH
TF-2026-0001652,COLLECTION,CUST-01075,CP-01747,CA,FR,CAD,379901.32,2024-11-17,2025-01-27,ACTIVE,AGRICULTURE,4,5,7,0,0,8,MEDIUM,0.472033,NORMAL,0.404815,0.529299,10.52,36.76,LOW
TF-2026-0001653,GUARANTEE,CUST-00298,CP-01894,CA,IN,CAD,1622377.49,2025-06-05,2025-11-07,CLOSED,ELECTRONICS,5,5,7,0,0,1,LOW,0.552716,NORMAL,0.483084,0.488734,10.55,51.65,MEDIUM
TF-2026-0001654,IMPORT_LC,CUST-00192,CP-02259,CA,MX,GBP,232004.05,2025-11-11,2026-04-05,CLOSED,ELECTRONICS,3,4,12,0,1,1,HIGH,0.506016,NORMAL,0.362852,0.613878,11.52,51.1,MEDIUM
TF-2026-0001655,IMPORT_LC,CUST-01095,CP-01258,CA,GB,EUR,1023569.25,2026-06-09,2026-09-13,SETTLED,CHEMICALS,1,6,7,0,0,12,HIGH,0.493806,NORMAL,0.212545,0.217692,7.26,29.58,LOW
TF-2026-0001656,COLLECTION,CUST-00534,CP-01240,CA,CN,JPY,908252.79,2024-09-20,2024-12-15,CLOSED,AGRICULTURE,4,4,28,0,1,13,HIGH,0.511147,NORMAL,0.396755,0.767391,17.5,58.84,MEDIUM
TF-2026-0001657,COLLECTION,CUST-00005,CP-02034,CA,CN,JPY,3754805.7,2024-09-01,2025-02-07,SETTLED,INDUSTRIAL_EQUIPMENT,2,10,12,0,1,4,LOW,0.575441,NORMAL,0.238965,0.582625,11.18,50.42,MEDIUM
TF-2026-0001658,GUARANTEE,CUST-00646,CP-03150,CA,GB,USD,351995.46,2025-11-10,2026-03-30,CLOSED,AUTO_PARTS,0,9,1,0,0,4,LOW,0.519087,NORMAL,0.206831,0.126274,3.41,22.89,LOW
TF-2026-0001659,IMPORT_LC,CUST-00476,CP-00487,CA,FR,USD,489860.02,2025-09-23,2026-02-18,ACTIVE,AGRICULTURE,4,7,11,1,1,12,MEDIUM,0.483767,NORMAL,0.502362,0.742817,11.57,49.26,MEDIUM
TF-2026-0001660,EXPORT_LC,CUST-00031,CP-03490,CA,FR,CAD,979622.0,2025-08-27,2025-11-21,CLOSED,ELECTRONICS,1,7,16,0,1,7,HIGH,0.482836,NORMAL,0.18906,0.492177,11.41,35.87,LOW
TF-2026-0001661,GUARANTEE,CUST-01020,CP-01522,CA,BR,GBP,3279347.28,2025-07-15,2025-11-26,CLOSED,AGRICULTURE,4,6,16,0,1,4,MEDIUM,0.543424,NORMAL,0.261104,0.752305,14.68,57.4,MEDIUM
TF-2026-0001662,GUARANTEE,CUST-00912,CP-02241,CA,DE,JPY,473603.13,2025-05-19,2025-11-06,CLOSED,TEXTILES,0,8,1,0,0,1,LOW,0.527054,NORMAL,0.188961,0.190936,3.72,26.72,LOW
TF-2026-0001663,GUARANTEE,CUST-01071,CP-01198,CA,JP,CNY,1564192.37,2025-06-25,2025-10-03,CLOSED,AUTO_PARTS,0,10,7,0,0,1,HIGH,0.585635,NORMAL,0.138345,0.182579,4.63,44.1,MEDIUM
TF-2026-0001664,COLLECTION,CUST-00673,CP-00219,CA,SG,USD,487507.3,2024-12-27,2025-06-21,CLOSED,ELECTRONICS,0,10,3,0,0,1,MEDIUM,0.559322,NORMAL,0.179781,0.232718,5.55,39.57,LOW
TF-2026-0001665,GUARANTEE,CUST-00984,CP-02028,CA,US,EUR,547980.29,2026-01-30,2026-04-30,SETTLED,AUTO_PARTS,5,7,17,1,1,9,HIGH,0.481241,NORMAL,0.368394,0.758933,16.27,50.26,MEDIUM
TF-2026-0001666,EXPORT_LC,CUST-00815,CP-02001,CA,MX,CNY,123770.52,2026-02-09,2026-06-30,ACTIVE,CHEMICALS,2,5,3,0,0,5,MEDIUM,0.505011,NORMAL,0.352397,0.358757,6.7,36.55,LOW
TF-2026-0001667,GUARANTEE,CUST-00375,CP-01815,CA,DE,CNY,374743.1,2025-08-28,2025-10-28,ACTIVE,AUTO_PARTS,5,3,12,0,1,12,MEDIUM,0.549759,NORMAL,0.378403,0.823396,13.08,64.65,MEDIUM
TF-2026-0001668,EXPORT_LC,CUST-00186,CP-01354,CA,US,GBP,65203.19,2026-03-03,2026-07-11,ACTIVE,CHEMICALS,3,7,10,1,0,4,HIGH,0.530412,NORMAL,0.470382,0.497114,10.95,56.8,MEDIUM
TF-2026-0001669,GUARANTEE,CUST-00576,CP-01943,CA,US,CNY,315926.37,2026-04-16,2026-06-24,ACTIVE,AGRICULTURE,1,10,12,0,1,9,LOW,0.510677,NORMAL,0.136502,0.424516,10.38,28.93,LOW
TF-2026-0001670,IMPORT_LC,CUST-00215,CP-02685,CA,SG,GBP,328327.08,2026-05-07,2026-08-29,CLOSED,AUTO_PARTS,2,10,7,0,0,1,HIGH,0.520003,NORMAL,0.372265,0.305347,8.54,44.32,MEDIUM
TF-2026-0001671,COLLECTION,CUST-00171,CP-03414,CA,BR,CNY,4870885.0,2026-07-22,2026-12-20,CLOSED,CHEMICALS,4,6,12,0,1,15,MEDIUM,0.605401,HIGH,0.316597,0.651056,13.3,61.74,MEDIUM
TF-2026-0001672,EXPORT_LC,CUST-00542,CP-00869,CA,IN,USD,42781.94,2026-07-18,2026-09-19,ACTIVE,ELECTRONICS,0,10,1,0,0,12,HIGH,0.612708,HIGH,0.230487,0.260897,4.66,50.74,MEDIUM
TF-2026-0001673,EXPORT_LC,CUST-00700,CP-00331,CA,CN,CNY,332062.52,2026-04-28,2026-08-26,ACTIVE,ELECTRONICS,1,3,11,0,1,5,LOW,0.522252,NORMAL,0.117183,0.56206,9.9,36.26,LOW
TF-2026-0001674,GUARANTEE,CUST-01134,CP-03453,CA,SG,GBP,1879311.96,2024-10-29,2025-03-02,SETTLED,INDUSTRIAL_EQUIPMENT,5,4,21,1,1,0,LOW,0.59345,HIGH,0.684961,0.764482,17.81,71.32,HIGH
TF-2026-0001675,EXPORT_LC,CUST-00190,CP-00410,CA,MX,JPY,317577.77,2026-03-29,2026-09-16,CLOSED,CHEMICALS,0,3,1,0,0,12,MEDIUM,0.555217,NORMAL,0.283976,0.176238,2.95,40.13,MEDIUM
TF-2026-0001676,EXPORT_LC,CUST-00857,CP-01983,CA,JP,CAD,1299864.23,2026-01-18,2026-05-26,SETTLED,CHEMICALS,0,10,3,0,0,12,MEDIUM,0.562796,NORMAL,0.144349,0.187021,4.32,37.36,LOW
TF-2026-0001677,GUARANTEE,CUST-00393,CP-02605,CA,GB,USD,279140.24,2025-04-22,2025-09-10,CLOSED,AUTO_PARTS,2,10,6,0,0,0,LOW,0.54843,NORMAL,0.342833,0.451698,11.55,45.29,MEDIUM
TF-2026-0001678,COLLECTION,CUST-00062,CP-00409,CA,AE,CAD,909542.03,2025-11-14,2026-02-26,ACTIVE,AUTO_PARTS,5,10,15,0,1,4,LOW,0.540677,NORMAL,0.420789,0.815352,14.04,58.83,MEDIUM
TF-2026-0001679,COLLECTION,CUST-00155,CP-02876,CA,GB,CNY,859157.7,2026-05-11,2026-08-29,ACTIVE,ELECTRONICS,5,6,15,0,1,2,LOW,0.510398,NORMAL,0.438529,0.819669,14.93,51.72,MEDIUM
TF-2026-0001680,COLLECTION,CUST-00815,CP-00220,CA,BR,CAD,487772.09,2024-10-04,2025-01-07,ACTIVE,TEXTILES,5,6,21,1,1,1,MEDIUM,0.518721,NORMAL,0.674726,0.834844,16.17,66.64,HIGH
TF-2026-0001681,EXPORT_LC,CUST-00583,CP-01996,CA,IN,CAD,128358.26,2026-03-17,2026-08-19,SETTLED,AGRICULTURE,5,9,12,0,1,0,HIGH,0.596956,HIGH,0.43072,0.797485,13.2,75.02,HIGH
TF-2026-0001682,COLLECTION,CUST-00050,CP-02475,CA,IN,JPY,50337.21,2024-10-28,2025-01-29,SETTLED,TEXTILES,5,3,15,0,1,9,MEDIUM,0.605803,HIGH,0.510628,0.722409,13.06,70.08,HIGH
TF-2026-0001683,EXPORT_LC,CUST-00210,CP-00767,CA,SG,JPY,462289.45,2025-09-01,2026-01-18,ACTIVE,CHEMICALS,3,9,14,1,1,6,MEDIUM,0.479053,NORMAL,0.580983,0.711843,12.05,49.63,MEDIUM
TF-2026-0001684,IMPORT_LC,CUST-00845,CP-02428,CA,JP,GBP,127928.65,2026-02-11,2026-04-30,CLOSED,AUTO_PARTS,0,6,6,0,0,14,LOW,0.555242,NORMAL,0.262963,0.148799,5.94,33.55,LOW
TF-2026-0001685,GUARANTEE,CUST-00682,CP-02905,CA,SG,GBP,2170559.62,2025-02-19,2025-05-05,ACTIVE,ELECTRONICS,2,10,8,0,0,0,HIGH,0.590747,HIGH,0.25379,0.476005,10.2,58.14,MEDIUM
TF-2026-0001686,GUARANTEE,CUST-00743,CP-00520,CA,GB,CAD,481166.31,2025-10-23,2026-01-30,ACTIVE,INDUSTRIAL_EQUIPMENT,5,6,14,0,1,13,HIGH,0.513167,NORMAL,0.426644,0.813623,13.99,61.89,MEDIUM
TF-2026-0001687,IMPORT_LC,CUST-00067,CP-02680,CA,MX,USD,83744.93,2026-05-02,2026-07-31,CLOSED,AGRICULTURE,4,4,7,0,0,8,MEDIUM,0.534728,NORMAL,0.39818,0.460042,9.93,49.38,MEDIUM
TF-2026-0001688,IMPORT_LC,CUST-00278,CP-01813,CA,US,EUR,292071.81,2025-03-29,2025-08-23,ACTIVE,CHEMICALS,1,3,3,0,0,14,HIGH,0.550076,NORMAL,0.24419,0.272684,8.14,46.43,MEDIUM
TF-2026-0001689,EXPORT_LC,CUST-00059,CP-03250,CA,AE,JPY,542492.64,2025-02-08,2025-07-15,CLOSED,CHEMICALS,5,3,16,1,1,5,LOW,0.537805,NORMAL,0.615568,0.820805,14.41,64.23,MEDIUM
TF-2026-0001690,GUARANTEE,CUST-00660,CP-00520,CA,GB,USD,779685.71,2025-06-13,2025-10-21,ACTIVE,CHEMICALS,4,3,10,0,0,13,LOW,0.533848,NORMAL,0.460944,0.625741,12.57,51.84,MEDIUM
TF-2026-0001691,IMPORT_LC,CUST-00748,CP-02375,CA,IN,USD,451704.06,2025-02-02,2025-05-23,CLOSED,TEXTILES,0,3,5,0,0,15,MEDIUM,0.58786,NORMAL,0.201694,0.240192,5.34,43.13,MEDIUM
TF-2026-0001692,COLLECTION,CUST-00145,CP-00252,CA,US,USD,516237.3,2025-02-03,2025-05-24,CLOSED,ELECTRONICS,1,10,10,0,0,8,LOW,0.508369,NORMAL,0.209078,0.24442,9.31,24.15,LOW
TF-2026-0001693,EXPORT_LC,CUST-00342,CP-03408,CA,BR,USD,1362295.75,2024-08-31,2025-01-12,SETTLED,ELECTRONICS,5,9,15,0,1,2,LOW,0.550352,NORMAL,0.356097,0.749867,14.1,56.53,MEDIUM
TF-2026-0001694,EXPORT_LC,CUST-00492,CP-01473,CA,BR,GBP,1572999.31,2025-08-06,2025-11-01,CLOSED,AUTO_PARTS,1,6,13,0,1,10,MEDIUM,0.502269,NORMAL,0.086491,0.464915,10.48,31.49,LOW
TF-2026-0001695,GUARANTEE,CUST-00426,CP-00076,CA,AE,CAD,801518.02,2024-08-28,2024-12-04,CLOSED,INDUSTRIAL_EQUIPMENT,2,3,18,0,1,3,MEDIUM,0.532055,NORMAL,0.310875,0.400201,7.92,44.03,MEDIUM
TF-2026-0001696,COLLECTION,CUST-01041,CP-02520,CA,MX,EUR,700410.17,2024-09-13,2025-01-29,CLOSED,INDUSTRIAL_EQUIPMENT,2,4,9,0,0,5,MEDIUM,0.482164,NORMAL,0.273505,0.369901,8.9,28.98,LOW
TF-2026-0001697,GUARANTEE,CUST-01098,CP-03026,CA,GB,CAD,253504.93,2025-04-04,2025-07-17,SETTLED,AUTO_PARTS,4,5,8,0,0,9,HIGH,0.48097,NORMAL,0.392069,0.578647,11.34,44.61,MEDIUM
TF-2026-0001698,GUARANTEE,CUST-00936,CP-03286,CA,AE,CNY,271057.01,2026-07-22,2026-10-08,CLOSED,AUTO_PARTS,5,8,16,0,1,1,HIGH,0.535004,NORMAL,0.413983,0.694822,14.66,63.1,MEDIUM
TF-2026-0001699,IMPORT_LC,CUST-00003,CP-00426,CA,MX,USD,984981.7,2025-08-30,2026-01-19,CLOSED,AUTO_PARTS,1,9,10,0,0,14,LOW,0.5278,NORMAL,0.265658,0.281906,9.5,32.41,LOW
TF-2026-0001700,GUARANTEE,CUST-00552,CP-03200,CA,MX,GBP,1271400.17,2025-06-03,2025-09-07,SETTLED,CHEMICALS,1,7,6,0,0,3,HIGH,0.505419,NORMAL,0.19175,0.239377,7.81,32.69,LOW
TF-2026-0001701,IMPORT_LC,CUST-00194,CP-03213,CA,AE,CNY,976047.09,2024-09-21,2025-03-13,SETTLED,ELECTRONICS,3,7,7,0,0,7,LOW,0.468366,NORMAL,0.324073,0.591969,11.7,31.05,LOW
TF-2026-0001702,EXPORT_LC,CUST-00887,CP-02275,CA,BR,GBP,1215735.62,2024-10-13,2025-02-15,SETTLED,CHEMICALS,2,8,5,0,0,14,MEDIUM,0.516372,NORMAL,0.134918,0.251033,6.31,29.47,LOW
TF-2026-0001703,COLLECTION,CUST-00635,CP-02090,CA,AE,EUR,130061.12,2025-04-15,2025-08-18,CLOSED,AGRICULTURE,3,7,9,1,0,12,MEDIUM,0.499738,NORMAL,0.510685,0.631228,12.06,49.41,MEDIUM
TF-2026-0001704,GUARANTEE,CUST-00073,CP-01348,CA,DE,USD,774899.63,2024-09-29,2025-02-19,SETTLED,INDUSTRIAL_EQUIPMENT,3,3,14,0,1,15,HIGH,0.560887,NORMAL,0.502194,0.547281,11.64,65.45,HIGH
TF-2026-0001705,EXPORT_LC,CUST-01096,CP-02642,CA,CN,JPY,1210847.81,2025-05-18,2025-10-10,ACTIVE,ELECTRONICS,2,8,7,0,0,8,HIGH,0.482474,NORMAL,0.388384,0.278196,8.04,34.28,LOW
TF-2026-0001706,IMPORT_LC,CUST-00773,CP-01809,CA,MX,USD,913056.89,2024-08-29,2025-01-15,CLOSED,INDUSTRIAL_EQUIPMENT,3,3,10,0,0,1,MEDIUM,0.544353,NORMAL,0.423445,0.489067,9.83,53.23,MEDIUM
TF-2026-0001707,EXPORT_LC,CUST-00852,CP-02349,CA,FR,GBP,103067.01,2025-11-08,2026-01-18,CLOSED,AUTO_PARTS,3,6,10,0,0,3,LOW,0.509293,NORMAL,0.296759,0.403699,10.49,32.59,LOW
TF-2026-0001708,EXPORT_LC,CUST-00167,CP-03234,CA,IN,CNY,352751.61,2024-11-17,2025-01-20,CLOSED,AUTO_PARTS,0,10,2,0,0,2,MEDIUM,0.551627,NORMAL,0.182222,0.20323,4.53,37.43,LOW
TF-2026-0001709,GUARANTEE,CUST-00689,CP-02545,CA,SG,GBP,3838678.38,2025-08-01,2025-11-22,ACTIVE,TEXTILES,3,8,5,1,0,1,HIGH,0.560976,NORMAL,0.620867,0.401135,7.99,63.91,MEDIUM
TF-2026-0001710,GUARANTEE,CUST-00224,CP-00701,CA,GB,USD,147944.33,2025-12-14,2026-05-18,ACTIVE,ELECTRONICS,1,8,14,0,1,2,HIGH,0.514133,NORMAL,0.209456,0.273861,8.94,36.8,LOW
TF-2026-0001711,GUARANTEE,CUST-00211,CP-03209,CA,US,GBP,633805.2,2025-10-27,2026-01-27,SETTLED,AUTO_PARTS,1,5,7,0,0,10,LOW,0.480379,NORMAL,0.161549,0.205235,7.28,14.51,LOW
TF-2026-0001712,EXPORT_LC,CUST-00608,CP-01122,CA,DE,CAD,85445.61,2026-01-12,2026-04-13,ACTIVE,AUTO_PARTS,1,9,8,0,0,1,MEDIUM,0.554463,NORMAL,0.254,0.262056,7.55,42.12,MEDIUM
TF-2026-0001713,GUARANTEE,CUST-00181,CP-01102,CA,DE,EUR,1115045.8,2024-09-17,2025-01-01,CLOSED,INDUSTRIAL_EQUIPMENT,0,10,8,0,0,15,LOW,0.594144,HIGH,0.114004,0.165304,6.72,33.26,LOW
TF-2026-0001714,EXPORT_LC,CUST-00346,CP-01051,CA,AE,CAD,367990.25,2026-07-07,2026-11-27,SETTLED,TEXTILES,1,3,10,1,0,7,MEDIUM,0.514577,NORMAL,0.524718,0.243114,9.32,40.32,MEDIUM
TF-2026-0001715,COLLECTION,CUST-00074,CP-03081,CA,JP,CNY,217028.34,2025-07-25,2025-11-09,CLOSED,TEXTILES,1,6,3,0,0,12,HIGH,0.49028,NORMAL,0.141203,0.189197,4.19,25.54,LOW
TF-2026-0001716,GUARANTEE,CUST-01086,CP-03237,CA,GB,EUR,514109.41,2025-07-10,2025-12-22,ACTIVE,ELECTRONICS,5,8,22,0,1,8,HIGH,0.485455,NORMAL,0.379911,0.706144,17.37,49.67,MEDIUM
TF-2026-0001717,GUARANTEE,CUST-00516,CP-01868,CA,JP,EUR,92426.05,2025-07-29,2025-12-02,SETTLED,TEXTILES,0,8,1,0,0,2,LOW,0.563404,NORMAL,0.109335,0.17314,4.09,30.89,LOW
TF-2026-0001718,EXPORT_LC,CUST-00593,CP-00745,CA,JP,JPY,246339.75,2026-06-30,2026-10-28,CLOSED,INDUSTRIAL_EQUIPMENT,0,3,10,0,0,7,MEDIUM,0.545765,NORMAL,0.196243,0.242457,5.42,38.03,LOW
TF-2026-0001719,IMPORT_LC,CUST-00617,CP-02944,CA,DE,USD,157131.35,2026-03-15,2026-06-17,ACTIVE,INDUSTRIAL_EQUIPMENT,1,6,10,0,0,1,MEDIUM,0.514144,NORMAL,0.167293,0.267086,7.53,30.3,LOW
TF-2026-0001720,EXPORT_LC,CUST-00350,CP-01177,CA,AE,CAD,47530.13,2025-12-10,2026-04-16,SETTLED,TEXTILES,0,4,10,0,0,1,HIGH,0.605149,HIGH,0.180803,0.255348,7.29,48.81,MEDIUM
TF-2026-0001721,IMPORT_LC,CUST-00478,CP-01375,CA,FR,GBP,1437351.87,2025-12-20,2026-05-18,CLOSED,TEXTILES,0,10,9,0,0,13,LOW,0.567406,NORMAL,0.189608,0.183124,7.18,34.2,LOW
TF-2026-0001722,GUARANTEE,CUST-00008,CP-02261,CA,JP,USD,590462.17,2026-01-31,2026-07-26,ACTIVE,INDUSTRIAL_EQUIPMENT,3,3,11,1,1,10,MEDIUM,0.510404,NORMAL,0.615747,0.70306,11.17,57.96,MEDIUM
TF-2026-0001723,EXPORT_LC,CUST-00880,CP-00767,CA,SG,JPY,172718.68,2024-12-19,2025-05-22,CLOSED,ELECTRONICS,5,10,12,1,1,6,LOW,0.556463,NORMAL,0.696177,0.845405,14.8,71.09,HIGH
TF-2026-0001724,EXPORT_LC,CUST-01070,CP-02953,CA,AE,USD,142829.66,2026-05-20,2026-10-14,SETTLED,INDUSTRIAL_EQUIPMENT,2,3,2,0,0,9,HIGH,0.542525,NORMAL,0.341546,0.420507,8.13,53.02,MEDIUM
TF-2026-0001725,EXPORT_LC,CUST-00638,CP-01387,CA,FR,GBP,217563.34,2026-03-01,2026-07-29,CLOSED,ELECTRONICS,5,3,7,0,0,15,LOW,0.593195,HIGH,0.510399,0.549108,10.91,58.52,MEDIUM
TF-2026-0001726,EXPORT_LC,CUST-00403,CP-02633,CA,DE,USD,238809.69,2025-04-29,2025-08-24,CLOSED,TEXTILES,2,6,8,1,0,4,HIGH,0.476348,NORMAL,0.334717,0.361058,9.02,34.49,LOW
TF-2026-0001727,GUARANTEE,CUST-01150,CP-01976,CA,IN,CNY,506235.52,2025-08-07,2026-01-03,CLOSED,AUTO_PARTS,1,8,10,0,0,6,HIGH,0.473472,NORMAL,0.117841,0.218297,9.44,22.48,LOW
TF-2026-0001728,GUARANTEE,CUST-01031,CP-03383,CA,IN,GBP,311188.42,2025-10-11,2025-12-22,CLOSED,AGRICULTURE,5,8,10,1,0,7,LOW,0.490986,NORMAL,0.427409,0.559439,12.36,37.3,LOW
TF-2026-0001729,IMPORT_LC,CUST-00354,CP-01364,CA,BR,CNY,734287.8,2026-04-01,2026-06-07,CLOSED,AGRICULTURE,5,7,15,1,1,15,HIGH,0.538727,NORMAL,0.612475,0.816496,14.44,74.18,HIGH
TF-2026-0001730,GUARANTEE,CUST-00102,CP-03027,CA,MX,CAD,527885.58,2025-09-26,2025-12-16,SETTLED,AGRICULTURE,1,6,7,0,0,13,LOW,0.489266,NORMAL,0.143581,0.226909,7.0,16.66,LOW
TF-2026-0001731,COLLECTION,CUST-00138,CP-01209,CA,JP,CNY,300792.01,2025-12-30,2026-03-24,SETTLED,INDUSTRIAL_EQUIPMENT,1,10,10,0,0,11,MEDIUM,0.518295,NORMAL,0.177216,0.216639,9.75,29.96,LOW
TF-2026-0001732,EXPORT_LC,CUST-00745,CP-00670,CA,FR,GBP,213807.37,2025-06-27,2025-11-17,SETTLED,AUTO_PARTS,4,10,13,1,1,7,HIGH,0.515355,NORMAL,0.568707,0.736736,12.52,64.16,MEDIUM
TF-2026-0001733,IMPORT_LC,CUST-00224,CP-00554,CA,CN,GBP,461903.36,2025-10-15,2026-01-22,SETTLED,AUTO_PARTS,4,7,14,0,1,2,HIGH,0.489506,NORMAL,0.525239,0.727945,13.14,55.73,MEDIUM
TF-2026-0001734,EXPORT_LC,CUST-00147,CP-02999,CA,BR,CAD,1098422.13,2025-10-16,2026-01-21,SETTLED,INDUSTRIAL_EQUIPMENT,2,6,9,1,0,0,MEDIUM,0.534243,NORMAL,0.57559,0.362175,8.42,51.15,MEDIUM
TF-2026-0001735,GUARANTEE,CUST-00759,CP-03219,CA,AE,JPY,198393.39,2026-08-03,2026-11-27,SETTLED,AGRICULTURE,4,10,11,0,1,6,LOW,0.525339,NORMAL,0.550018,0.752308,12.19,56.78,MEDIUM
TF-2026-0001736,IMPORT_LC,CUST-00545,CP-02947,CA,AE,CNY,1938592.43,2026-03-31,2026-08-07,ACTIVE,CHEMICALS,1,4,8,0,0,4,MEDIUM,0.529107,NORMAL,0.171432,0.290689,8.57,35.24,LOW
TF-2026-0001737,IMPORT_LC,CUST-00525,CP-00852,CA,IN,CAD,587971.43,2025-07-30,2025-10-30,CLOSED,AUTO_PARTS,3,4,8,0,0,1,MEDIUM,0.499342,NORMAL,0.381618,0.453204,10.17,39.22,LOW
TF-2026-0001738,EXPORT_LC,CUST-01023,CP-00305,CA,SG,EUR,141879.13,2026-02-02,2026-05-14,SETTLED,AUTO_PARTS,5,3,11,0,1,8,LOW,0.564484,NORMAL,0.545281,0.809923,12.22,66.39,HIGH
TF-2026-0001739,EXPORT_LC,CUST-00651,CP-03137,CA,BR,CAD,1144263.36,2025-12-20,2026-03-20,CLOSED,INDUSTRIAL_EQUIPMENT,5,3,19,0,1,14,MEDIUM,0.59101,HIGH,0.480202,0.729333,14.34,68.81,HIGH
TF-2026-0001740,IMPORT_LC,CUST-00338,CP-03419,CA,FR,JPY,328594.95,2024-11-11,2025-04-29,SETTLED,AGRICULTURE,1,5,6,0,0,12,MEDIUM,0.490634,NORMAL,0.116814,0.356815,6.86,25.76,LOW
TF-2026-0001741,GUARANTEE,CUST-00678,CP-03363,CA,BR,CNY,146779.72,2026-06-28,2026-12-14,CLOSED,CHEMICALS,1,10,8,0,0,1,MEDIUM,0.547372,NORMAL,0.218165,0.278869,8.65,40.35,MEDIUM
TF-2026-0001742,EXPORT_LC,CUST-00040,CP-03015,CA,CN,JPY,430996.25,2025-06-02,2025-08-09,CLOSED,INDUSTRIAL_EQUIPMENT,1,9,17,0,1,13,MEDIUM,0.502869,NORMAL,0.166775,0.460036,10.69,33.9,LOW
TF-2026-0001743,IMPORT_LC,CUST-00728,CP-01862,CA,DE,CNY,117910.36,2024-12-30,2025-03-02,ACTIVE,INDUSTRIAL_EQUIPMENT,1,9,2,0,0,4,MEDIUM,0.513118,NORMAL,0.245526,0.314135,6.49,33.97,LOW
TF-2026-0001744,IMPORT_LC,CUST-00180,CP-03486,CA,US,CNY,633100.53,2026-07-23,2026-12-26,ACTIVE,CHEMICALS,3,9,16,0,1,15,LOW,0.532048,NORMAL,0.445715,0.621083,12.62,50.8,MEDIUM
TF-2026-0001745,COLLECTION,CUST-00877,CP-00036,CA,BR,CAD,254195.77,2025-08-29,2026-01-06,ACTIVE,ELECTRONICS,5,3,9,0,0,14,LOW,0.578964,NORMAL,0.429007,0.58614,11.18,56.5,MEDIUM
TF-2026-0001746,IMPORT_LC,CUST-00720,CP-01519,CA,GB,CAD,1356348.8,2025-05-28,2025-08-29,ACTIVE,ELECTRONICS,4,7,20,0,1,4,MEDIUM,0.503664,NORMAL,0.487808,0.776376,15.59,54.91,MEDIUM
TF-2026-0001747,COLLECTION,CUST-00189,CP-02381,CA,SG,CNY,1148668.91,2026-04-14,2026-06-30,ACTIVE,INDUSTRIAL_EQUIPMENT,2,6,5,0,0,7,MEDIUM,0.478446,NORMAL,0.280942,0.284204,7.63,25.53,LOW
TF-2026-0001748,GUARANTEE,CUST-00761,CP-00096,CA,BR,EUR,45093.8,2024-09-02,2024-12-13,ACTIVE,CHEMICALS,5,6,17,0,1,10,LOW,0.57576,NORMAL,0.434047,0.817984,15.83,64.56,MEDIUM
TF-2026-0001749,COLLECTION,CUST-00074,CP-00811,CA,CN,EUR,111226.74,2024-12-23,2025-06-10,SETTLED,ELECTRONICS,4,9,9,1,0,0,HIGH,0.57344,NORMAL,0.708165,0.501152,11.42,71.48,HIGH
TF-2026-0001750,EXPORT_LC,CUST-00117,CP-01877,CA,US,CAD,82167.89,2025-01-31,2025-04-19,CLOSED,INDUSTRIAL_EQUIPMENT,0,4,8,1,0,8,LOW,0.567399,NORMAL,0.522549,0.208588,8.41,45.08,MEDIUM
TF-2026-0001751,COLLECTION,CUST-00712,CP-02004,CA,CN,EUR,534290.37,2024-08-21,2024-11-22,SETTLED,AGRICULTURE,0,9,2,0,0,10,MEDIUM,0.512074,NORMAL,0.234464,0.175566,4.63,28.51,LOW
TF-2026-0001752,EXPORT_LC,CUST-00955,CP-02826,CA,DE,CAD,119462.58,2025-05-15,2025-09-18,ACTIVE,AUTO_PARTS,1,9,11,1,1,13,LOW,0.533345,NORMAL,0.508791,0.459923,8.93,47.37,MEDIUM
TF-2026-0001753,GUARANTEE,CUST-01180,CP-00890,CA,CN,EUR,768515.94,2026-01-28,2026-04-27,ACTIVE,TEXTILES,2,6,17,0,1,15,HIGH,0.524791,NORMAL,0.285169,0.392485,8.97,46.06,MEDIUM
TF-2026-0001754,EXPORT_LC,CUST-00904,CP-00950,CA,AE,JPY,1757634.57,2025-07-22,2025-12-28,ACTIVE,AUTO_PARTS,0,8,1,0,0,4,LOW,0.544352,NORMAL,0.177553,0.236741,3.69,32.01,LOW
TF-2026-0001755,IMPORT_LC,CUST-00325,CP-01170,CA,GB,EUR,136837.42,2024-12-13,2025-02-19,SETTLED,ELECTRONICS,1,6,6,0,0,1,LOW,0.518564,NORMAL,0.183615,0.187175,6.94,24.21,LOW
TF-2026-0001756,IMPORT_LC,CUST-00775,CP-01750,CA,SG,JPY,454529.54,2025-09-22,2026-02-23,ACTIVE,AGRICULTURE,5,5,20,0,1,6,LOW,0.491438,NORMAL,0.399065,0.792694,17.37,44.73,MEDIUM
TF-2026-0001757,IMPORT_LC,CUST-00616,CP-02957,CA,US,USD,557423.87,2025-10-15,2026-01-31,SETTLED,CHEMICALS,4,9,15,1,1,3,MEDIUM,0.499653,NORMAL,0.612636,0.688779,12.32,54.46,MEDIUM
TF-2026-0001758,EXPORT_LC,CUST-00376,CP-02816,CA,FR,CAD,719307.1,2025-01-20,2025-05-19,ACTIVE,TEXTILES,2,6,17,1,1,9,HIGH,0.467388,NORMAL,0.547957,0.494989,10.25,44.3,MEDIUM
TF-2026-0001759,GUARANTEE,CUST-00128,CP-02112,CA,MX,USD,4919463.0,2024-08-15,2025-01-17,CLOSED,AGRICULTURE,2,8,14,1,1,12,LOW,0.574481,NORMAL,0.206817,0.434876,10.29,44.21,MEDIUM
TF-2026-0001760,GUARANTEE,CUST-00297,CP-01434,CA,SG,USD,181346.74,2026-07-19,2026-12-02,ACTIVE,AGRICULTURE,4,5,15,1,1,7,MEDIUM,0.490927,NORMAL,0.660829,0.736908,13.65,55.49,MEDIUM
TF-2026-0001761,GUARANTEE,CUST-00002,CP-00142,CA,CN,GBP,47478.81,2025-09-18,2025-12-13,SETTLED,ELECTRONICS,5,9,13,1,1,6,HIGH,0.594496,HIGH,0.708319,0.693201,13.08,79.58,HIGH
TF-2026-0001762,GUARANTEE,CUST-00895,CP-01703,CA,AE,CNY,149840.19,2024-08-17,2024-11-23,SETTLED,TEXTILES,1,7,2,0,0,1,MEDIUM,0.517489,NORMAL,0.238528,0.215424,5.68,31.6,LOW
TF-2026-0001763,IMPORT_LC,CUST-00793,CP-00280,CA,CN,CAD,1323266.54,2025-11-19,2026-01-25,CLOSED,INDUSTRIAL_EQUIPMENT,3,7,12,0,1,15,LOW,0.537686,NORMAL,0.257995,0.637546,11.32,47.04,MEDIUM
TF-2026-0001764,COLLECTION,CUST-01066,CP-01022,CA,AE,GBP,1542010.64,2024-11-10,2025-01-26,ACTIVE,ELECTRONICS,3,9,6,0,0,3,LOW,0.513345,NORMAL,0.349464,0.470414,8.83,37.64,LOW
TF-2026-0001765,EXPORT_LC,CUST-00857,CP-03353,CA,MX,GBP,2002027.01,2025-08-13,2025-11-30,SETTLED,ELECTRONICS,2,5,2,0,0,11,MEDIUM,0.520141,NORMAL,0.275294,0.409571,8.98,40.11,MEDIUM
TF-2026-0001766,EXPORT_LC,CUST-00920,CP-01480,CA,FR,CNY,316442.58,2024-11-15,2025-05-03,ACTIVE,TEXTILES,2,5,6,1,0,6,LOW,0.472119,NORMAL,0.344248,0.354115,8.37,23.83,LOW
TF-2026-0001767,IMPORT_LC,CUST-00140,CP-02303,CA,DE,JPY,344758.63,2024-10-11,2025-04-04,SETTLED,AUTO_PARTS,1,10,15,0,1,8,LOW,0.506736,NORMAL,0.308546,0.200728,6.43,25.18,LOW
TF-2026-0001768,COLLECTION,CUST-00492,CP-02250,CA,SG,USD,30293.62,2025-09-21,2026-03-04,SETTLED,TEXTILES,2,3,13,1,1,0,MEDIUM,0.641124,HIGH,0.637427,0.549577,11.25,68.31,HIGH
TF-2026-0001769,COLLECTION,CUST-00821,CP-00817,CA,JP,GBP,151111.01,2025-11-24,2026-02-02,CLOSED,AGRICULTURE,0,4,4,0,0,15,MEDIUM,0.577624,NORMAL,0.193983,0.154092,4.71,39.22,LOW
TF-2026-0001770,COLLECTION,CUST-00971,CP-03461,CA,FR,GBP,160802.21,2026-05-17,2026-10-05,CLOSED,ELECTRONICS,1,4,12,0,1,13,HIGH,0.521476,NORMAL,0.16844,0.500838,11.38,45.47,MEDIUM
TF-2026-0001771,COLLECTION,CUST-00348,CP-01273,CA,IN,JPY,943983.96,2024-09-21,2024-11-29,CLOSED,TEXTILES,4,9,4,1,0,14,LOW,0.529373,NORMAL,0.629116,0.498779,9.72,51.37,MEDIUM
TF-2026-0001772,IMPORT_LC,CUST-00934,CP-00420,CA,SG,EUR,126570.21,2025-07-07,2025-10-22,CLOSED,AUTO_PARTS,3,5,12,0,1,12,MEDIUM,0.512277,NORMAL,0.39764,0.536164,11.06,46.09,MEDIUM
TF-2026-0001773,EXPORT_LC,CUST-00905,CP-00980,CA,FR,EUR,318563.87,2025-11-28,2026-05-16,ACTIVE,ELECTRONICS,3,4,15,0,1,10,LOW,0.485553,NORMAL,0.50835,0.666176,13.34,42.18,MEDIUM
TF-2026-0001774,IMPORT_LC,CUST-00924,CP-03371,CA,GB,GBP,354140.72,2026-07-17,2026-10-11,ACTIVE,INDUSTRIAL_EQUIPMENT,5,6,13,0,1,0,MEDIUM,0.546422,NORMAL,0.435005,0.754638,13.84,63.29,MEDIUM
TF-2026-0001775,EXPORT_LC,CUST-00715,CP-01321,CA,BR,CNY,98331.66,2026-08-04,2026-11-10,SETTLED,AUTO_PARTS,5,5,15,1,1,7,LOW,0.534598,NORMAL,0.723399,0.824657,15.09,66.87,HIGH
TF-2026-0001776,COLLECTION,CUST-00087,CP-00953,CA,MX,EUR,893509.63,2026-05-07,2026-07-29,ACTIVE,INDUSTRIAL_EQUIPMENT,3,5,9,0,0,12,HIGH,0.487112,NORMAL,0.367055,0.712419,12.89,49.85,MEDIUM
TF-2026-0001777,COLLECTION,CUST-00965,CP-02524,CA,MX,USD,510517.31,2025-03-08,2025-06-15,CLOSED,AUTO_PARTS,3,9,12,0,1,9,HIGH,0.470458,NORMAL,0.42266,0.673274,11.54,47.09,MEDIUM
TF-2026-0001778,IMPORT_LC,CUST-00773,CP-03362,CA,GB,JPY,896397.18,2024-08-16,2025-01-19,ACTIVE,INDUSTRIAL_EQUIPMENT,2,5,15,0,1,3,MEDIUM,0.488329,NORMAL,0.194502,0.474788,9.08,31.64,LOW
TF-2026-0001779,COLLECTION,CUST-01109,CP-00695,CA,CN,JPY,745059.14,2026-06-12,2026-10-15,ACTIVE,ELECTRONICS,3,5,12,0,1,14,MEDIUM,0.507663,NORMAL,0.446571,0.59955,12.0,48.5,MEDIUM
TF-2026-0001780,IMPORT_LC,CUST-00753,CP-02547,CA,BR,GBP,2095088.7,2025-08-20,2026-01-19,ACTIVE,AUTO_PARTS,0,9,5,0,0,4,LOW,0.561774,NORMAL,0.156357,0.172771,5.87,32.09,LOW
TF-2026-0001781,IMPORT_LC,CUST-00411,CP-00486,CA,BR,CAD,223091.16,2025-11-05,2026-01-19,ACTIVE,AGRICULTURE,2,10,9,0,0,4,HIGH,0.508,NORMAL,0.381183,0.290318,8.36,40.8,MEDIUM
TF-2026-0001782,IMPORT_LC,CUST-00482,CP-01554,CA,AE,USD,147784.5,2025-10-17,2026-02-23,SETTLED,AUTO_PARTS,0,8,9,0,0,8,MEDIUM,0.528244,NORMAL,0.427446,0.171605,8.12,38.55,LOW
TF-2026-0001783,COLLECTION,CUST-00037,CP-02557,CA,IN,EUR,169909.25,2025-07-14,2025-09-19,ACTIVE,INDUSTRIAL_EQUIPMENT,5,6,9,0,0,10,LOW,0.512993,NORMAL,0.547202,0.657459,12.43,50.0,MEDIUM
TF-2026-0001784,GUARANTEE,CUST-00452,CP-00734,CA,IN,CNY,2753685.87,2025-08-25,2026-01-08,SETTLED,CHEMICALS,4,3,5,0,0,15,HIGH,0.619398,HIGH,0.345505,0.442207,10.1,60.65,MEDIUM
TF-2026-0001785,GUARANTEE,CUST-00730,CP-00399,CA,JP,USD,232754.49,2024-09-12,2025-02-15,SETTLED,AUTO_PARTS,5,7,18,0,1,3,LOW,0.511298,NORMAL,0.41079,0.772865,14.5,49.48,MEDIUM
TF-2026-0001786,EXPORT_LC,CUST-01051,CP-02638,CA,JP,GBP,123919.08,2024-12-27,2025-06-16,CLOSED,AUTO_PARTS,3,10,12,0,1,6,MEDIUM,0.530194,NORMAL,0.311319,0.621116,10.58,51.33,MEDIUM
TF-2026-0001787,IMPORT_LC,CUST-00067,CP-03248,CA,SG,USD,872871.16,2025-03-03,2025-05-07,CLOSED,ELECTRONICS,2,8,2,0,0,15,MEDIUM,0.526857,NORMAL,0.325805,0.336034,6.67,40.87,MEDIUM
TF-2026-0001788,GUARANTEE,CUST-01064,CP-01454,CA,IN,JPY,836103.68,2026-01-14,2026-03-17,SETTLED,AUTO_PARTS,3,4,12,0,1,9,MEDIUM,0.4846,NORMAL,0.373553,0.640918,12.12,42.01,MEDIUM
TF-2026-0001789,IMPORT_LC,CUST-01134,CP-00414,CA,IN,CAD,1630935.16,2025-12-07,2026-03-15,SETTLED,AUTO_PARTS,3,3,22,0,1,13,LOW,0.552617,NORMAL,0.327114,0.520262,13.69,48.05,MEDIUM
TF-2026-0001790,IMPORT_LC,CUST-01194,CP-01165,CA,GB,USD,278874.08,2024-09-17,2025-01-10,SETTLED,INDUSTRIAL_EQUIPMENT,5,9,14,1,1,1,LOW,0.54921,NORMAL,0.405868,0.755204,13.43,57.97,MEDIUM
TF-2026-0001791,IMPORT_LC,CUST-01017,CP-03303,CA,DE,USD,1629735.58,2025-05-28,2025-11-22,SETTLED,ELECTRONICS,1,7,8,0,0,3,HIGH,0.513869,NORMAL,0.199402,0.213011,8.69,34.29,LOW
TF-2026-0001792,IMPORT_LC,CUST-00004,CP-00316,CA,US,CNY,206556.01,2026-06-08,2026-11-20,CLOSED,CHEMICALS,0,4,5,0,0,0,LOW,0.561465,NORMAL,0.292058,0.220953,6.44,37.79,LOW
TF-2026-0001793,EXPORT_LC,CUST-00796,CP-02069,CA,GB,EUR,171024.7,2025-10-02,2026-02-23,SETTLED,TEXTILES,3,5,13,0,1,9,MEDIUM,0.484308,NORMAL,0.470363,0.626407,10.07,44.36,MEDIUM
TF-2026-0001794,GUARANTEE,CUST-00332,CP-02150,CA,BR,GBP,80696.84,2024-10-25,2025-01-15,SETTLED,INDUSTRIAL_EQUIPMENT,1,8,12,0,1,14,HIGH,0.556824,NORMAL,0.124469,0.459146,8.11,50.48,MEDIUM
TF-2026-0001795,GUARANTEE,CUST-00944,CP-02346,CA,BR,CAD,2628232.4,2025-03-09,2025-08-17,CLOSED,AGRICULTURE,2,8,7,0,0,10,MEDIUM,0.521134,NORMAL,0.152189,0.352859,9.02,34.69,LOW
TF-2026-0001796,EXPORT_LC,CUST-01130,CP-01252,CA,SG,CNY,181287.98,2026-03-21,2026-08-12,ACTIVE,ELECTRONICS,5,5,18,0,1,2,LOW,0.530129,NORMAL,0.372888,0.85303,16.49,56.27,MEDIUM
TF-2026-0001797,EXPORT_LC,CUST-00539,CP-00597,CA,JP,GBP,266011.33,2026-07-10,2026-09-25,SETTLED,AUTO_PARTS,4,4,15,1,1,10,MEDIUM,0.49989,NORMAL,0.508574,0.742774,13.54,53.29,MEDIUM
TF-2026-0001798,IMPORT_LC,CUST-00237,CP-00464,CA,SG,EUR,113754.72,2026-01-09,2026-05-31,SETTLED,CHEMICALS,1,4,8,0,0,12,MEDIUM,0.530378,NORMAL,0.240233,0.216056,7.63,35.05,LOW
TF-2026-0001799,COLLECTION,CUST-00049,CP-02706,CA,JP,JPY,267325.92,2026-04-05,2026-08-09,CLOSED,CHEMICALS,3,9,7,0,0,12,MEDIUM,0.493017,NORMAL,0.399335,0.440834,9.92,37.82,LOW
TF-2026-0001800,COLLECTION,CUST-00594,CP-02532,CA,AE,GBP,341432.64,2024-11-13,2025-03-05,CLOSED,TEXTILES,5,9,10,1,0,15,MEDIUM,0.558481,NORMAL,0.468333,0.628457,11.35,61.98,MEDIUM
TF-2026-0001801,IMPORT_LC,CUST-00195,CP-00271,CA,JP,CAD,378419.39,2026-03-18,2026-08-17,CLOSED,ELECTRONICS,5,7,20,1,1,13,MEDIUM,0.502818,NORMAL,0.408552,0.850783,15.81,54.82,MEDIUM
TF-2026-0001802,COLLECTION,CUST-00630,CP-02778,CA,FR,GBP,1563701.31,2025-10-02,2026-02-06,CLOSED,AUTO_PARTS,0,10,14,0,1,8,MEDIUM,0.561342,NORMAL,0.212738,0.206747,6.13,39.9,LOW
TF-2026-0001803,EXPORT_LC,CUST-01014,CP-00482,CA,GB,GBP,455306.4,2025-09-17,2025-12-29,SETTLED,TEXTILES,2,5,11,0,1,5,HIGH,0.469238,NORMAL,0.354191,0.559403,11.17,40.87,MEDIUM
TF-2026-0001804,COLLECTION,CUST-01130,CP-02036,CA,DE,CAD,1731988.73,2025-08-23,2026-02-12,ACTIVE,CHEMICALS,2,10,17,0,1,0,LOW,0.580561,NORMAL,0.287307,0.614304,12.89,53.33,MEDIUM
TF-2026-0001805,GUARANTEE,CUST-00629,CP-00947,CA,IN,GBP,564324.51,2025-05-17,2025-09-12,CLOSED,INDUSTRIAL_EQUIPMENT,3,3,10,0,0,7,LOW,0.503023,NORMAL,0.383613,0.420058,10.33,34.08,LOW
TF-2026-0001806,EXPORT_LC,CUST-01004,CP-02937,CA,JP,GBP,640462.43,2025-05-18,2025-09-21,SETTLED,AUTO_PARTS,3,7,16,0,1,6,MEDIUM,0.460464,NORMAL,0.281035,0.589182,11.6,34.12,LOW
TF-2026-0001807,COLLECTION,CUST-00670,CP-01167,CA,FR,CNY,78798.92,2026-04-11,2026-09-10,ACTIVE,CHEMICALS,2,8,7,0,0,8,MEDIUM,0.520023,NORMAL,0.212667,0.301249,8.86,34.39,LOW
TF-2026-0001808,COLLECTION,CUST-00402,CP-00426,CA,MX,EUR,115072.67,2025-11-17,2026-03-30,ACTIVE,AUTO_PARTS,4,5,8,1,0,14,HIGH,0.551783,NORMAL,0.674835,0.490763,10.06,67.32,HIGH
TF-2026-0001809,GUARANTEE,CUST-00333,CP-01338,CA,SG,JPY,440253.52,2026-04-27,2026-10-01,ACTIVE,AUTO_PARTS,2,9,6,0,0,0,MEDIUM,0.526152,NORMAL,0.403213,0.394389,7.57,45.07,MEDIUM
TF-2026-0001810,GUARANTEE,CUST-00150,CP-00015,CA,AE,CAD,185232.69,2025-06-10,2025-11-08,ACTIVE,INDUSTRIAL_EQUIPMENT,3,5,19,0,1,12,LOW,0.498164,NORMAL,0.374347,0.747066,15.21,44.02,MEDIUM
TF-2026-0001811,COLLECTION,CUST-00925,CP-00950,CA,AE,JPY,160194.4,2025-05-20,2025-07-24,SETTLED,CHEMICALS,1,5,14,0,1,4,HIGH,0.502083,NORMAL,0.173077,0.567761,11.2,42.63,MEDIUM
TF-2026-0001812,GUARANTEE,CUST-00260,CP-00891,CA,AE,JPY,1029055.05,2025-07-02,2025-09-04,CLOSED,AGRICULTURE,4,9,15,0,1,3,MEDIUM,0.508753,NORMAL,0.33499,0.741002,13.66,50.41,MEDIUM
TF-2026-0001813,COLLECTION,CUST-00969,CP-02418,CA,IN,EUR,1451202.71,2026-02-10,2026-05-15,ACTIVE,ELECTRONICS,4,9,12,1,1,6,MEDIUM,0.515358,NORMAL,0.671315,0.683685,12.72,60.39,MEDIUM
TF-2026-0001814,COLLECTION,CUST-00520,CP-02531,CA,CN,GBP,693501.94,2024-12-09,2025-02-11,SETTLED,INDUSTRIAL_EQUIPMENT,2,5,11,0,1,9,LOW,0.471587,NORMAL,0.198748,0.629104,9.87,28.96,LOW
TF-2026-0001815,IMPORT_LC,CUST-00242,CP-00426,CA,MX,JPY,186662.06,2026-06-08,2026-09-02,ACTIVE,CHEMICALS,1,6,4,0,0,14,HIGH,0.515773,NORMAL,0.268165,0.210557,5.79,36.84,LOW
TF-2026-0001816,GUARANTEE,CUST-01127,CP-02791,CA,CN,CAD,347182.51,2024-11-26,2025-02-15,CLOSED,CHEMICALS,2,4,9,0,0,12,HIGH,0.493999,NORMAL,0.179317,0.277697,9.28,30.74,LOW
TF-2026-0001817,EXPORT_LC,CUST-00403,CP-02698,CA,DE,CAD,506390.72,2024-12-18,2025-03-27,ACTIVE,CHEMICALS,2,9,13,0,1,10,HIGH,0.479719,NORMAL,0.155328,0.585107,10.68,37.52,LOW
TF-2026-0001818,EXPORT_LC,CUST-01003,CP-01905,CA,MX,GBP,75684.92,2026-07-10,2026-10-30,SETTLED,ELECTRONICS,0,8,8,1,0,13,LOW,0.575718,NORMAL,0.244647,0.278007,7.19,39.97,LOW
TF-2026-0001819,IMPORT_LC,CUST-01199,CP-02430,CA,BR,GBP,1316102.02,2026-07-11,2026-09-18,CLOSED,INDUSTRIAL_EQUIPMENT,5,6,15,1,1,9,HIGH,0.508719,NORMAL,0.548305,0.813603,16.33,64.35,MEDIUM
TF-2026-0001820,IMPORT_LC,CUST-00831,CP-02445,CA,MX,JPY,164522.06,2025-10-18,2026-03-28,SETTLED,CHEMICALS,2,4,12,0,1,14,LOW,0.531499,NORMAL,0.30688,0.337824,9.99,36.57,LOW
TF-2026-0001821,EXPORT_LC,CUST-00530,CP-01492,CA,MX,USD,1973926.04,2025-02-25,2025-06-01,CLOSED,INDUSTRIAL_EQUIPMENT,3,9,16,1,1,7,LOW,0.509412,NORMAL,0.471076,0.66571,13.48,47.04,MEDIUM
TF-2026-0001822,IMPORT_LC,CUST-01111,CP-00091,CA,IN,USD,582178.27,2025-04-07,2025-08-07,ACTIVE,AGRICULTURE,0,3,7,1,0,6,LOW,0.536932,NORMAL,0.182261,0.158431,6.17,27.82,LOW
TF-2026-0001823,EXPORT_LC,CUST-01148,CP-00147,CA,JP,CAD,1621892.54,2025-12-15,2026-05-29,SETTLED,ELECTRONICS,2,5,8,0,0,9,LOW,0.504848,NORMAL,0.251693,0.341225,8.38,27.9,LOW
TF-2026-0001824,GUARANTEE,CUST-00533,CP-00647,CA,JP,USD,4204664.69,2025-03-20,2025-09-16,ACTIVE,CHEMICALS,4,6,10,0,0,8,MEDIUM,0.543619,NORMAL,0.296525,0.575743,12.48,52.33,MEDIUM
TF-2026-0001825,IMPORT_LC,CUST-00708,CP-02506,CA,JP,JPY,375961.1,2025-03-16,2025-08-02,ACTIVE,ELECTRONICS,0,3,2,1,0,11,LOW,0.550125,NORMAL,0.480133,0.206505,4.21,41.21,MEDIUM
TF-2026-0001826,EXPORT_LC,CUST-00992,CP-01473,CA,BR,USD,217217.13,2024-12-04,2025-02-15,ACTIVE,AGRICULTURE,1,10,5,0,0,10,LOW,0.520603,NORMAL,0.212364,0.348016,6.45,31.19,LOW
TF-2026-0001827,GUARANTEE,CUST-00198,CP-00350,CA,DE,CNY,693435.25,2024-08-21,2025-02-03,SETTLED,TEXTILES,0,9,11,0,1,8,LOW,0.514597,NORMAL,0.16635,0.35471,8.82,28.48,LOW
TF-2026-0001828,COLLECTION,CUST-00810,CP-03047,CA,DE,CNY,1804996.96,2025-10-04,2026-02-25,ACTIVE,INDUSTRIAL_EQUIPMENT,0,4,7,0,0,7,MEDIUM,0.546315,NORMAL,0.285124,0.207808,6.75,39.63,LOW
TF-2026-0001829,GUARANTEE,CUST-00819,CP-01351,CA,SG,CNY,1773090.31,2025-08-04,2026-01-23,SETTLED,AUTO_PARTS,5,8,21,0,1,5,MEDIUM,0.534523,NORMAL,0.453596,0.793603,17.58,62.67,MEDIUM
TF-2026-0001830,COLLECTION,CUST-00832,CP-00252,CA,US,EUR,154971.1,2026-02-05,2026-05-06,SETTLED,CHEMICALS,4,8,12,0,1,8,HIGH,0.494221,NORMAL,0.642575,0.620839,10.55,56.71,MEDIUM
TF-2026-0001831,COLLECTION,CUST-00405,CP-00491,CA,BR,CNY,346341.8,2025-03-21,2025-06-05,SETTLED,AUTO_PARTS,2,5,10,1,0,5,LOW,0.471673,NORMAL,0.348606,0.274251,9.3,21.04,LOW
TF-2026-0001832,GUARANTEE,CUST-00909,CP-00836,CA,DE,CNY,403220.62,2026-04-28,2026-09-06,CLOSED,AGRICULTURE,1,8,10,0,0,15,MEDIUM,0.522499,NORMAL,0.159177,0.210567,9.33,30.26,LOW
TF-2026-0001833,GUARANTEE,CUST-00180,CP-00892,CA,FR,CNY,1213416.17,2025-09-21,2026-02-05,ACTIVE,AUTO_PARTS,5,7,15,0,1,4,LOW,0.510299,NORMAL,0.566054,0.729392,12.72,52.38,MEDIUM
TF-2026-0001834,EXPORT_LC,CUST-00498,CP-02618,CA,CN,EUR,491818.34,2024-11-02,2025-03-11,SETTLED,TEXTILES,2,4,9,0,0,1,HIGH,0.497222,NORMAL,0.433387,0.370447,9.4,42.34,MEDIUM
TF-2026-0001835,GUARANTEE,CUST-00699,CP-03165,CA,GB,JPY,666169.68,2025-01-25,2025-04-07,CLOSED,TEXTILES,2,8,4,0,0,10,HIGH,0.472563,NORMAL,0.288174,0.395334,11.55,33.63,LOW
TF-2026-0001836,GUARANTEE,CUST-00510,CP-02989,CA,FR,JPY,307644.16,2025-06-10,2025-10-07,SETTLED,AUTO_PARTS,3,4,12,0,1,15,LOW,0.526312,NORMAL,0.378007,0.627815,11.53,47.54,MEDIUM
TF-2026-0001837,GUARANTEE,CUST-00559,CP-00988,CA,CN,CNY,405561.69,2025-12-24,2026-04-24,SETTLED,INDUSTRIAL_EQUIPMENT,5,6,13,0,1,6,MEDIUM,0.491575,NORMAL,0.54626,0.81743,13.54,55.04,MEDIUM
TF-2026-0001838,GUARANTEE,CUST-00001,CP-02716,CA,AE,USD,184111.78,2024-09-08,2025-02-24,ACTIVE,INDUSTRIAL_EQUIPMENT,4,9,14,0,1,2,LOW,0.522572,NORMAL,0.399536,0.680882,12.9,48.96,MEDIUM
TF-2026-0001839,COLLECTION,CUST-00643,CP-03045,CA,MX,EUR,1586912.0,2024-09-05,2025-01-24,ACTIVE,AGRICULTURE,3,7,18,1,1,3,MEDIUM,0.503675,NORMAL,0.521893,0.552548,13.28,48.11,MEDIUM
TF-2026-0001840,IMPORT_LC,CUST-00605,CP-02892,CA,US,EUR,585476.8,2025-12-16,2026-03-02,SETTLED,CHEMICALS,0,6,7,0,0,15,HIGH,0.541395,NORMAL,0.181743,0.208108,6.4,40.6,MEDIUM
TF-2026-0001841,GUARANTEE,CUST-00266,CP-01458,CA,BR,GBP,1447874.79,2024-10-06,2025-01-15,CLOSED,ELECTRONICS,1,9,7,0,0,12,MEDIUM,0.525131,NORMAL,0.109905,0.313884,8.57,33.15,LOW
TF-2026-0001842,EXPORT_LC,CUST-00633,CP-00831,CA,MX,EUR,542207.87,2025-08-10,2026-01-29,SETTLED,CHEMICALS,4,4,11,0,1,2,LOW,0.494903,NORMAL,0.497113,0.769668,11.64,47.69,MEDIUM
TF-2026-0001843,GUARANTEE,CUST-00465,CP-01998,CA,JP,USD,331260.19,2024-09-03,2024-12-19,SETTLED,ELECTRONICS,4,10,16,1,1,2,MEDIUM,0.533298,NORMAL,0.653856,0.80588,15.15,68.81,HIGH
TF-2026-0001844,EXPORT_LC,CUST-00540,CP-02205,CA,AE,JPY,39816.01,2025-06-16,2025-09-26,CLOSED,AGRICULTURE,4,10,15,0,1,5,HIGH,0.595457,HIGH,0.505805,0.749786,13.76,75.56,HIGH
TF-2026-0001845,EXPORT_LC,CUST-00146,CP-01460,CA,FR,CAD,29773.56,2025-11-27,2026-04-06,ACTIVE,AGRICULTURE,4,9,9,1,0,10,LOW,0.585847,NORMAL,0.573982,0.658322,12.02,63.83,MEDIUM
TF-2026-0001846,COLLECTION,CUST-00475,CP-00205,CA,IN,GBP,2039147.3,2025-05-06,2025-09-25,CLOSED,INDUSTRIAL_EQUIPMENT,4,10,13,1,1,12,HIGH,0.557773,NORMAL,0.445712,0.76013,13.36,70.81,HIGH
TF-2026-0001847,GUARANTEE,CUST-00086,CP-01114,CA,BR,CAD,665056.91,2026-04-13,2026-06-23,SETTLED,AUTO_PARTS,4,5,10,0,0,10,MEDIUM,0.483307,NORMAL,0.356815,0.698607,13.09,43.22,MEDIUM
TF-2026-0001848,IMPORT_LC,CUST-00192,CP-01245,CA,AE,GBP,115140.82,2025-05-18,2025-08-27,SETTLED,ELECTRONICS,1,3,7,0,0,3,HIGH,0.562242,NORMAL,0.194236,0.338977,8.64,49.13,MEDIUM
TF-2026-0001849,GUARANTEE,CUST-00984,CP-02877,CA,JP,GBP,281473.04,2025-10-17,2026-02-25,CLOSED,TEXTILES,1,6,10,0,0,13,HIGH,0.4937,NORMAL,0.201351,0.281637,8.78,31.44,LOW
TF-2026-0001850,EXPORT_LC,CUST-00109,CP-02291,CA,BR,CAD,277215.21,2026-03-24,2026-08-15,SETTLED,AUTO_PARTS,3,3,20,0,1,5,HIGH,0.515392,NORMAL,0.54752,0.707778,14.38,62.54,MEDIUM
TF-2026-0001851,GUARANTEE,CUST-00244,CP-01988,CA,BR,USD,345172.63,2024-09-12,2025-01-30,CLOSED,INDUSTRIAL_EQUIPMENT,1,7,7,0,0,1,LOW,0.498986,NORMAL,0.145785,0.295732,7.85,21.55,LOW
TF-2026-0001852,EXPORT_LC,CUST-01166,CP-00676,CA,JP,JPY,365551.47,2025-12-30,2026-05-08,ACTIVE,INDUSTRIAL_EQUIPMENT,0,4,1,0,0,14,HIGH,0.539325,NORMAL,0.258225,0.17061,4.02,41.13,MEDIUM
TF-2026-0001853,EXPORT_LC,CUST-00729,CP-01843,CA,MX,EUR,1095697.82,2024-11-28,2025-04-24,CLOSED,ELECTRONICS,3,7,11,1,1,7,MEDIUM,0.470217,NORMAL,0.616876,0.59785,11.95,45.23,MEDIUM
TF-2026-0001854,IMPORT_LC,CUST-00322,CP-00949,CA,AE,GBP,193261.18,2025-03-16,2025-06-25,SETTLED,INDUSTRIAL_EQUIPMENT,5,8,15,0,1,10,HIGH,0.507853,NORMAL,0.485143,0.783388,13.96,61.13,MEDIUM
TF-2026-0001855,GUARANTEE,CUST-00483,CP-02361,CA,BR,CNY,133525.94,2024-10-27,2025-02-04,SETTLED,ELECTRONICS,3,6,13,1,1,6,LOW,0.484029,NORMAL,0.635276,0.711301,12.26,47.22,MEDIUM
TF-2026-0001856,EXPORT_LC,CUST-01142,CP-01484,CA,AE,USD,291493.73,2025-01-29,2025-06-19,ACTIVE,AUTO_PARTS,0,4,15,1,1,15,HIGH,0.561737,NORMAL,0.482845,0.470019,9.27,62.27,MEDIUM
TF-2026-0001857,EXPORT_LC,CUST-00009,CP-01830,CA,MX,GBP,1672110.98,2025-11-08,2026-03-06,SETTLED,AGRICULTURE,0,6,5,0,0,5,LOW,0.529327,NORMAL,0.201221,0.181681,5.97,27.41,LOW
TF-2026-0001858,IMPORT_LC,CUST-00428,CP-00721,CA,US,CAD,650205.15,2026-08-06,2026-10-12,ACTIVE,ELECTRONICS,1,10,6,1,0,14,HIGH,0.541142,NORMAL,0.504455,0.266837,7.19,52.27,MEDIUM
TF-2026-0001859,COLLECTION,CUST-00434,CP-00852,CA,IN,GBP,265549.99,2024-08-24,2024-11-04,ACTIVE,ELECTRONICS,3,5,13,1,1,1,LOW,0.499165,NORMAL,0.548403,0.443616,9.81,38.84,LOW
TF-2026-0001860,COLLECTION,CUST-00718,CP-01630,CA,US,JPY,840979.03,2026-03-02,2026-08-05,ACTIVE,AGRICULTURE,0,7,8,0,0,6,MEDIUM,0.508814,NORMAL,0.209024,0.200635,7.78,27.74,LOW
TF-2026-0001861,COLLECTION,CUST-00599,CP-03153,CA,CN,EUR,279165.93,2025-03-10,2025-07-11,CLOSED,CHEMICALS,3,9,8,0,0,6,LOW,0.483628,NORMAL,0.513042,0.401625,9.2,32.6,LOW
TF-2026-0001862,GUARANTEE,CUST-00691,CP-00273,CA,GB,EUR,235103.94,2026-05-03,2026-08-23,SETTLED,TEXTILES,4,5,14,0,1,0,LOW,0.53515,NORMAL,0.399236,0.656766,13.6,51.39,MEDIUM
TF-2026-0001863,COLLECTION,CUST-00732,CP-00190,CA,CN,CAD,784847.54,2025-01-31,2025-06-04,ACTIVE,AGRICULTURE,5,9,15,0,1,0,MEDIUM,0.567347,NORMAL,0.490472,0.79834,15.53,69.73,HIGH
TF-2026-0001864,EXPORT_LC,CUST-00370,CP-01371,CA,BR,USD,1601435.89,2026-02-15,2026-08-06,SETTLED,ELECTRONICS,4,7,19,1,1,2,HIGH,0.519488,NORMAL,0.417285,0.767331,14.68,61.72,MEDIUM
TF-2026-0001865,GUARANTEE,CUST-00200,CP-00539,CA,FR,EUR,574538.5,2024-09-22,2025-03-11,CLOSED,ELECTRONICS,4,6,12,1,1,15,MEDIUM,0.531673,NORMAL,0.639029,0.658435,12.6,62.79,MEDIUM
TF-2026-0001866,EXPORT_LC,CUST-00714,CP-03121,CA,IN,USD,1115754.34,2024-10-21,2024-12-30,SETTLED,ELECTRONICS,1,10,3,0,0,6,MEDIUM,0.527192,NORMAL,0.141177,0.254951,6.63,32.58,LOW
TF-2026-0001867,IMPORT_LC,CUST-00589,CP-02488,CA,CN,CAD,195581.76,2025-06-05,2025-10-29,SETTLED,AGRICULTURE,4,4,14,0,1,0,HIGH,0.544942,NORMAL,0.576203,0.728469,12.65,71.29,HIGH
TF-2026-0001868,IMPORT_LC,CUST-00742,CP-02528,CA,BR,EUR,268649.96,2025-03-28,2025-06-30,CLOSED,ELECTRONICS,5,7,13,1,1,14,LOW,0.522618,NORMAL,0.678611,0.748543,12.15,59.71,MEDIUM
TF-2026-0001869,GUARANTEE,CUST-01168,CP-00148,CA,SG,EUR,490371.18,2025-04-23,2025-06-28,CLOSED,TEXTILES,0,8,5,0,0,6,MEDIUM,0.499092,NORMAL,0.110102,0.239754,6.42,23.55,LOW
TF-2026-0001870,IMPORT_LC,CUST-00868,CP-02405,CA,AE,JPY,880208.2,2025-11-03,2026-02-11,CLOSED,AGRICULTURE,2,6,13,0,1,2,HIGH,0.490731,NORMAL,0.362079,0.586398,10.81,46.19,MEDIUM
TF-2026-0001871,EXPORT_LC,CUST-00280,CP-01704,CA,JP,EUR,878562.56,2024-12-07,2025-04-28,CLOSED,ELECTRONICS,3,7,8,1,0,13,MEDIUM,0.489687,NORMAL,0.461051,0.424353,10.69,38.21,LOW
TF-2026-0001872,GUARANTEE,CUST-00786,CP-02391,CA,IN,USD,113164.64,2026-04-22,2026-08-31,ACTIVE,AGRICULTURE,5,7,12,0,1,0,MEDIUM,0.586476,NORMAL,0.415069,0.700155,14.16,65.56,HIGH
TF-2026-0001873,EXPORT_LC,CUST-01108,CP-03013,CA,MX,CAD,1968941.99,2025-04-15,2025-06-25,CLOSED,INDUSTRIAL_EQUIPMENT,0,4,2,0,0,10,MEDIUM,0.553294,NORMAL,0.234191,0.165915,3.57,37.97,LOW
TF-2026-0001874,GUARANTEE,CUST-00482,CP-00682,CA,FR,CAD,85605.65,2025-11-03,2026-02-24,CLOSED,ELECTRONICS,1,10,4,0,0,9,MEDIUM,0.55404,NORMAL,0.15887,0.290072,8.23,40.18,MEDIUM
TF-2026-0001875,EXPORT_LC,CUST-00111,CP-01251,CA,CN,CNY,489246.86,2025-10-28,2026-01-08,CLOSED,CHEMICALS,1,8,12,0,1,9,HIGH,0.472588,NORMAL,0.110433,0.445616,9.55,30.06,LOW
TF-2026-0001876,IMPORT_LC,CUST-00382,CP-02094,CA,GB,CAD,192019.37,2025-10-15,2026-03-26,CLOSED,AUTO_PARTS,3,3,14,0,1,0,MEDIUM,0.566495,NORMAL,0.540207,0.496076,9.47,60.53,MEDIUM
TF-2026-0001877,GUARANTEE,CUST-00430,CP-01055,CA,GB,CNY,132537.06,2026-07-08,2026-10-04,ACTIVE,ELECTRONICS,3,5,7,1,0,1,MEDIUM,0.520889,NORMAL,0.432825,0.566483,12.29,50.54,MEDIUM
TF-2026-0001878,IMPORT_LC,CUST-00686,CP-00639,CA,US,EUR,706850.8,2024-11-23,2025-03-20,SETTLED,INDUSTRIAL_EQUIPMENT,3,5,17,1,1,0,MEDIUM,0.520104,NORMAL,0.668627,0.496695,10.01,54.95,MEDIUM
TF-2026-0001879,COLLECTION,CUST-00774,CP-01773,CA,BR,CNY,1308413.84,2025-10-25,2026-01-24,CLOSED,AUTO_PARTS,1,9,11,1,1,1,LOW,0.531861,NORMAL,0.265427,0.251942,9.87,32.4,LOW
TF-2026-0001880,EXPORT_LC,CUST-01154,CP-00339,CA,DE,EUR,1255253.15,2025-02-19,2025-05-08,SETTLED,AGRICULTURE,5,7,18,0,1,10,MEDIUM,0.503736,NORMAL,0.559708,0.715137,15.07,54.95,MEDIUM
TF-2026-0001881,GUARANTEE,CUST-00844,CP-00946,CA,FR,CAD,221085.54,2025-01-07,2025-04-16,SETTLED,TEXTILES,2,7,9,0,0,4,HIGH,0.476612,NORMAL,0.234431,0.407552,8.91,33.13,LOW
TF-2026-0001882,GUARANTEE,CUST-00777,CP-01303,CA,SG,CAD,2620582.26,2026-07-26,2027-01-20,SETTLED,TEXTILES,2,6,14,0,1,12,HIGH,0.537608,NORMAL,0.303486,0.522139,10.7,54.32,MEDIUM
TF-2026-0001883,COLLECTION,CUST-00697,CP-01068,CA,CN,GBP,232117.88,2025-02-19,2025-05-22,SETTLED,ELECTRONICS,3,5,11,0,1,12,LOW,0.491741,NORMAL,0.327084,0.614281,12.82,36.39,LOW
TF-2026-0001884,EXPORT_LC,CUST-00564,CP-03102,CA,IN,USD,150719.38,2026-05-04,2026-08-28,ACTIVE,AGRICULTURE,1,10,1,0,0,9,MEDIUM,0.524422,NORMAL,0.106013,0.282016,5.4,31.73,LOW
TF-2026-0001885,COLLECTION,CUST-00934,CP-00860,CA,GB,CNY,1114970.36,2025-12-24,2026-04-16,ACTIVE,ELECTRONICS,3,8,5,0,0,5,MEDIUM,0.479486,NORMAL,0.338784,0.433519,8.93,32.69,LOW
TF-2026-0001886,IMPORT_LC,CUST-01081,CP-00502,CA,BR,EUR,1710087.22,2026-05-02,2026-09-10,CLOSED,ELECTRONICS,1,4,15,0,1,6,HIGH,0.514171,NORMAL,0.277754,0.533012,11.93,47.94,MEDIUM
TF-2026-0001887,GUARANTEE,CUST-00386,CP-03321,CA,DE,CNY,205680.78,2025-09-30,2025-12-05,SETTLED,TEXTILES,3,4,12,0,1,3,MEDIUM,0.495295,NORMAL,0.471658,0.702309,11.77,49.67,MEDIUM
TF-2026-0001888,IMPORT_LC,CUST-00166,CP-02789,CA,AE,USD,199954.55,2025-04-29,2025-09-20,ACTIVE,TEXTILES,1,7,4,0,0,1,LOW,0.508446,NORMAL,0.308317,0.264677,5.89,27.85,LOW
TF-2026-0001889,IMPORT_LC,CUST-00278,CP-00343,CA,BR,JPY,234412.99,2026-02-22,2026-08-09,SETTLED,INDUSTRIAL_EQUIPMENT,4,9,23,1,1,15,HIGH,0.548658,NORMAL,0.427255,0.703744,16.01,66.7,HIGH
TF-2026-0001890,IMPORT_LC,CUST-00729,CP-00588,CA,US,JPY,249431.57,2025-02-05,2025-04-19,SETTLED,CHEMICALS,3,10,6,0,0,9,MEDIUM,0.502113,NORMAL,0.389505,0.349755,8.31,36.5,LOW
TF-2026-0001891,IMPORT_LC,CUST-00259,CP-00911,CA,AE,GBP,326824.54,2026-05-05,2026-10-08,SETTLED,TEXTILES,2,4,11,1,1,0,LOW,0.52225,NORMAL,0.58199,0.625513,10.51,52.42,MEDIUM
TF-2026-0001892,GUARANTEE,CUST-00750,CP-02060,CA,FR,CAD,1037399.21,2026-05-28,2026-10-03,ACTIVE,ELECTRONICS,1,4,8,0,0,4,HIGH,0.499497,NORMAL,0.124997,0.330752,8.64,32.25,LOW
TF-2026-0001893,IMPORT_LC,CUST-00286,CP-02441,CA,IN,USD,460283.17,2024-10-02,2025-01-16,ACTIVE,INDUSTRIAL_EQUIPMENT,5,4,18,1,1,0,MEDIUM,0.553856,NORMAL,0.564836,0.79669,15.83,70.07,HIGH
TF-2026-0001894,EXPORT_LC,CUST-00668,CP-01153,CA,SG,CNY,88751.3,2025-07-06,2025-12-16,ACTIVE,INDUSTRIAL_EQUIPMENT,5,7,15,0,1,9,MEDIUM,0.530647,NORMAL,0.558641,0.841112,14.54,66.57,HIGH
TF-2026-0001895,GUARANTEE,CUST-00578,CP-00650,CA,GB,GBP,205999.6,2026-01-16,2026-05-19,ACTIVE,AGRICULTURE,5,5,18,0,1,7,LOW,0.507009,NORMAL,0.367522,0.755638,15.55,46.44,MEDIUM
TF-2026-0001896,GUARANTEE,CUST-00350,CP-02835,CA,MX,EUR,139358.54,2026-06-29,2026-11-04,SETTLED,INDUSTRIAL_EQUIPMENT,1,8,16,0,1,13,HIGH,0.514147,NORMAL,0.216423,0.477904,11.27,44.16,MEDIUM
TF-2026-0001897,COLLECTION,CUST-00455,CP-00284,CA,GB,GBP,381760.18,2026-04-23,2026-07-04,ACTIVE,AUTO_PARTS,2,6,13,0,1,15,MEDIUM,0.522569,NORMAL,0.341261,0.549111,11.37,47.59,MEDIUM
TF-2026-0001898,EXPORT_LC,CUST-00953,CP-02503,CA,MX,JPY,829293.07,2026-06-11,2026-11-13,CLOSED,AGRICULTURE,0,6,3,0,0,11,HIGH,0.506533,NORMAL,0.235767,0.15389,4.1,31.29,LOW
TF-2026-0001899,GUARANTEE,CUST-00920,CP-02353,CA,MX,EUR,2414178.57,2025-01-11,2025-03-19,CLOSED,AUTO_PARTS,1,8,7,0,0,7,LOW,0.525566,NORMAL,0.272875,0.233936,7.57,30.42,LOW
TF-2026-0001900,COLLECTION,CUST-01082,CP-01343,CA,FR,GBP,240096.49,2026-06-10,2026-08-16,ACTIVE,TEXTILES,3,5,2,0,0,4,MEDIUM,0.483671,NORMAL,0.339451,0.573418,11.2,38.42,LOW
TF-2026-0001901,GUARANTEE,CUST-00765,CP-00444,CA,FR,CNY,373538.89,2026-04-24,2026-06-25,ACTIVE,INDUSTRIAL_EQUIPMENT,5,5,12,0,1,5,HIGH,0.499628,NORMAL,0.457978,0.806461,13.46,58.92,MEDIUM
TF-2026-0001902,COLLECTION,CUST-00719,CP-01854,CA,JP,CAD,120576.62,2026-06-17,2026-11-11,ACTIVE,AUTO_PARTS,4,6,13,0,1,2,MEDIUM,0.522888,NORMAL,0.40298,0.667708,11.76,53.68,MEDIUM
TF-2026-0001903,EXPORT_LC,CUST-01156,CP-03405,CA,AE,USD,145694.33,2024-10-09,2025-01-05,CLOSED,ELECTRONICS,3,10,6,0,0,8,LOW,0.514598,NORMAL,0.372993,0.552888,9.23,41.62,MEDIUM
TF-2026-0001904,COLLECTION,CUST-00208,CP-02167,CA,GB,CAD,330191.11,2025-11-15,2026-02-12,CLOSED,CHEMICALS,4,10,21,0,1,8,MEDIUM,0.511781,NORMAL,0.498084,0.725141,15.16,55.58,MEDIUM
TF-2026-0001905,IMPORT_LC,CUST-00173,CP-00177,CA,US,JPY,418426.48,2026-07-27,2026-12-20,CLOSED,AUTO_PARTS,5,10,19,1,1,6,MEDIUM,0.534529,NORMAL,0.637384,0.75138,15.53,66.71,HIGH
TF-2026-0001906,COLLECTION,CUST-00128,CP-03398,CA,JP,CAD,743902.6,2026-07-22,2027-01-09,ACTIVE,TEXTILES,1,9,10,0,0,10,LOW,0.492268,NORMAL,0.200429,0.215209,8.58,18.76,LOW
TF-2026-0001907,IMPORT_LC,CUST-00011,CP-03207,CA,BR,JPY,1671369.96,2025-07-17,2025-09-25,SETTLED,INDUSTRIAL_EQUIPMENT,3,4,22,1,1,12,HIGH,0.523938,NORMAL,0.63174,0.640052,12.36,64.9,MEDIUM
TF-2026-0001908,COLLECTION,CUST-00527,CP-03167,CA,MX,GBP,2182292.18,2026-03-27,2026-06-03,ACTIVE,CHEMICALS,0,9,9,0,0,7,LOW,0.555103,NORMAL,0.152333,0.185242,7.96,31.48,LOW
TF-2026-0001909,EXPORT_LC,CUST-00172,CP-03460,CA,DE,EUR,1830478.13,2025-02-28,2025-04-29,SETTLED,ELECTRONICS,2,3,7,0,0,10,LOW,0.555523,NORMAL,0.227207,0.360513,8.44,39.91,LOW
TF-2026-0001910,GUARANTEE,CUST-00368,CP-00931,CA,AE,EUR,960287.48,2026-04-16,2026-10-01,ACTIVE,AUTO_PARTS,4,10,16,0,1,8,MEDIUM,0.515076,NORMAL,0.387562,0.750558,14.24,54.14,MEDIUM
TF-2026-0001911,COLLECTION,CUST-00921,CP-01743,CA,BR,USD,194463.52,2025-04-26,2025-06-30,ACTIVE,AGRICULTURE,1,10,4,0,0,11,HIGH,0.527557,NORMAL,0.178701,0.199259,4.67,36.85,LOW
TF-2026-0001912,EXPORT_LC,CUST-00890,CP-02666,CA,DE,CNY,2071505.95,2025-09-27,2025-12-11,SETTLED,CHEMICALS,0,7,5,0,0,12,HIGH,0.548765,NORMAL,0.105063,0.141567,4.73,37.38,LOW
TF-2026-0001913,IMPORT_LC,CUST-00503,CP-02818,CA,DE,EUR,385826.94,2024-11-02,2025-03-08,ACTIVE,CHEMICALS,1,10,3,0,0,5,LOW,0.511353,NORMAL,0.211967,0.23407,5.75,24.69,LOW
TF-2026-0001914,GUARANTEE,CUST-00878,CP-02821,CA,JP,CAD,299317.18,2025-10-04,2026-02-23,ACTIVE,INDUSTRIAL_EQUIPMENT,1,3,8,0,0,14,MEDIUM,0.549423,NORMAL,0.254462,0.21322,8.51,39.5,LOW
TF-2026-0001915,GUARANTEE,CUST-00736,CP-00825,CA,AE,EUR,51591.91,2025-01-22,2025-04-08,ACTIVE,TEXTILES,5,6,15,0,1,9,MEDIUM,0.563492,NORMAL,0.46467,0.695407,14.44,64.84,MEDIUM
TF-2026-0001916,IMPORT_LC,CUST-00232,CP-00827,CA,DE,GBP,1258401.7,2025-12-17,2026-04-14,CLOSED,CHEMICALS,0,4,10,0,0,1,MEDIUM,0.549809,NORMAL,0.206524,0.17064,7.62,36.67,LOW
TF-2026-0001917,IMPORT_LC,CUST-00780,CP-03432,CA,MX,JPY,198191.48,2026-03-08,2026-09-01,CLOSED,CHEMICALS,2,5,8,0,0,11,MEDIUM,0.496122,NORMAL,0.328573,0.288041,8.37,31.07,LOW
TF-2026-0001918,GUARANTEE,CUST-00900,CP-03360,CA,SG,CAD,2952499.67,2024-11-30,2025-04-10,CLOSED,INDUSTRIAL_EQUIPMENT,2,4,9,1,0,9,MEDIUM,0.53985,NORMAL,0.273741,0.435045,9.04,45.98,MEDIUM
TF-2026-0001919,COLLECTION,CUST-01000,CP-00923,CA,CN,EUR,1786428.33,2026-03-24,2026-05-24,CLOSED,AUTO_PARTS,3,7,14,0,1,13,MEDIUM,0.520452,NORMAL,0.317962,0.660193,12.32,50.24,MEDIUM
TF-2026-0001920,IMPORT_LC,CUST-00634,CP-01010,CA,JP,USD,1005277.29,2026-05-23,2026-08-04,SETTLED,AGRICULTURE,4,10,17,0,1,15,HIGH,0.565899,NORMAL,0.315822,0.740199,15.24,67.27,HIGH
TF-2026-0001921,EXPORT_LC,CUST-01037,CP-03056,CA,IN,CNY,353646.15,2026-06-09,2026-10-31,SETTLED,CHEMICALS,1,8,15,0,1,3,MEDIUM,0.488106,NORMAL,0.137638,0.460322,11.69,29.39,LOW
TF-2026-0001922,GUARANTEE,CUST-00939,CP-02310,CA,AE,USD,2534069.03,2025-01-20,2025-03-24,SETTLED,AUTO_PARTS,2,8,5,0,0,12,LOW,0.535862,NORMAL,0.393691,0.472859,9.97,44.93,MEDIUM
TF-2026-0001923,IMPORT_LC,CUST-00970,CP-01825,CA,IN,USD,283262.73,2025-02-19,2025-06-08,SETTLED,ELECTRONICS,4,3,12,0,1,14,HIGH,0.556146,NORMAL,0.339808,0.703021,13.65,65.36,HIGH
TF-2026-0001924,GUARANTEE,CUST-00495,CP-02995,CA,BR,CNY,3461996.55,2026-08-04,2026-10-26,CLOSED,AUTO_PARTS,2,6,5,0,0,13,HIGH,0.554664,NORMAL,0.222434,0.255335,7.56,45.96,MEDIUM
TF-2026-0001925,EXPORT_LC,CUST-00638,CP-01484,CA,AE,CAD,959457.7,2025-02-15,2025-05-30,SETTLED,INDUSTRIAL_EQUIPMENT,0,6,13,0,1,15,LOW,0.55168,NORMAL,0.220878,0.294237,6.47,36.79,LOW
TF-2026-0001926,GUARANTEE,CUST-00178,CP-01392,CA,FR,JPY,544188.01,2025-05-30,2025-08-27,ACTIVE,AGRICULTURE,3,10,11,1,1,2,LOW,0.515632,NORMAL,0.367614,0.7088,11.6,47.25,MEDIUM
TF-2026-0001927,GUARANTEE,CUST-00408,CP-02758,CA,CN,USD,1362420.87,2026-01-18,2026-06-17,CLOSED,CHEMICALS,0,5,10,0,0,4,MEDIUM,0.521687,NORMAL,0.126457,0.144539,7.79,26.79,LOW
TF-2026-0001928,EXPORT_LC,CUST-00814,CP-02693,CA,AE,CNY,1422622.71,2025-05-19,2025-10-04,SETTLED,TEXTILES,2,3,8,0,0,7,HIGH,0.537063,NORMAL,0.428853,0.543985,10.98,58.76,MEDIUM
TF-2026-0001929,GUARANTEE,CUST-00597,CP-00323,CA,SG,USD,179532.14,2025-06-08,2025-09-16,CLOSED,AGRICULTURE,0,4,10,0,0,15,LOW,0.573313,NORMAL,0.13285,0.281894,6.22,36.51,LOW
TF-2026-0001930,COLLECTION,CUST-00021,CP-02932,CA,CN,USD,948216.47,2025-12-04,2026-03-15,CLOSED,ELECTRONICS,1,8,10,0,0,4,LOW,0.491213,NORMAL,0.214933,0.249883,9.63,20.14,LOW
TF-2026-0001931,COLLECTION,CUST-00161,CP-02655,CA,GB,EUR,260497.85,2024-09-25,2024-12-31,CLOSED,AGRICULTURE,2,7,12,1,1,12,MEDIUM,0.482353,NORMAL,0.516485,0.547773,11.07,42.52,MEDIUM
TF-2026-0001932,IMPORT_LC,CUST-00823,CP-01002,CA,CN,USD,42848.75,2026-01-19,2026-05-17,SETTLED,AUTO_PARTS,5,9,13,1,1,4,HIGH,0.598741,HIGH,0.744789,0.696799,14.98,81.0,HIGH
TF-2026-0001933,IMPORT_LC,CUST-00792,CP-02358,CA,SG,GBP,33756.27,2024-10-25,2025-02-11,ACTIVE,AGRICULTURE,4,9,7,0,0,14,MEDIUM,0.614905,HIGH,0.466565,0.555214,10.43,63.14,MEDIUM
TF-2026-0001934,GUARANTEE,CUST-01055,CP-03457,CA,BR,GBP,94815.26,2026-01-09,2026-05-19,ACTIVE,AUTO_PARTS,0,3,12,1,1,7,HIGH,0.575101,NORMAL,0.487793,0.46035,9.14,63.57,MEDIUM
TF-2026-0001935,EXPORT_LC,CUST-01192,CP-02587,CA,US,USD,73904.1,2024-10-25,2025-01-05,ACTIVE,CHEMICALS,4,4,17,0,1,1,HIGH,0.567786,NORMAL,0.449312,0.57378,12.15,65.7,HIGH
TF-2026-0001936,IMPORT_LC,CUST-00211,CP-02095,CA,GB,GBP,1929661.49,2026-07-11,2026-10-31,ACTIVE,ELECTRONICS,5,8,13,0,1,4,LOW,0.542396,NORMAL,0.303399,0.8027,13.92,55.25,MEDIUM
TF-2026-0001937,GUARANTEE,CUST-00165,CP-01997,CA,FR,JPY,224423.49,2025-03-30,2025-09-07,CLOSED,AUTO_PARTS,3,7,9,0,0,10,HIGH,0.473014,NORMAL,0.403637,0.41916,9.4,38.02,LOW
TF-2026-0001938,GUARANTEE,CUST-00129,CP-00381,CA,AE,GBP,1205520.52,2025-02-27,2025-07-13,ACTIVE,INDUSTRIAL_EQUIPMENT,5,8,13,1,1,15,HIGH,0.557061,NORMAL,0.504055,0.787516,13.41,73.4,HIGH
TF-2026-0001939,EXPORT_LC,CUST-00589,CP-00498,CA,IN,CNY,180058.1,2025-12-16,2026-04-11,CLOSED,AGRICULTURE,3,7,15,0,1,3,HIGH,0.484719,NORMAL,0.30237,0.658373,13.33,45.53,MEDIUM
TF-2026-0001940,EXPORT_LC,CUST-01143,CP-02702,CA,AE,JPY,280819.23,2026-02-12,2026-08-06,ACTIVE,AGRICULTURE,3,10,11,1,1,13,HIGH,0.521569,NORMAL,0.400136,0.731155,11.09,60.51,MEDIUM
TF-2026-0001941,EXPORT_LC,CUST-01118,CP-02009,CA,CN,USD,147589.79,2025-11-13,2026-02-12,CLOSED,AGRICULTURE,2,6,6,0,0,6,HIGH,0.490021,NORMAL,0.327883,0.316046,7.77,35.51,LOW
TF-2026-0001942,COLLECTION,CUST-00784,CP-01502,CA,MX,USD,2096063.73,2025-06-07,2025-10-01,SETTLED,AUTO_PARTS,4,6,9,1,0,3,LOW,0.526156,NORMAL,0.702905,0.520786,11.17,53.49,MEDIUM
TF-2026-0001943,IMPORT_LC,CUST-00230,CP-02129,CA,BR,JPY,838080.81,2026-02-03,2026-06-30,ACTIVE,AUTO_PARTS,1,10,8,0,0,13,HIGH,0.531146,NORMAL,0.233087,0.183282,7.65,38.9,LOW
TF-2026-0001944,COLLECTION,CUST-01042,CP-03239,CA,SG,JPY,428904.43,2025-03-10,2025-07-28,CLOSED,AUTO_PARTS,3,7,9,0,0,10,HIGH,0.466674,NORMAL,0.392851,0.46745,10.81,38.6,LOW
TF-2026-0001945,IMPORT_LC,CUST-00939,CP-02465,CA,GB,JPY,289164.31,2025-10-16,2026-03-06,ACTIVE,AUTO_PARTS,0,9,1,0,0,7,LOW,0.517374,NORMAL,0.17881,0.153111,4.04,22.6,LOW
TF-2026-0001946,GUARANTEE,CUST-00300,CP-00073,CA,SG,CNY,1443829.87,2026-07-22,2026-10-23,ACTIVE,INDUSTRIAL_EQUIPMENT,1,3,3,0,0,9,HIGH,0.541175,NORMAL,0.159826,0.250586,6.15,41.38,MEDIUM
TF-2026-0001947,GUARANTEE,CUST-00195,CP-03304,CA,US,JPY,237475.69,2025-12-27,2026-06-01,CLOSED,TEXTILES,2,8,8,0,0,15,MEDIUM,0.525269,NORMAL,0.237347,0.312915,9.19,37.01,LOW
TF-2026-0001948,GUARANTEE,CUST-00650,CP-00844,CA,US,GBP,2676334.8,2025-02-24,2025-06-21,CLOSED,CHEMICALS,0,5,7,0,0,8,MEDIUM,0.548507,NORMAL,0.092176,0.163075,8.02,32.69,LOW
TF-2026-0001949,COLLECTION,CUST-00140,CP-01150,CA,IN,CNY,3299327.63,2025-12-23,2026-02-25,ACTIVE,TEXTILES,2,8,10,1,0,10,LOW,0.533431,NORMAL,0.326268,0.336917,9.32,37.61,LOW
TF-2026-0001950,COLLECTION,CUST-00516,CP-00751,CA,FR,USD,3072919.91,2025-12-06,2026-02-23,CLOSED,AGRICULTURE,0,6,16,0,1,7,LOW,0.553511,NORMAL,0.242594,0.314391,8.41,38.47,LOW
TF-2026-0001951,IMPORT_LC,CUST-00984,CP-03210,CA,BR,CNY,5994824.99,2025-04-19,2025-06-30,ACTIVE,INDUSTRIAL_EQUIPMENT,5,7,13,0,1,13,HIGH,0.6008,HIGH,0.480128,0.760423,12.56,75.34,HIGH
TF-2026-0001952,GUARANTEE,CUST-00041,CP-02999,CA,BR,CAD,784506.41,2025-03-28,2025-08-19,ACTIVE,AUTO_PARTS,1,5,1,0,0,0,MEDIUM,0.528963,NORMAL,0.269692,0.149665,5.11,33.22,LOW
TF-2026-0001953,COLLECTION,CUST-00804,CP-00704,CA,AE,CAD,142558.31,2025-04-07,2025-07-31,CLOSED,ELECTRONICS,3,8,15,0,1,9,HIGH,0.480241,NORMAL,0.363354,0.619334,11.85,45.04,MEDIUM
TF-2026-0001954,EXPORT_LC,CUST-00177,CP-02018,CA,JP,CNY,949892.08,2025-07-20,2025-12-09,ACTIVE,CHEMICALS,3,3,9,1,0,4,LOW,0.522198,NORMAL,0.588003,0.427925,9.52,45.67,MEDIUM
TF-2026-0001955,GUARANTEE,CUST-00402,CP-00001,CA,GB,CAD,520582.78,2024-08-26,2025-01-27,SETTLED,TEXTILES,3,7,2,0,0,9,HIGH,0.457049,NORMAL,0.450321,0.383165,6.28,36.93,LOW
TF-2026-0001956,EXPORT_LC,CUST-00366,CP-00032,CA,SG,GBP,704339.63,2026-01-10,2026-06-01,ACTIVE,AUTO_PARTS,4,9,17,0,1,13,MEDIUM,0.509601,NORMAL,0.383556,0.669816,13.13,49.63,MEDIUM
TF-2026-0001957,EXPORT_LC,CUST-00534,CP-03061,CA,DE,USD,447848.0,2025-06-10,2025-08-29,ACTIVE,CHEMICALS,1,8,12,0,1,4,HIGH,0.478778,NORMAL,0.169673,0.453693,9.81,33.2,LOW
TF-2026-0001958,GUARANTEE,CUST-01168,CP-00618,CA,MX,USD,1838777.26,2024-10-06,2024-12-05,SETTLED,ELECTRONICS,5,7,13,0,1,3,MEDIUM,0.539075,NORMAL,0.390275,0.684392,13.42,58.02,MEDIUM
TF-2026-0001959,COLLECTION,CUST-00559,CP-00464,CA,SG,JPY,371218.15,2024-11-06,2025-02-02,CLOSED,TEXTILES,4,9,8,0,0,12,MEDIUM,0.50092,NORMAL,0.498829,0.670156,13.4,50.71,MEDIUM
TF-2026-0001960,EXPORT_LC,CUST-00708,CP-02101,CA,MX,JPY,1437801.19,2026-04-09,2026-06-26,CLOSED,ELECTRONICS,0,9,3,0,0,11,LOW,0.539446,NORMAL,0.116227,0.202718,4.43,28.01,LOW
TF-2026-0001961,IMPORT_LC,CUST-00772,CP-02116,CA,BR,CAD,2935817.63,2025-11-24,2026-04-25,CLOSED,AGRICULTURE,5,6,22,1,1,4,LOW,0.550806,NORMAL,0.405307,0.754346,17.8,58.24,MEDIUM
TF-2026-0001962,COLLECTION,CUST-00828,CP-01804,CA,IN,JPY,966250.17,2025-05-02,2025-09-28,ACTIVE,TEXTILES,3,10,7,0,0,6,HIGH,0.510684,NORMAL,0.223498,0.347861,9.05,38.87,LOW
TF-2026-0001963,EXPORT_LC,CUST-00445,CP-00136,CA,GB,CAD,163287.56,2025-08-07,2026-01-04,ACTIVE,ELECTRONICS,5,9,16,1,1,9,MEDIUM,0.528631,NORMAL,0.7283,0.792362,15.41,69.41,HIGH
TF-2026-0001964,COLLECTION,CUST-00806,CP-00333,CA,SG,GBP,175478.07,2026-01-08,2026-04-11,ACTIVE,CHEMICALS,1,8,11,0,1,12,HIGH,0.501215,NORMAL,0.23142,0.401571,7.29,38.33,LOW
TF-2026-0001965,EXPORT_LC,CUST-01133,CP-02773,CA,JP,CNY,277059.5,2024-08-19,2025-01-05,CLOSED,TEXTILES,5,8,6,1,0,10,LOW,0.496664,NORMAL,0.515978,0.738382,13.99,47.59,MEDIUM
TF-2026-0001966,COLLECTION,CUST-00458,CP-01413,CA,MX,EUR,429208.6,2024-11-29,2025-04-17,SETTLED,TEXTILES,2,6,8,0,0,4,HIGH,0.470416,NORMAL,0.402891,0.369515,9.52,35.85,LOW
TF-2026-0001967,EXPORT_LC,CUST-00307,CP-00659,CA,SG,GBP,739743.96,2026-03-21,2026-05-21,ACTIVE,ELECTRONICS,5,4,14,1,1,7,HIGH,0.50661,NORMAL,0.516598,0.854613,15.41,64.28,MEDIUM
TF-2026-0001968,COLLECTION,CUST-01154,CP-00997,CA,JP,JPY,147311.91,2025-02-08,2025-06-14,SETTLED,INDUSTRIAL_EQUIPMENT,3,3,7,1,0,0,MEDIUM,0.575876,NORMAL,0.6626,0.428577,9.13,62.8,MEDIUM
TF-2026-0001969,COLLECTION,CUST-00166,CP-01426,CA,SG,JPY,924739.78,2025-08-03,2026-01-30,SETTLED,CHEMICALS,1,5,13,0,1,1,LOW,0.512231,NORMAL,0.225546,0.315369,7.88,28.17,LOW
TF-2026-0001970,GUARANTEE,CUST-00573,CP-03141,CA,GB,CAD,543892.77,2026-05-19,2026-08-13,ACTIVE,INDUSTRIAL_EQUIPMENT,3,9,5,0,0,11,HIGH,0.482047,NORMAL,0.394705,0.377249,6.81,37.84,LOW
TF-2026-0001971,COLLECTION,CUST-00757,CP-02902,CA,CN,USD,94590.37,2026-06-07,2026-09-12,SETTLED,INDUSTRIAL_EQUIPMENT,3,4,10,1,0,5,HIGH,0.520495,NORMAL,0.584652,0.392,10.73,53.86,MEDIUM
TF-2026-0001972,EXPORT_LC,CUST-01087,CP-00596,CA,IN,GBP,277537.6,2026-06-03,2026-11-30,CLOSED,ELECTRONICS,4,9,11,1,1,0,HIGH,0.54278,NORMAL,0.619385,0.70963,12.64,71.54,HIGH
TF-2026-0001973,EXPORT_LC,CUST-00219,CP-02339,CA,MX,EUR,152303.28,2026-05-06,2026-09-21,SETTLED,TEXTILES,5,8,14,1,1,8,MEDIUM,0.515474,NORMAL,0.620786,0.778963,13.43,62.27,MEDIUM
TF-2026-0001974,COLLECTION,CUST-00106,CP-02816,CA,FR,JPY,195184.3,2025-07-27,2025-10-14,SETTLED,ELECTRONICS,3,3,6,0,0,9,HIGH,0.52439,NORMAL,0.328896,0.501444,10.24,51.09,MEDIUM
TF-2026-0001975,GUARANTEE,CUST-00558,CP-02565,CA,GB,CAD,1260552.56,2025-07-08,2025-12-25,SETTLED,CHEMICALS,1,6,9,0,0,3,MEDIUM,0.505062,NORMAL,0.194061,0.320999,8.03,30.49,LOW
TF-2026-0001976,GUARANTEE,CUST-00938,CP-01754,CA,SG,USD,343325.72,2025-09-09,2025-12-17,CLOSED,CHEMICALS,3,6,10,0,0,9,MEDIUM,0.459555,NORMAL,0.395573,0.444052,10.16,32.47,LOW
TF-2026-0001977,EXPORT_LC,CUST-00170,CP-02843,CA,FR,GBP,201948.62,2025-01-09,2025-04-11,ACTIVE,AUTO_PARTS,2,10,16,0,1,6,LOW,0.513272,NORMAL,0.300581,0.534078,12.4,38.37,LOW
TF-2026-0001978,EXPORT_LC,CUST-01131,CP-00447,CA,BR,EUR,476560.48,2025-12-31,2026-06-26,CLOSED,INDUSTRIAL_EQUIPMENT,2,5,12,0,1,7,LOW,0.464746,NORMAL,0.245423,0.663932,10.37,30.9,LOW
TF-2026-0001979,GUARANTEE,CUST-00854,CP-01311,CA,IN,CAD,197437.26,2025-06-25,2025-12-18,SETTLED,TEXTILES,5,8,15,1,1,2,LOW,0.532924,NORMAL,0.663641,0.766699,14.21,62.62,MEDIUM
TF-2026-0001980,GUARANTEE,CUST-00453,CP-02805,CA,BR,CAD,2100151.7,2025-02-02,2025-06-21,SETTLED,AUTO_PARTS,4,3,12,0,1,13,MEDIUM,0.576581,NORMAL,0.353,0.716002,12.91,63.61,MEDIUM
TF-2026-0001981,IMPORT_LC,CUST-00712,CP-02744,CA,MX,GBP,1362513.0,2024-11-01,2025-04-27,SETTLED,AGRICULTURE,0,8,6,1,0,13,MEDIUM,0.539006,NORMAL,0.459474,0.131494,5.5,40.71,MEDIUM
TF-2026-0001982,EXPORT_LC,CUST-01020,CP-03288,CA,MX,JPY,358719.13,2025-03-22,2025-06-25,ACTIVE,AGRICULTURE,2,3,14,1,1,8,MEDIUM,0.516244,NORMAL,0.566588,0.591887,11.61,54.31,MEDIUM
TF-2026-0001983,COLLECTION,CUST-00552,CP-02091,CA,JP,CNY,556789.94,2025-09-29,2026-01-18,ACTIVE,ELECTRONICS,3,4,8,0,0,15,HIGH,0.525517,NORMAL,0.345084,0.401345,9.76,48.43,MEDIUM
TF-2026-0001984,GUARANTEE,CUST-00169,CP-02581,CA,FR,CAD,323197.38,2026-01-20,2026-04-27,CLOSED,CHEMICALS,3,3,19,1,1,4,HIGH,0.516182,NORMAL,0.436811,0.576118,11.46,54.85,MEDIUM
TF-2026-0001985,EXPORT_LC,CUST-00360,CP-00929,CA,FR,JPY,420577.99,2024-11-15,2025-02-26,CLOSED,AUTO_PARTS,5,9,6,1,0,8,MEDIUM,0.507338,NORMAL,0.531047,0.610466,11.34,51.35,MEDIUM
TF-2026-0001986,GUARANTEE,CUST-00057,CP-01850,CA,GB,CNY,558878.46,2026-01-25,2026-05-17,SETTLED,AGRICULTURE,3,4,8,0,0,9,LOW,0.477788,NORMAL,0.33864,0.501451,9.0,29.78,LOW
TF-2026-0001987,GUARANTEE,CUST-00538,CP-00612,CA,IN,JPY,112424.24,2025-09-10,2025-11-25,CLOSED,AGRICULTURE,2,7,9,0,0,6,HIGH,0.495685,NORMAL,0.220973,0.25796,10.23,31.67,LOW
TF-2026-0001988,IMPORT_LC,CUST-00873,CP-03461,CA,FR,CNY,611236.4,2026-05-15,2026-08-21,ACTIVE,AGRICULTURE,5,9,15,1,1,13,MEDIUM,0.529965,NORMAL,0.659153,0.698733,13.34,64.42,MEDIUM
TF-2026-0001989,COLLECTION,CUST-00612,CP-00314,CA,MX,GBP,1076345.69,2025-08-18,2026-01-05,ACTIVE,CHEMICALS,3,7,17,1,1,12,LOW,0.487274,NORMAL,0.336539,0.724532,14.59,39.41,LOW
TF-2026-0001990,GUARANTEE,CUST-00707,CP-00417,CA,DE,JPY,522102.38,2025-09-27,2026-02-03,ACTIVE,CHEMICALS,5,8,14,1,1,7,LOW,0.486704,NORMAL,0.757881,0.881808,13.93,57.44,MEDIUM
TF-2026-0001991,EXPORT_LC,CUST-01066,CP-02125,CA,GB,JPY,279140.63,2026-06-03,2026-11-15,ACTIVE,TEXTILES,1,10,5,0,0,2,LOW,0.525447,NORMAL,0.184853,0.271509,7.74,29.04,LOW
TF-2026-0001992,GUARANTEE,CUST-00733,CP-02922,CA,FR,JPY,998242.0,2026-04-07,2026-06-09,ACTIVE,ELECTRONICS,0,10,1,0,0,1,LOW,0.572533,NORMAL,0.125739,0.21314,3.89,33.8,LOW
TF-2026-0001993,GUARANTEE,CUST-00122,CP-01073,CA,DE,CAD,71976.08,2026-01-12,2026-04-03,ACTIVE,CHEMICALS,2,3,9,1,0,13,LOW,0.583056,NORMAL,0.309483,0.312222,9.0,43.59,MEDIUM
TF-2026-0001994,EXPORT_LC,CUST-00626,CP-03455,CA,MX,GBP,216130.86,2025-07-30,2025-11-15,CLOSED,INDUSTRIAL_EQUIPMENT,2,5,12,0,1,7,LOW,0.480714,NORMAL,0.351794,0.603994,10.56,34.25,LOW
TF-2026-0001995,IMPORT_LC,CUST-00530,CP-02682,CA,SG,CAD,353469.35,2024-08-27,2024-11-01,CLOSED,AUTO_PARTS,4,4,11,0,1,11,LOW,0.496394,NORMAL,0.426569,0.74408,12.77,45.03,MEDIUM
TF-2026-0001996,IMPORT_LC,CUST-00846,CP-00521,CA,US,USD,1290475.15,2025-02-06,2025-05-23,ACTIVE,CHEMICALS,1,6,4,0,0,8,MEDIUM,0.491208,NORMAL,0.131691,0.290492,7.99,24.06,LOW
TF-2026-0001997,EXPORT_LC,CUST-00668,CP-00262,CA,MX,EUR,349347.87,2024-10-25,2025-01-06,SETTLED,ELECTRONICS,1,7,5,0,0,7,MEDIUM,0.472536,NORMAL,0.252507,0.246554,7.02,22.35,LOW
TF-2026-0001998,COLLECTION,CUST-00711,CP-03165,CA,GB,CNY,599667.46,2025-05-05,2025-09-24,ACTIVE,AUTO_PARTS,5,10,11,1,1,10,MEDIUM,0.531979,NORMAL,0.64372,0.772402,12.65,67.01,HIGH
TF-2026-0001999,COLLECTION,CUST-01066,CP-00821,CA,GB,EUR,763219.66,2025-01-14,2025-04-15,CLOSED,AGRICULTURE,2,6,17,0,1,1,LOW,0.493798,NORMAL,0.262154,0.385145,10.5,26.92,LOW
TF-2026-0002000,IMPORT_LC,CUST-00886,CP-02182,CA,AE,CNY,1663883.09,2025-01-02,2025-05-02,SETTLED,AGRICULTURE,1,7,10,0,0,5,LOW,0.501986,NORMAL,0.26868,0.189418,9.18,22.23,LOW
TF-2026-0002001,EXPORT_LC,CUST-00430,CP-02385,CA,US,USD,553323.52,2025-08-31,2025-12-21,ACTIVE,ELECTRONICS,1,8,10,0,0,15,MEDIUM,0.520796,NORMAL,0.125684,0.228783,9.16,29.48,LOW
TF-2026-0002002,IMPORT_LC,CUST-00547,CP-01319,CA,BR,JPY,1194180.3,2026-04-07,2026-09-12,ACTIVE,INDUSTRIAL_EQUIPMENT,3,10,10,0,0,11,HIGH,0.521204,NORMAL,0.346852,0.611029,10.97,54.58,MEDIUM
TF-2026-0002003,GUARANTEE,CUST-00728,CP-03249,CA,US,USD,273242.32,2025-11-10,2026-05-01,ACTIVE,AGRICULTURE,1,9,10,1,0,0,MEDIUM,0.534149,NORMAL,0.314121,0.22689,9.38,38.55,LOW
TF-2026-0002004,COLLECTION,CUST-01146,CP-02989,CA,FR,CNY,265320.81,2025-04-19,2025-07-30,ACTIVE,CHEMICALS,3,3,6,0,0,15,LOW,0.560304,NORMAL,0.382187,0.390064,8.53,46.27,MEDIUM
TF-2026-0002005,COLLECTION,CUST-01043,CP-02487,CA,GB,GBP,589177.92,2026-05-24,2026-10-08,CLOSED,TEXTILES,5,9,9,1,0,3,HIGH,0.522829,NORMAL,0.692044,0.686554,12.44,68.01,HIGH
TF-2026-0002006,EXPORT_LC,CUST-00171,CP-02452,CA,BR,EUR,598994.98,2024-08-30,2025-02-14,SETTLED,AGRICULTURE,0,8,7,0,0,14,MEDIUM,0.525108,NORMAL,0.237931,0.248512,6.97,34.7,LOW
TF-2026-0002007,COLLECTION,CUST-00837,CP-01780,CA,AE,JPY,150645.57,2025-03-17,2025-05-23,ACTIVE,AUTO_PARTS,2,7,10,1,0,6,LOW,0.483997,NORMAL,0.64839,0.342556,10.7,34.7,LOW
TF-2026-0002008,GUARANTEE,CUST-00412,CP-00321,CA,IN,CAD,264614.29,2026-07-25,2026-09-30,CLOSED,AUTO_PARTS,5,3,16,0,1,1,LOW,0.568619,NORMAL,0.42008,0.722447,13.91,60.13,MEDIUM
TF-2026-0002009,GUARANTEE,CUST-01123,CP-01569,CA,US,EUR,397110.83,2024-11-26,2025-04-07,SETTLED,AGRICULTURE,4,7,15,1,1,1,MEDIUM,0.502334,NORMAL,0.607845,0.607766,11.1,52.16,MEDIUM
TF-2026-0002010,IMPORT_LC,CUST-01130,CP-00183,CA,DE,CNY,135708.22,2024-09-13,2025-02-15,SETTLED,INDUSTRIAL_EQUIPMENT,5,4,22,1,1,14,LOW,0.567283,NORMAL,0.468752,0.782008,16.95,63.49,MEDIUM
TF-2026-0002011,GUARANTEE,CUST-00331,CP-02464,CA,AE,GBP,352518.67,2024-09-07,2024-11-23,SETTLED,AGRICULTURE,2,4,11,0,1,4,HIGH,0.48423,NORMAL,0.169588,0.618395,9.96,40.04,MEDIUM
TF-2026-0002012,EXPORT_LC,CUST-00815,CP-00054,CA,DE,CNY,1978273.87,2025-10-20,2026-01-18,CLOSED,TEXTILES,5,7,12,1,1,12,MEDIUM,0.545685,NORMAL,0.518533,0.723334,15.04,64.51,MEDIUM
TF-2026-0002013,IMPORT_LC,CUST-00339,CP-00625,CA,GB,GBP,4039441.68,2025-10-02,2026-03-13,CLOSED,CHEMICALS,0,7,12,0,1,11,LOW,0.568958,NORMAL,0.183411,0.476633,9.72,44.48,MEDIUM
TF-2026-0002014,GUARANTEE,CUST-00159,CP-00307,CA,MX,CAD,307827.09,2025-04-19,2025-10-10,SETTLED,ELECTRONICS,3,3,6,1,0,2,LOW,0.528587,NORMAL,0.456372,0.409425,9.27,42.82,MEDIUM
TF-2026-0002015,GUARANTEE,CUST-00483,CP-01916,CA,IN,USD,2389554.28,2025-04-09,2025-07-19,ACTIVE,ELECTRONICS,2,6,5,1,0,5,LOW,0.51655,NORMAL,0.49529,0.336913,8.55,38.33,LOW
TF-2026-0002016,GUARANTEE,CUST-00912,CP-03128,CA,FR,CAD,1201930.16,2025-11-28,2026-02-25,CLOSED,TEXTILES,2,4,10,0,0,14,LOW,0.534395,NORMAL,0.228107,0.330598,9.52,34.66,LOW
TF-2026-0002017,EXPORT_LC,CUST-00178,CP-01508,CA,JP,USD,2622972.73,2025-10-07,2026-02-25,SETTLED,AGRICULTURE,5,7,13,1,1,5,LOW,0.545267,NORMAL,0.391445,0.698019,13.5,54.72,MEDIUM
TF-2026-0002018,GUARANTEE,CUST-00666,CP-00692,CA,MX,USD,476878.52,2026-02-05,2026-06-10,SETTLED,AUTO_PARTS,1,8,6,0,0,3,HIGH,0.485505,NORMAL,0.179861,0.259019,8.17,28.05,LOW
TF-2026-0002019,GUARANTEE,CUST-00898,CP-01869,CA,BR,CNY,240465.78,2025-09-24,2025-12-29,SETTLED,INDUSTRIAL_EQUIPMENT,4,10,19,1,1,4,HIGH,0.521464,NORMAL,0.532424,0.747972,15.32,65.03,HIGH
TF-2026-0002020,GUARANTEE,CUST-00030,CP-00439,CA,DE,CAD,149242.33,2025-06-29,2025-09-10,SETTLED,INDUSTRIAL_EQUIPMENT,1,7,8,0,0,9,HIGH,0.490333,NORMAL,0.204057,0.305999,7.56,31.53,LOW
TF-2026-0002021,EXPORT_LC,CUST-00152,CP-00768,CA,GB,EUR,1316908.66,2025-06-23,2025-11-08,SETTLED,CHEMICALS,2,6,6,0,0,10,LOW,0.492404,NORMAL,0.225932,0.450018,9.49,27.79,LOW
TF-2026-0002022,IMPORT_LC,CUST-00183,CP-02831,CA,IN,JPY,240318.79,2025-12-17,2026-02-15,SETTLED,ELECTRONICS,4,5,15,0,1,7,HIGH,0.481508,NORMAL,0.435892,0.716266,14.24,50.84,MEDIUM
TF-2026-0002023,GUARANTEE,CUST-00580,CP-02553,CA,CN,EUR,1193535.4,2026-05-08,2026-07-12,CLOSED,ELECTRONICS,5,10,8,0,0,2,MEDIUM,0.566263,NORMAL,0.404173,0.523701,10.42,57.38,MEDIUM
TF-2026-0002024,GUARANTEE,CUST-00828,CP-00294,CA,SG,JPY,3385417.9,2025-10-02,2026-02-17,SETTLED,ELECTRONICS,3,9,19,1,1,15,HIGH,0.59701,HIGH,0.493367,0.636801,13.2,71.29,HIGH
TF-2026-0002025,EXPORT_LC,CUST-00113,CP-03334,CA,DE,CNY,1063286.49,2024-08-22,2024-10-30,CLOSED,INDUSTRIAL_EQUIPMENT,5,10,13,0,1,3,MEDIUM,0.551349,NORMAL,0.418993,0.739915,13.63,63.28,MEDIUM
TF-2026-0002026,EXPORT_LC,CUST-00073,CP-01904,CA,GB,JPY,189711.8,2026-03-09,2026-07-26,CLOSED,AUTO_PARTS,1,6,1,0,0,4,HIGH,0.492437,NORMAL,0.279294,0.263249,5.37,32.87,LOW
TF-2026-0002027,COLLECTION,CUST-00323,CP-01799,CA,CN,GBP,1887460.27,2025-01-25,2025-04-18,SETTLED,ELECTRONICS,4,5,13,0,1,0,LOW,0.562677,NORMAL,0.354076,0.732944,12.81,57.74,MEDIUM
TF-2026-0002028,COLLECTION,CUST-00694,CP-01883,CA,JP,CNY,475731.34,2025-11-08,2026-03-28,CLOSED,INDUSTRIAL_EQUIPMENT,4,7,13,0,1,14,MEDIUM,0.503587,NORMAL,0.44545,0.75326,12.88,52.79,MEDIUM
TF-2026-0002029,EXPORT_LC,CUST-00021,CP-03110,CA,CN,CNY,461329.1,2026-08-08,2026-10-21,CLOSED,INDUSTRIAL_EQUIPMENT,1,4,17,0,1,11,LOW,0.494249,NORMAL,0.134094,0.403325,8.52,23.85,LOW
TF-2026-0002030,IMPORT_LC,CUST-00931,CP-03085,CA,SG,EUR,537649.4,2025-10-30,2026-02-23,ACTIVE,INDUSTRIAL_EQUIPMENT,2,6,9,0,0,1,MEDIUM,0.488211,NORMAL,0.288377,0.244339,8.37,26.37,LOW
TF-2026-0002031,IMPORT_LC,CUST-00774,CP-02425,CA,IN,CAD,951126.68,2026-01-06,2026-04-30,CLOSED,ELECTRONICS,4,8,14,0,1,13,LOW,0.503127,NORMAL,0.311278,0.704748,13.91,41.92,MEDIUM
TF-2026-0002032,COLLECTION,CUST-00842,CP-00651,CA,IN,JPY,250253.1,2026-02-14,2026-05-31,ACTIVE,TEXTILES,2,4,9,0,0,1,HIGH,0.504245,NORMAL,0.256652,0.296295,9.22,36.35,LOW
TF-2026-0002033,COLLECTION,CUST-01059,CP-00301,CA,US,EUR,208800.97,2026-04-13,2026-09-25,ACTIVE,ELECTRONICS,5,9,10,0,0,13,HIGH,0.538525,NORMAL,0.421452,0.597294,13.27,60.73,MEDIUM
TF-2026-0002034,IMPORT_LC,CUST-01129,CP-01506,CA,FR,CNY,347782.8,2025-02-20,2025-07-30,CLOSED,TEXTILES,2,6,12,0,1,8,HIGH,0.463093,NORMAL,0.351718,0.446873,8.81,36.38,LOW
TF-2026-0002035,EXPORT_LC,CUST-00690,CP-01757,CA,JP,GBP,1127663.65,2025-12-22,2026-04-20,ACTIVE,TEXTILES,3,3,12,0,1,11,HIGH,0.530757,NORMAL,0.34467,0.6509,11.47,58.54,MEDIUM
TF-2026-0002036,IMPORT_LC,CUST-01117,CP-00315,CA,IN,GBP,167425.77,2024-11-20,2025-01-20,ACTIVE,AUTO_PARTS,5,3,15,1,1,15,MEDIUM,0.603354,HIGH,0.659516,0.745245,14.14,75.28,HIGH
TF-2026-0002037,EXPORT_LC,CUST-00194,CP-00883,CA,GB,JPY,1491889.35,2026-04-18,2026-09-19,SETTLED,ELECTRONICS,1,7,3,0,0,12,LOW,0.510937,NORMAL,0.131914,0.269184,6.51,23.43,LOW
TF-2026-0002038,COLLECTION,CUST-00453,CP-01231,CA,IN,CNY,586381.06,2024-12-27,2025-02-25,SETTLED,INDUSTRIAL_EQUIPMENT,5,6,8,1,0,13,MEDIUM,0.511617,NORMAL,0.677534,0.594177,10.46,56.33,MEDIUM
TF-2026-0002039,COLLECTION,CUST-00800,CP-00289,CA,GB,GBP,46466.57,2025-04-11,2025-10-04,CLOSED,ELECTRONICS,4,7,15,0,1,7,HIGH,0.548728,NORMAL,0.545795,0.610138,13.02,66.99,HIGH
TF-2026-0002040,COLLECTION,CUST-01176,CP-01611,CA,GB,EUR,244098.98,2024-12-02,2025-04-04,SETTLED,CHEMICALS,2,10,7,1,0,3,HIGH,0.509296,NORMAL,0.503635,0.402277,9.57,48.76,MEDIUM
TF-2026-0002041,GUARANTEE,CUST-00225,CP-01955,CA,CN,JPY,205866.16,2024-08-25,2025-02-18,CLOSED,CHEMICALS,0,4,1,0,0,15,LOW,0.568486,NORMAL,0.222307,0.175103,3.93,35.03,LOW
TF-2026-0002042,EXPORT_LC,CUST-00709,CP-02104,CA,GB,EUR,1879051.98,2025-11-29,2026-04-26,SETTLED,CHEMICALS,3,3,13,0,1,9,LOW,0.545855,NORMAL,0.300149,0.472194,7.73,44.21,MEDIUM
TF-2026-0002043,GUARANTEE,CUST-00207,CP-02788,CA,US,GBP,256652.33,2025-05-31,2025-11-12,ACTIVE,INDUSTRIAL_EQUIPMENT,0,8,1,0,0,1,HIGH,0.53265,NORMAL,0.124155,0.265086,5.5,38.81,LOW
TF-2026-0002044,GUARANTEE,CUST-01167,CP-01732,CA,JP,GBP,1517265.75,2025-03-28,2025-06-13,SETTLED,AGRICULTURE,1,8,10,0,0,14,HIGH,0.529668,NORMAL,0.190534,0.211244,8.5,38.21,LOW
TF-2026-0002045,IMPORT_LC,CUST-01057,CP-01712,CA,IN,CNY,452199.95,2026-06-06,2026-08-25,ACTIVE,TEXTILES,5,6,14,1,1,12,MEDIUM,0.502958,NORMAL,0.538553,0.855734,14.09,58.95,MEDIUM
TF-2026-0002046,EXPORT_LC,CUST-00020,CP-02315,CA,AE,GBP,292158.63,2026-07-29,2027-01-22,CLOSED,AUTO_PARTS,3,8,4,0,0,9,MEDIUM,0.462151,NORMAL,0.399847,0.501704,8.55,34.69,LOW
TF-2026-0002047,COLLECTION,CUST-00077,CP-02755,CA,IN,CAD,131901.09,2024-12-08,2025-03-28,ACTIVE,TEXTILES,1,10,8,0,0,13,HIGH,0.546807,NORMAL,0.249589,0.290251,7.96,46.56,MEDIUM
TF-2026-0002048,COLLECTION,CUST-00850,CP-00326,CA,IN,GBP,798808.16,2025-06-16,2025-12-10,SETTLED,AUTO_PARTS,5,10,9,0,0,1,HIGH,0.567312,NORMAL,0.484096,0.706824,12.65,71.33,HIGH
TF-2026-0002049,COLLECTION,CUST-01106,CP-02230,CA,MX,CNY,673647.07,2026-05-14,2026-07-17,SETTLED,AGRICULTURE,1,7,7,0,0,10,LOW,0.476009,NORMAL,0.251595,0.268739,8.11,18.67,LOW
TF-2026-0002050,GUARANTEE,CUST-01095,CP-00330,CA,MX,CNY,3878613.56,2025-02-02,2025-07-03,CLOSED,AGRICULTURE,5,9,16,0,1,2,HIGH,0.596568,HIGH,0.440726,0.630055,13.82,69.45,HIGH
TF-2026-0002051,IMPORT_LC,CUST-00612,CP-00690,CA,GB,JPY,163932.21,2026-07-21,2026-12-12,CLOSED,INDUSTRIAL_EQUIPMENT,5,7,17,0,1,14,LOW,0.540884,NORMAL,0.427971,0.791491,16.1,58.25,MEDIUM
TF-2026-0002052,GUARANTEE,CUST-00902,CP-03083,CA,US,GBP,96692.19,2026-02-04,2026-06-17,CLOSED,INDUSTRIAL_EQUIPMENT,1,6,19,1,1,12,HIGH,0.525541,NORMAL,0.191976,0.303138,8.04,40.41,MEDIUM
TF-2026-0002053,IMPORT_LC,CUST-00087,CP-02433,CA,FR,JPY,175946.24,2025-09-17,2026-02-24,ACTIVE,CHEMICALS,3,4,4,0,0,14,HIGH,0.520943,NORMAL,0.364225,0.482109,10.36,50.53,MEDIUM
TF-2026-0002054,COLLECTION,CUST-00914,CP-01718,CA,AE,EUR,379017.46,2026-06-04,2026-11-02,ACTIVE,AGRICULTURE,0,4,7,0,0,14,HIGH,0.538991,NORMAL,0.322205,0.230498,6.26,45.04,MEDIUM
TF-2026-0002055,IMPORT_LC,CUST-00117,CP-02975,CA,AE,CAD,540221.27,2024-11-10,2025-02-25,SETTLED,INDUSTRIAL_EQUIPMENT,2,10,10,0,0,3,LOW,0.509022,NORMAL,0.308388,0.38291,9.89,32.14,LOW
TF-2026-0002056,COLLECTION,CUST-00764,CP-01777,CA,GB,GBP,225620.18,2026-03-07,2026-06-02,CLOSED,TEXTILES,2,5,2,0,0,4,MEDIUM,0.485252,NORMAL,0.331065,0.389731,10.0,32.08,LOW
TF-2026-0002057,COLLECTION,CUST-00060,CP-02725,CA,SG,USD,78420.74,2025-05-02,2025-07-30,ACTIVE,AUTO_PARTS,1,7,3,0,0,15,MEDIUM,0.572784,NORMAL,0.308436,0.344725,6.25,48.92,MEDIUM
TF-2026-0002058,GUARANTEE,CUST-00419,CP-03403,CA,GB,GBP,263384.04,2026-02-03,2026-05-19,SETTLED,CHEMICALS,5,3,13,0,1,10,LOW,0.549651,NORMAL,0.461833,0.779233,13.06,60.58,MEDIUM
TF-2026-0002059,GUARANTEE,CUST-00808,CP-03366,CA,FR,JPY,151638.13,2025-10-10,2026-03-06,CLOSED,ELECTRONICS,1,7,11,0,1,14,MEDIUM,0.522519,NORMAL,0.123004,0.527475,9.17,40.28,MEDIUM
TF-2026-0002060,GUARANTEE,CUST-00221,CP-00355,CA,DE,USD,389703.89,2025-01-26,2025-07-20,CLOSED,CHEMICALS,2,4,13,1,1,0,MEDIUM,0.52176,NORMAL,0.599043,0.565124,11.75,55.71,MEDIUM
TF-2026-0002061,IMPORT_LC,CUST-00038,CP-00792,CA,JP,USD,477650.75,2026-06-05,2026-10-28,SETTLED,TEXTILES,3,10,18,0,1,2,MEDIUM,0.516401,NORMAL,0.329241,0.671081,13.49,50.03,MEDIUM
TF-2026-0002062,COLLECTION,CUST-00360,CP-00591,CA,AE,GBP,351082.71,2026-06-02,2026-11-18,SETTLED,AGRICULTURE,2,4,3,0,0,1,MEDIUM,0.498088,NORMAL,0.342855,0.396349,7.31,35.79,LOW
TF-2026-0002063,IMPORT_LC,CUST-00479,CP-02918,CA,SG,CNY,76397.63,2025-02-25,2025-06-19,CLOSED,AGRICULTURE,3,3,4,0,0,0,LOW,0.610365,HIGH,0.311879,0.425627,7.75,48.88,MEDIUM
TF-2026-0002064,IMPORT_LC,CUST-00717,CP-02322,CA,SG,CAD,648720.7,2025-12-13,2026-03-06,ACTIVE,CHEMICALS,5,8,13,1,1,5,HIGH,0.496955,NORMAL,0.598513,0.832973,14.0,63.41,MEDIUM
TF-2026-0002065,GUARANTEE,CUST-00235,CP-01554,CA,AE,GBP,871006.61,2025-02-02,2025-04-21,ACTIVE,INDUSTRIAL_EQUIPMENT,5,4,19,0,1,8,LOW,0.507228,NORMAL,0.406211,0.824877,17.94,50.07,MEDIUM
TF-2026-0002066,GUARANTEE,CUST-00682,CP-01475,CA,SG,CNY,687608.5,2025-05-12,2025-08-09,ACTIVE,TEXTILES,5,6,17,1,1,8,HIGH,0.487185,NORMAL,0.682528,0.82358,16.08,63.23,MEDIUM
TF-2026-0002067,EXPORT_LC,CUST-00734,CP-02407,CA,IN,GBP,755025.8,2025-03-05,2025-07-08,SETTLED,AGRICULTURE,4,10,14,0,1,1,HIGH,0.546125,NORMAL,0.358149,0.696116,12.57,63.84,MEDIUM
TF-2026-0002068,GUARANTEE,CUST-00713,CP-02310,CA,AE,CAD,594726.14,2025-02-04,2025-04-11,ACTIVE,CHEMICALS,4,7,18,0,1,12,MEDIUM,0.481331,NORMAL,0.483804,0.852072,16.27,52.0,MEDIUM
TF-2026-0002069,COLLECTION,CUST-00364,CP-01097,CA,US,USD,949596.24,2025-11-11,2026-05-08,CLOSED,INDUSTRIAL_EQUIPMENT,0,5,6,0,0,7,HIGH,0.516007,NORMAL,0.197584,0.246415,8.26,36.06,LOW
TF-2026-0002070,IMPORT_LC,CUST-00164,CP-00587,CA,FR,GBP,449217.2,2026-03-24,2026-09-07,SETTLED,INDUSTRIAL_EQUIPMENT,4,7,6,1,0,9,HIGH,0.464766,NORMAL,0.693848,0.604269,9.47,52.27,MEDIUM
TF-2026-0002071,IMPORT_LC,CUST-00111,CP-03076,CA,IN,CNY,235616.03,2026-06-26,2026-11-28,CLOSED,AGRICULTURE,3,3,8,0,0,11,HIGH,0.521342,NORMAL,0.352026,0.3287,9.21,44.89,MEDIUM
TF-2026-0002072,GUARANTEE,CUST-00449,CP-00318,CA,BR,EUR,562395.72,2026-06-10,2026-11-30,SETTLED,CHEMICALS,2,6,10,0,0,13,MEDIUM,0.485835,NORMAL,0.290897,0.271685,9.14,26.9,LOW
TF-2026-0002073,COLLECTION,CUST-00569,CP-03122,CA,JP,JPY,712738.23,2025-08-28,2026-02-16,CLOSED,INDUSTRIAL_EQUIPMENT,1,5,8,1,0,14,HIGH,0.509948,NORMAL,0.51455,0.221003,7.81,42.93,MEDIUM
TF-2026-0002074,EXPORT_LC,CUST-00043,CP-01955,CA,CN,GBP,371605.82,2025-02-02,2025-07-02,CLOSED,AUTO_PARTS,0,10,8,0,0,15,MEDIUM,0.586704,NORMAL,0.247427,0.183493,7.06,42.46,MEDIUM
TF-2026-0002075,GUARANTEE,CUST-00851,CP-03279,CA,DE,CNY,947916.82,2025-02-19,2025-07-21,CLOSED,CHEMICALS,0,5,5,0,0,4,MEDIUM,0.514776,NORMAL,0.106713,0.167379,5.66,25.19,LOW
TF-2026-0002076,EXPORT_LC,CUST-00204,CP-03308,CA,DE,EUR,1874713.52,2026-07-31,2026-12-25,ACTIVE,ELECTRONICS,4,10,16,1,1,15,HIGH,0.587549,NORMAL,0.607491,0.68956,14.53,76.01,HIGH
TF-2026-0002077,EXPORT_LC,CUST-01126,CP-03200,CA,MX,CAD,532542.51,2025-05-20,2025-10-08,CLOSED,AGRICULTURE,3,6,7,0,0,3,LOW,0.47177,NORMAL,0.30369,0.538335,11.99,28.97,LOW
TF-2026-0002078,COLLECTION,CUST-00548,CP-00904,CA,FR,EUR,365533.72,2024-10-04,2025-03-23,ACTIVE,INDUSTRIAL_EQUIPMENT,0,5,8,1,0,1,HIGH,0.526318,NORMAL,0.475386,0.252977,6.31,47.35,MEDIUM
TF-2026-0002079,EXPORT_LC,CUST-00113,CP-01471,CA,MX,JPY,199346.6,2025-12-14,2026-04-20,ACTIVE,TEXTILES,4,6,9,0,0,10,MEDIUM,0.488604,NORMAL,0.499687,0.589121,10.18,44.87,MEDIUM
TF-2026-0002080,COLLECTION,CUST-01099,CP-00743,CA,MX,CAD,2818107.11,2025-11-16,2026-04-26,ACTIVE,CHEMICALS,0,10,5,0,0,8,MEDIUM,0.586139,NORMAL,0.222375,0.188678,5.81,41.86,MEDIUM
TF-2026-0002081,EXPORT_LC,CUST-00249,CP-01740,CA,US,GBP,1317643.96,2026-07-23,2026-12-18,CLOSED,AUTO_PARTS,1,5,8,0,0,8,MEDIUM,0.497994,NORMAL,0.116954,0.269432,8.08,24.54,LOW
TF-2026-0002082,COLLECTION,CUST-01100,CP-01703,CA,AE,CNY,339874.4,2025-07-21,2025-10-24,ACTIVE,ELECTRONICS,5,7,7,1,0,1,LOW,0.523984,NORMAL,0.646805,0.761008,13.54,59.61,MEDIUM
TF-2026-0002083,COLLECTION,CUST-01046,CP-01111,CA,AE,USD,403305.24,2025-03-30,2025-08-06,CLOSED,AUTO_PARTS,1,5,13,0,1,14,LOW,0.505963,NORMAL,0.438099,0.436196,10.11,37.12,LOW
TF-2026-0002084,GUARANTEE,CUST-00675,CP-00182,CA,SG,GBP,320530.24,2026-04-16,2026-09-27,SETTLED,CHEMICALS,3,8,17,0,1,15,MEDIUM,0.519542,NORMAL,0.519152,0.668645,13.21,56.34,MEDIUM
TF-2026-0002085,EXPORT_LC,CUST-00550,CP-02047,CA,AE,CNY,1476643.91,2024-11-28,2025-03-18,ACTIVE,TEXTILES,1,7,3,0,0,1,HIGH,0.528041,NORMAL,0.196486,0.327427,8.74,42.02,MEDIUM
TF-2026-0002086,COLLECTION,CUST-00759,CP-02041,CA,CN,CNY,409187.25,2025-08-31,2026-02-01,ACTIVE,AUTO_PARTS,1,4,8,0,0,7,LOW,0.487684,NORMAL,0.166413,0.263931,8.53,18.31,LOW
TF-2026-0002087,GUARANTEE,CUST-00525,CP-01590,CA,MX,CAD,1391662.01,2025-02-10,2025-08-04,CLOSED,AUTO_PARTS,5,6,13,0,1,9,MEDIUM,0.513827,NORMAL,0.481748,0.790563,13.87,57.97,MEDIUM
TF-2026-0002088,GUARANTEE,CUST-00929,CP-00189,CA,US,GBP,332736.06,2026-06-06,2026-10-28,SETTLED,INDUSTRIAL_EQUIPMENT,1,6,7,0,0,12,MEDIUM,0.484554,NORMAL,0.192497,0.193334,7.92,20.9,LOW
TF-2026-0002089,COLLECTION,CUST-00170,CP-00754,CA,JP,CAD,514926.96,2025-04-15,2025-07-24,SETTLED,CHEMICALS,4,5,14,0,1,5,LOW,0.47747,NORMAL,0.464767,0.805718,13.54,44.13,MEDIUM
TF-2026-0002090,COLLECTION,CUST-00022,CP-02502,CA,MX,CAD,95620.52,2025-08-09,2026-01-26,ACTIVE,INDUSTRIAL_EQUIPMENT,0,5,5,0,0,4,MEDIUM,0.550851,NORMAL,0.304002,0.114445,5.92,37.82,LOW
TF-2026-0002091,EXPORT_LC,CUST-00046,CP-02397,CA,AE,EUR,679603.8,2025-03-26,2025-07-30,ACTIVE,AUTO_PARTS,4,5,7,0,0,9,HIGH,0.474986,NORMAL,0.458839,0.525621,10.11,43.69,MEDIUM
TF-2026-0002092,GUARANTEE,CUST-00783,CP-01146,CA,JP,GBP,660480.15,2024-09-28,2025-02-02,SETTLED,ELECTRONICS,4,5,12,1,1,9,LOW,0.474559,NORMAL,0.711757,0.792801,13.88,50.57,MEDIUM
TF-2026-0002093,COLLECTION,CUST-00504,CP-01041,CA,CN,CAD,937316.73,2025-10-20,2026-01-18,CLOSED,INDUSTRIAL_EQUIPMENT,4,8,14,0,1,5,MEDIUM,0.486114,NORMAL,0.49766,0.715083,13.95,48.66,MEDIUM
TF-2026-0002094,EXPORT_LC,CUST-00282,CP-02056,CA,DE,GBP,608997.77,2026-05-24,2026-08-28,ACTIVE,INDUSTRIAL_EQUIPMENT,3,4,8,1,0,14,MEDIUM,0.5082,NORMAL,0.478582,0.447537,10.86,44.24,MEDIUM
TF-2026-0002095,GUARANTEE,CUST-00217,CP-01941,CA,AE,CNY,666600.26,2024-11-09,2025-02-06,ACTIVE,ELECTRONICS,4,3,14,0,1,11,HIGH,0.523192,NORMAL,0.311637,0.779299,14.49,59.93,MEDIUM
TF-2026-0002096,IMPORT_LC,CUST-00523,CP-00033,CA,FR,CNY,52061.98,2026-05-23,2026-10-11,CLOSED,TEXTILES,4,5,13,1,1,5,MEDIUM,0.559552,NORMAL,0.533492,0.67683,11.63,65.74,HIGH
TF-2026-0002097,COLLECTION,CUST-00862,CP-01184,CA,SG,CNY,279895.1,2025-09-16,2026-02-04,CLOSED,TEXTILES,2,9,2,0,0,6,LOW,0.484527,NORMAL,0.302701,0.406784,10.93,26.67,LOW
TF-2026-0002098,COLLECTION,CUST-00244,CP-02471,CA,AE,CAD,1098090.93,2026-02-04,2026-07-27,CLOSED,ELECTRONICS,4,6,9,1,0,10,LOW,0.490717,NORMAL,0.678564,0.585207,11.02,45.63,MEDIUM
TF-2026-0002099,EXPORT_LC,CUST-00773,CP-01652,CA,FR,GBP,972416.31,2025-06-17,2025-08-19,CLOSED,AUTO_PARTS,5,5,13,0,1,5,MEDIUM,0.50202,NORMAL,0.446722,0.720849,12.39,51.18,MEDIUM
TF-2026-0002100,GUARANTEE,CUST-00922,CP-01812,CA,FR,GBP,1882512.49,2024-10-02,2025-01-10,SETTLED,INDUSTRIAL_EQUIPMENT,1,3,1,1,0,8,HIGH,0.556902,NORMAL,0.482242,0.254344,5.63,54.07,MEDIUM
TF-2026-0002101,EXPORT_LC,CUST-01160,CP-00979,CA,GB,CAD,407877.23,2025-10-31,2026-02-25,SETTLED,INDUSTRIAL_EQUIPMENT,5,5,9,1,0,4,HIGH,0.498501,NORMAL,0.658792,0.588479,12.2,57.07,MEDIUM
TF-2026-0002102,EXPORT_LC,CUST-00278,CP-00274,CA,CN,JPY,108588.34,2025-12-01,2026-04-07,CLOSED,INDUSTRIAL_EQUIPMENT,3,5,13,0,1,13,HIGH,0.523353,NORMAL,0.480546,0.582321,10.72,58.19,MEDIUM
TF-2026-0002103,IMPORT_LC,CUST-01049,CP-02141,CA,DE,CNY,518540.48,2025-02-08,2025-05-23,ACTIVE,AUTO_PARTS,5,3,12,0,1,4,HIGH,0.538074,NORMAL,0.433177,0.880159,13.14,70.89,HIGH
TF-2026-0002104,COLLECTION,CUST-00007,CP-02614,CA,JP,CNY,1452051.51,2025-01-30,2025-05-26,CLOSED,ELECTRONICS,3,10,12,1,1,3,LOW,0.534732,NORMAL,0.392998,0.475061,9.49,44.75,MEDIUM
TF-2026-0002105,COLLECTION,CUST-00290,CP-02586,CA,FR,GBP,4035610.67,2024-08-30,2024-12-31,CLOSED,INDUSTRIAL_EQUIPMENT,1,7,13,0,1,3,LOW,0.566004,NORMAL,0.217086,0.354405,9.77,40.83,MEDIUM
TF-2026-0002106,IMPORT_LC,CUST-00157,CP-02093,CA,DE,JPY,236155.26,2025-04-23,2025-08-21,ACTIVE,INDUSTRIAL_EQUIPMENT,4,5,13,0,1,6,MEDIUM,0.486226,NORMAL,0.454967,0.778121,13.53,49.6,MEDIUM
TF-2026-0002107,COLLECTION,CUST-00067,CP-01283,CA,BR,CAD,196799.71,2026-07-08,2026-12-30,SETTLED,AUTO_PARTS,5,4,11,0,1,14,MEDIUM,0.555729,NORMAL,0.455184,0.728137,14.26,64.66,MEDIUM
TF-2026-0002108,GUARANTEE,CUST-00176,CP-03304,CA,US,JPY,1445392.51,2026-02-06,2026-07-11,SETTLED,TEXTILES,0,9,7,0,0,15,LOW,0.587796,NORMAL,0.127758,0.252287,6.08,36.33,LOW
TF-2026-0002109,GUARANTEE,CUST-01043,CP-01637,CA,IN,EUR,92504.63,2025-09-06,2025-11-05,CLOSED,INDUSTRIAL_EQUIPMENT,2,6,6,0,0,3,HIGH,0.518118,NORMAL,0.265415,0.271588,7.5,39.49,LOW
TF-2026-0002110,COLLECTION,CUST-00892,CP-02513,CA,GB,CNY,2314359.89,2025-06-01,2025-11-13,ACTIVE,ELECTRONICS,3,10,19,0,1,2,HIGH,0.561799,NORMAL,0.45835,0.636792,13.65,67.4,HIGH
TF-2026-0002111,EXPORT_LC,CUST-00709,CP-00101,CA,CN,CAD,89860.44,2025-01-05,2025-04-26,CLOSED,AGRICULTURE,3,6,7,1,0,9,LOW,0.500011,NORMAL,0.388276,0.428623,9.06,33.72,LOW
TF-2026-0002112,EXPORT_LC,CUST-00880,CP-03138,CA,GB,CNY,499612.81,2025-10-30,2026-03-21,ACTIVE,INDUSTRIAL_EQUIPMENT,0,4,3,0,0,3,LOW,0.516103,NORMAL,0.211471,0.23386,6.26,26.08,LOW
TF-2026-0002113,COLLECTION,CUST-00261,CP-01302,CA,IN,CNY,512887.16,2024-12-24,2025-03-31,CLOSED,TEXTILES,0,4,14,0,1,0,HIGH,0.551525,NORMAL,0.254461,0.385012,8.89,50.94,MEDIUM
TF-2026-0002114,EXPORT_LC,CUST-01090,CP-00462,CA,IN,EUR,620183.66,2025-03-06,2025-07-07,ACTIVE,CHEMICALS,0,9,6,0,0,10,HIGH,0.514099,NORMAL,0.177235,0.117859,5.95,30.37,LOW
TF-2026-0002115,EXPORT_LC,CUST-00669,CP-02315,CA,AE,USD,249642.79,2026-04-09,2026-09-25,CLOSED,CHEMICALS,0,8,7,0,0,9,MEDIUM,0.507793,NORMAL,0.138595,0.234215,7.66,26.49,LOW
TF-2026-0002116,IMPORT_LC,CUST-00879,CP-02256,CA,BR,USD,512525.41,2026-02-24,2026-07-04,SETTLED,ELECTRONICS,0,5,11,0,1,3,LOW,0.514842,NORMAL,0.215603,0.414433,8.33,32.12,LOW
TF-2026-0002117,EXPORT_LC,CUST-01072,CP-01767,CA,AE,CNY,24220.14,2024-10-24,2025-04-17,ACTIVE,ELECTRONICS,5,10,16,0,1,12,LOW,0.630661,HIGH,0.671497,0.810113,15.07,73.43,HIGH
TF-2026-0002118,IMPORT_LC,CUST-00602,CP-01403,CA,CN,GBP,2505785.07,2026-03-26,2026-06-30,SETTLED,AUTO_PARTS,2,3,8,0,0,13,MEDIUM,0.575642,NORMAL,0.181449,0.254085,8.96,42.22,MEDIUM
TF-2026-0002119,IMPORT_LC,CUST-00705,CP-01877,CA,US,GBP,114927.66,2024-12-20,2025-05-09,ACTIVE,ELECTRONICS,5,8,16,1,1,8,MEDIUM,0.528138,NORMAL,0.681209,0.726333,15.04,65.56,HIGH
TF-2026-0002120,COLLECTION,CUST-00652,CP-03315,CA,DE,CAD,426107.21,2025-11-15,2026-05-10,ACTIVE,CHEMICALS,5,8,17,0,1,1,LOW,0.53001,NORMAL,0.396457,0.851375,15.15,56.9,MEDIUM
TF-2026-0002121,COLLECTION,CUST-00909,CP-00512,CA,GB,GBP,587631.51,2025-11-20,2026-03-04,ACTIVE,ELECTRONICS,1,7,3,1,0,4,MEDIUM,0.477716,NORMAL,0.207053,0.205261,6.42,20.44,LOW
TF-2026-0002122,EXPORT_LC,CUST-00044,CP-02968,CA,CN,JPY,2521901.01,2025-04-14,2025-08-26,ACTIVE,ELECTRONICS,4,5,12,1,1,10,HIGH,0.532511,NORMAL,0.655731,0.682626,12.02,69.34,HIGH
TF-2026-0002123,EXPORT_LC,CUST-00102,CP-02990,CA,AE,USD,407508.42,2026-03-05,2026-08-28,CLOSED,ELECTRONICS,4,3,13,1,1,4,LOW,0.518742,NORMAL,0.573589,0.780345,13.19,56.71,MEDIUM
TF-2026-0002124,GUARANTEE,CUST-00514,CP-00868,CA,DE,USD,389155.27,2026-02-21,2026-08-09,ACTIVE,AUTO_PARTS,1,7,9,1,0,12,LOW,0.484848,NORMAL,0.529744,0.188838,8.04,25.95,LOW
TF-2026-0002125,IMPORT_LC,CUST-00778,CP-02221,CA,DE,JPY,158978.43,2025-09-11,2025-12-21,CLOSED,INDUSTRIAL_EQUIPMENT,4,8,14,0,1,5,HIGH,0.502751,NORMAL,0.493379,0.769276,12.51,59.49,MEDIUM
TF-2026-0002126,COLLECTION,CUST-00594,CP-02367,CA,DE,JPY,374523.87,2025-10-29,2026-03-30,CLOSED,CHEMICALS,0,6,4,0,0,14,MEDIUM,0.521417,NORMAL,0.173048,0.209656,5.82,30.38,LOW
TF-2026-0002127,COLLECTION,CUST-01037,CP-01144,CA,MX,USD,705881.21,2025-02-25,2025-08-21,CLOSED,AUTO_PARTS,5,5,23,0,1,7,MEDIUM,0.491967,NORMAL,0.61838,0.783462,17.92,56.14,MEDIUM
TF-2026-0002128,GUARANTEE,CUST-00664,CP-03290,CA,BR,GBP,73096.65,2025-04-03,2025-06-13,SETTLED,TEXTILES,5,10,13,1,1,11,LOW,0.59061,HIGH,0.704475,0.830454,14.48,74.06,HIGH
TF-2026-0002129,EXPORT_LC,CUST-00414,CP-01089,CA,AE,CNY,147886.99,2026-08-01,2026-12-22,CLOSED,AGRICULTURE,4,9,6,1,0,12,HIGH,0.525448,NORMAL,0.659064,0.552293,8.76,63.1,MEDIUM
TF-2026-0002130,GUARANTEE,CUST-00235,CP-02556,CA,DE,CNY,856953.08,2026-03-14,2026-06-11,ACTIVE,CHEMICALS,4,8,16,1,1,5,LOW,0.483921,NORMAL,0.75167,0.737976,14.1,51.61,MEDIUM
TF-2026-0002131,IMPORT_LC,CUST-00191,CP-02322,CA,SG,EUR,256953.74,2025-01-30,2025-07-14,CLOSED,AUTO_PARTS,2,6,12,0,1,5,LOW,0.472392,NORMAL,0.360317,0.491481,10.64,29.15,LOW
TF-2026-0002132,COLLECTION,CUST-00231,CP-01419,CA,GB,JPY,1355484.18,2025-10-25,2026-03-25,CLOSED,AGRICULTURE,0,6,10,0,0,12,HIGH,0.52498,NORMAL,0.271481,0.180391,7.35,38.28,LOW
TF-2026-0002133,IMPORT_LC,CUST-00143,CP-00138,CA,CN,JPY,353845.04,2026-08-07,2026-10-16,ACTIVE,CHEMICALS,4,4,8,1,0,3,MEDIUM,0.497562,NORMAL,0.561136,0.514027,11.8,46.29,MEDIUM
TF-2026-0002134,GUARANTEE,CUST-00006,CP-01380,CA,DE,CNY,1664997.87,2025-01-12,2025-03-20,ACTIVE,CHEMICALS,3,7,7,1,0,15,HIGH,0.549188,NORMAL,0.540905,0.370841,8.63,58.55,MEDIUM
TF-2026-0002135,GUARANTEE,CUST-00333,CP-03399,CA,SG,CNY,492905.26,2026-07-17,2026-10-10,CLOSED,TEXTILES,3,7,8,0,0,13,MEDIUM,0.485067,NORMAL,0.482179,0.440047,9.98,38.36,LOW
TF-2026-0002136,COLLECTION,CUST-01045,CP-00435,CA,IN,JPY,1006115.26,2026-03-14,2026-09-08,CLOSED,AUTO_PARTS,4,4,11,1,1,15,LOW,0.546169,NORMAL,0.469894,0.662454,11.22,56.03,MEDIUM
TF-2026-0002137,IMPORT_LC,CUST-00447,CP-00094,CA,IN,GBP,717633.72,2025-03-28,2025-09-21,SETTLED,TEXTILES,5,9,21,1,1,12,LOW,0.527213,NORMAL,0.660787,0.779844,15.98,61.55,MEDIUM
TF-2026-0002138,GUARANTEE,CUST-00638,CP-00520,CA,GB,CNY,310638.32,2025-11-16,2026-05-15,CLOSED,ELECTRONICS,0,3,14,0,1,13,LOW,0.559172,NORMAL,0.18155,0.440894,8.5,41.88,MEDIUM
TF-2026-0002139,IMPORT_LC,CUST-00377,CP-01387,CA,FR,EUR,252931.67,2025-11-23,2026-01-24,CLOSED,INDUSTRIAL_EQUIPMENT,3,8,14,1,1,15,LOW,0.52082,NORMAL,0.409265,0.628912,11.95,47.0,MEDIUM
TF-2026-0002140,IMPORT_LC,CUST-00863,CP-01431,CA,BR,GBP,753099.75,2025-12-03,2026-02-07,CLOSED,CHEMICALS,5,6,16,0,1,0,LOW,0.549591,NORMAL,0.48891,0.801171,15.86,62.14,MEDIUM
TF-2026-0002141,IMPORT_LC,CUST-00493,CP-00426,CA,MX,CAD,406339.94,2025-09-18,2026-01-03,SETTLED,INDUSTRIAL_EQUIPMENT,3,8,11,0,1,14,LOW,0.499223,NORMAL,0.314626,0.68534,11.44,40.31,MEDIUM
TF-2026-0002142,IMPORT_LC,CUST-01165,CP-00570,CA,DE,GBP,324815.9,2026-03-16,2026-08-05,CLOSED,ELECTRONICS,3,5,10,1,0,3,LOW,0.484035,NORMAL,0.591393,0.4269,9.87,35.95,LOW
TF-2026-0002143,IMPORT_LC,CUST-00418,CP-00521,CA,US,EUR,149032.82,2025-05-24,2025-08-08,CLOSED,ELECTRONICS,1,10,15,1,1,8,HIGH,0.522467,NORMAL,0.496083,0.439953,10.76,53.39,MEDIUM
TF-2026-0002144,IMPORT_LC,CUST-01116,CP-03159,CA,SG,CAD,250551.81,2025-07-27,2025-10-23,CLOSED,AGRICULTURE,2,9,6,0,0,9,HIGH,0.482996,NORMAL,0.249995,0.419166,8.06,35.17,LOW
TF-2026-0002145,GUARANTEE,CUST-01153,CP-00618,CA,MX,JPY,93042.52,2026-04-21,2026-08-08,SETTLED,ELECTRONICS,3,7,8,0,0,3,LOW,0.511872,NORMAL,0.390756,0.414208,10.31,36.5,LOW
TF-2026-0002146,IMPORT_LC,CUST-00956,CP-00013,CA,AE,CAD,521263.26,2026-05-07,2026-10-17,SETTLED,AUTO_PARTS,5,8,18,1,1,9,LOW,0.484107,NORMAL,0.514514,0.873687,16.19,49.29,MEDIUM
TF-2026-0002147,COLLECTION,CUST-01178,CP-02922,CA,FR,CNY,562669.12,2026-05-30,2026-09-16,CLOSED,TEXTILES,5,8,8,0,0,1,MEDIUM,0.528788,NORMAL,0.434058,0.5882,11.3,53.46,MEDIUM
TF-2026-0002148,IMPORT_LC,CUST-00468,CP-01250,CA,IN,EUR,853832.35,2025-08-02,2026-01-19,SETTLED,TEXTILES,0,10,1,0,0,3,LOW,0.556643,NORMAL,0.203453,0.176133,3.9,32.91,LOW
TF-2026-0002149,COLLECTION,CUST-00638,CP-00934,CA,CN,CNY,635127.42,2026-01-02,2026-03-23,CLOSED,INDUSTRIAL_EQUIPMENT,2,4,12,0,1,6,LOW,0.479471,NORMAL,0.211474,0.626232,10.63,30.6,LOW
TF-2026-0002150,IMPORT_LC,CUST-01185,CP-00870,CA,IN,CNY,338813.99,2026-06-17,2026-11-13,CLOSED,INDUSTRIAL_EQUIPMENT,2,5,4,1,0,10,MEDIUM,0.475044,NORMAL,0.296481,0.330637,7.08,27.01,LOW
TF-2026-0002151,IMPORT_LC,CUST-00538,CP-01608,CA,FR,CNY,130891.02,2026-07-07,2026-12-17,CLOSED,CHEMICALS,0,7,1,0,0,10,HIGH,0.52542,NORMAL,0.135228,0.246569,4.1,36.67,LOW
TF-2026-0002152,COLLECTION,CUST-01085,CP-00943,CA,AE,USD,115446.03,2025-01-02,2025-05-11,CLOSED,INDUSTRIAL_EQUIPMENT,1,7,4,0,0,10,HIGH,0.50419,NORMAL,0.248763,0.279748,5.86,35.52,LOW
TF-2026-0002153,GUARANTEE,CUST-00337,CP-02270,CA,FR,CAD,126725.38,2025-01-09,2025-06-08,CLOSED,AUTO_PARTS,1,7,6,0,0,4,HIGH,0.501913,NORMAL,0.156935,0.309929,8.01,33.08,LOW
TF-2026-0002154,EXPORT_LC,CUST-00297,CP-00670,CA,FR,EUR,628438.37,2026-01-06,2026-06-16,CLOSED,AGRICULTURE,5,7,16,1,1,7,MEDIUM,0.484118,NORMAL,0.530779,0.747396,14.24,50.36,MEDIUM
TF-2026-0002155,GUARANTEE,CUST-00950,CP-00576,CA,SG,USD,716764.47,2024-11-15,2025-02-17,ACTIVE,ELECTRONICS,3,3,8,0,0,5,HIGH,0.512568,NORMAL,0.304527,0.389963,9.34,43.26,MEDIUM
TF-2026-0002156,IMPORT_LC,CUST-00271,CP-00867,CA,JP,CNY,307683.51,2024-12-05,2025-04-17,CLOSED,INDUSTRIAL_EQUIPMENT,5,5,14,0,1,2,HIGH,0.513251,NORMAL,0.439488,0.827303,14.24,62.78,MEDIUM
TF-2026-0002157,COLLECTION,CUST-01151,CP-00109,CA,MX,USD,2276091.97,2025-12-09,2026-03-06,SETTLED,TEXTILES,2,9,7,0,0,11,MEDIUM,0.530428,NORMAL,0.303034,0.381318,8.69,42.74,MEDIUM
TF-2026-0002158,GUARANTEE,CUST-00027,CP-01813,CA,US,CNY,607144.34,2025-12-14,2026-04-03,ACTIVE,TEXTILES,2,8,9,1,0,14,HIGH,0.500387,NORMAL,0.212511,0.275414,9.24,33.19,LOW
TF-2026-0002159,EXPORT_LC,CUST-00147,CP-01923,CA,CN,USD,5562950.83,2024-08-19,2024-11-21,SETTLED,AGRICULTURE,2,6,13,0,1,14,MEDIUM,0.597129,HIGH,0.246508,0.616292,11.71,58.18,MEDIUM
TF-2026-0002160,IMPORT_LC,CUST-00607,CP-01064,CA,DE,EUR,801937.26,2025-07-14,2025-09-23,ACTIVE,ELECTRONICS,2,8,3,0,0,11,MEDIUM,0.481042,NORMAL,0.269784,0.38771,9.06,29.27,LOW
TF-2026-0002161,EXPORT_LC,CUST-00115,CP-02268,CA,BR,CAD,502733.46,2025-01-02,2025-06-02,ACTIVE,AGRICULTURE,4,5,11,0,1,2,MEDIUM,0.490091,NORMAL,0.450399,0.835843,11.19,52.4,MEDIUM
TF-2026-0002162,EXPORT_LC,CUST-01122,CP-00651,CA,IN,GBP,56094.18,2025-01-24,2025-06-18,ACTIVE,INDUSTRIAL_EQUIPMENT,2,3,7,0,0,1,LOW,0.60288,HIGH,0.194934,0.306669,8.15,40.98,MEDIUM
TF-2026-0002163,COLLECTION,CUST-00380,CP-01497,CA,MX,CAD,1101486.32,2024-09-30,2024-12-05,ACTIVE,INDUSTRIAL_EQUIPMENT,5,4,16,1,1,5,LOW,0.516085,NORMAL,0.714627,0.748142,14.76,59.15,MEDIUM
TF-2026-0002164,COLLECTION,CUST-01191,CP-00912,CA,FR,EUR,98122.19,2025-04-23,2025-09-10,ACTIVE,INDUSTRIAL_EQUIPMENT,3,7,13,0,1,11,LOW,0.504844,NORMAL,0.261464,0.715616,12.25,41.3,MEDIUM
TF-2026-0002165,EXPORT_LC,CUST-00039,CP-01422,CA,BR,CAD,291011.9,2025-07-25,2026-01-06,SETTLED,TEXTILES,3,8,14,1,1,13,MEDIUM,0.487206,NORMAL,0.43988,0.606793,11.38,43.37,MEDIUM
TF-2026-0002166,EXPORT_LC,CUST-01188,CP-00614,CA,MX,CNY,765653.97,2025-02-14,2025-06-28,CLOSED,TEXTILES,5,9,11,0,1,2,HIGH,0.53524,NORMAL,0.445017,0.803387,12.27,67.91,HIGH
TF-2026-0002167,EXPORT_LC,CUST-00871,CP-00423,CA,DE,USD,249036.58,2025-11-25,2026-04-24,SETTLED,ELECTRONICS,5,10,20,0,1,8,LOW,0.536054,NORMAL,0.545237,0.817205,16.7,61.56,MEDIUM
TF-2026-0002168,COLLECTION,CUST-00971,CP-03008,CA,US,EUR,453503.27,2025-01-15,2025-06-22,SETTLED,TEXTILES,4,8,13,0,1,15,HIGH,0.529323,NORMAL,0.480574,0.645294,10.98,62.01,MEDIUM
TF-2026-0002169,GUARANTEE,CUST-00215,CP-03145,CA,US,CAD,441910.91,2025-10-02,2026-01-11,ACTIVE,AUTO_PARTS,5,10,9,1,0,4,HIGH,0.535662,NORMAL,0.413559,0.56202,12.39,58.59,MEDIUM
TF-2026-0002170,IMPORT_LC,CUST-00632,CP-02863,CA,IN,USD,3310482.59,2025-04-10,2025-08-24,CLOSED,INDUSTRIAL_EQUIPMENT,0,7,7,0,0,1,MEDIUM,0.584147,NORMAL,0.253188,0.202814,6.69,43.15,MEDIUM
TF-2026-0002171,GUARANTEE,CUST-00210,CP-01776,CA,MX,GBP,191619.73,2025-09-02,2025-11-27,SETTLED,AUTO_PARTS,5,9,14,1,1,13,MEDIUM,0.540367,NORMAL,0.644241,0.785001,14.16,69.42,HIGH
TF-2026-0002172,EXPORT_LC,CUST-00637,CP-00291,CA,US,EUR,104689.46,2025-03-24,2025-06-23,CLOSED,AGRICULTURE,3,5,7,0,0,6,MEDIUM,0.508793,NORMAL,0.487451,0.451818,9.0,44.88,MEDIUM
TF-2026-0002173,EXPORT_LC,CUST-01141,CP-02144,CA,IN,JPY,2239657.21,2026-01-17,2026-03-23,ACTIVE,INDUSTRIAL_EQUIPMENT,5,4,14,1,1,2,MEDIUM,0.56228,NORMAL,0.464375,0.698449,12.11,64.82,MEDIUM
TF-2026-0002174,IMPORT_LC,CUST-00562,CP-00531,CA,MX,EUR,744371.95,2026-01-31,2026-07-05,SETTLED,INDUSTRIAL_EQUIPMENT,5,5,15,1,1,8,HIGH,0.491773,NORMAL,0.710241,0.757468,14.59,62.9,MEDIUM
TF-2026-0002175,COLLECTION,CUST-00552,CP-03000,CA,BR,EUR,352064.57,2026-01-27,2026-05-16,ACTIVE,TEXTILES,2,5,7,1,0,7,HIGH,0.466879,NORMAL,0.583671,0.374697,8.89,41.11,MEDIUM
TF-2026-0002176,IMPORT_LC,CUST-00991,CP-03175,CA,AE,USD,149519.42,2024-08-27,2025-01-16,CLOSED,CHEMICALS,1,4,3,0,0,2,MEDIUM,0.520437,NORMAL,0.217563,0.226933,6.44,32.05,LOW
TF-2026-0002177,EXPORT_LC,CUST-01193,CP-01801,CA,CN,JPY,109812.1,2025-08-09,2025-12-04,ACTIVE,TEXTILES,0,5,3,0,0,14,MEDIUM,0.568732,NORMAL,0.148395,0.257519,7.09,40.73,MEDIUM
TF-2026-0002178,GUARANTEE,CUST-00938,CP-02456,CA,CN,CAD,202583.1,2026-06-17,2026-11-01,CLOSED,ELECTRONICS,2,6,8,0,0,7,MEDIUM,0.477531,NORMAL,0.262117,0.275033,8.36,24.5,LOW
TF-2026-0002179,EXPORT_LC,CUST-00024,CP-02798,CA,DE,GBP,637603.24,2026-07-27,2026-11-04,SETTLED,AUTO_PARTS,5,10,13,0,1,7,LOW,0.529865,NORMAL,0.37471,0.803036,13.16,54.51,MEDIUM
TF-2026-0002180,IMPORT_LC,CUST-00420,CP-03256,CA,AE,USD,700363.1,2025-09-19,2025-12-05,SETTLED,AGRICULTURE,3,5,6,1,0,3,HIGH,0.483895,NORMAL,0.41707,0.393558,8.45,39.5,LOW
TF-2026-0002181,EXPORT_LC,CUST-00337,CP-00880,CA,SG,GBP,448629.21,2024-09-09,2025-02-06,CLOSED,INDUSTRIAL_EQUIPMENT,3,4,7,1,0,15,HIGH,0.524601,NORMAL,0.660624,0.646239,11.67,66.17,HIGH
TF-2026-0002182,EXPORT_LC,CUST-00166,CP-03192,CA,CN,EUR,286338.1,2025-11-19,2026-01-21,SETTLED,AUTO_PARTS,2,10,6,1,0,4,LOW,0.50284,NORMAL,0.315282,0.501927,10.54,34.82,LOW
TF-2026-0002183,GUARANTEE,CUST-01055,CP-03301,CA,FR,GBP,774446.49,2025-08-04,2025-11-23,ACTIVE,AUTO_PARTS,2,6,10,0,0,5,HIGH,0.472993,NORMAL,0.165672,0.247556,9.17,24.87,LOW
TF-2026-0002184,COLLECTION,CUST-00745,CP-02080,CA,FR,GBP,575603.53,2025-08-13,2025-11-09,ACTIVE,ELECTRONICS,0,8,8,0,0,13,HIGH,0.512212,NORMAL,0.096846,0.248168,8.23,31.95,LOW
TF-2026-0002185,IMPORT_LC,CUST-00669,CP-01790,CA,CN,GBP,1621276.48,2024-12-12,2025-02-25,CLOSED,ELECTRONICS,3,4,13,0,1,5,MEDIUM,0.511313,NORMAL,0.365903,0.580952,11.95,46.44,MEDIUM
TF-2026-0002186,GUARANTEE,CUST-00325,CP-00655,CA,DE,EUR,1399324.96,2025-11-17,2026-02-16,CLOSED,CHEMICALS,3,4,10,0,0,14,LOW,0.539066,NORMAL,0.445715,0.485009,11.23,47.7,MEDIUM
TF-2026-0002187,COLLECTION,CUST-00658,CP-02614,CA,JP,GBP,269819.98,2025-09-08,2026-02-06,SETTLED,AGRICULTURE,2,10,10,0,0,3,HIGH,0.508339,NORMAL,0.185084,0.311555,9.87,35.76,LOW
TF-2026-0002188,EXPORT_LC,CUST-00587,CP-03078,CA,GB,CNY,989009.66,2024-12-31,2025-05-11,ACTIVE,ELECTRONICS,5,3,16,0,1,0,LOW,0.5922,HIGH,0.414752,0.807523,14.95,64.63,MEDIUM
TF-2026-0002189,IMPORT_LC,CUST-00402,CP-02528,CA,BR,USD,37269.19,2024-11-10,2025-03-06,ACTIVE,AUTO_PARTS,4,3,14,1,1,14,HIGH,0.627652,HIGH,0.676172,0.740745,12.54,81.11,HIGH
TF-2026-0002190,COLLECTION,CUST-00748,CP-02315,CA,AE,USD,409034.17,2025-01-10,2025-05-17,SETTLED,INDUSTRIAL_EQUIPMENT,5,5,18,0,1,9,MEDIUM,0.491001,NORMAL,0.670126,0.810088,15.46,58.36,MEDIUM
TF-2026-0002191,IMPORT_LC,CUST-00080,CP-01719,CA,AE,USD,1721143.49,2026-02-11,2026-07-17,CLOSED,AGRICULTURE,0,6,1,0,0,13,HIGH,0.546709,NORMAL,0.16971,0.162791,3.9,39.68,LOW
TF-2026-0002192,GUARANTEE,CUST-00132,CP-00492,CA,DE,EUR,334326.47,2025-01-31,2025-05-12,ACTIVE,AGRICULTURE,2,5,7,0,0,0,HIGH,0.51501,NORMAL,0.474008,0.377732,10.04,48.67,MEDIUM
TF-2026-0002193,EXPORT_LC,CUST-00692,CP-02061,CA,SG,USD,208210.71,2025-10-08,2026-04-02,CLOSED,AGRICULTURE,1,10,16,0,1,8,LOW,0.514619,NORMAL,0.181081,0.48826,9.96,33.61,LOW
TF-2026-0002194,EXPORT_LC,CUST-01111,CP-00650,CA,GB,JPY,333801.18,2025-06-11,2025-08-24,SETTLED,AUTO_PARTS,3,5,7,0,0,7,LOW,0.465801,NORMAL,0.339182,0.375112,8.08,23.69,LOW
TF-2026-0002195,COLLECTION,CUST-00587,CP-03112,CA,AE,USD,1187068.08,2026-06-11,2026-11-06,SETTLED,AGRICULTURE,2,9,11,0,1,3,LOW,0.505624,NORMAL,0.275568,0.619148,10.9,38.56,LOW
TF-2026-0002196,IMPORT_LC,CUST-01114,CP-00264,CA,CN,JPY,396993.15,2026-05-17,2026-10-30,CLOSED,ELECTRONICS,1,4,3,0,0,12,MEDIUM,0.496007,NORMAL,0.179579,0.257073,5.48,25.48,LOW
TF-2026-0002197,IMPORT_LC,CUST-00426,CP-00752,CA,CN,CAD,129266.71,2026-02-03,2026-06-26,SETTLED,AGRICULTURE,4,6,13,1,1,1,MEDIUM,0.529695,NORMAL,0.694116,0.740011,11.83,66.83,HIGH
TF-2026-0002198,EXPORT_LC,CUST-00595,CP-01158,CA,DE,GBP,3622243.29,2025-05-21,2025-11-15,SETTLED,CHEMICALS,0,10,12,0,1,11,MEDIUM,0.597614,HIGH,0.135901,0.242574,6.23,41.8,MEDIUM
TF-2026-0002199,EXPORT_LC,CUST-00928,CP-01540,CA,MX,CNY,862667.78,2026-05-17,2026-09-26,SETTLED,INDUSTRIAL_EQUIPMENT,4,6,17,0,1,9,HIGH,0.47458,NORMAL,0.637312,0.835101,14.49,59.82,MEDIUM
TF-2026-0002200,IMPORT_LC,CUST-00749,CP-01780,CA,AE,CNY,1063465.82,2025-04-10,2025-07-19,ACTIVE,CHEMICALS,2,4,7,0,0,6,HIGH,0.491791,NORMAL,0.181664,0.510699,10.52,38.42,LOW
TF-2026-0002201,EXPORT_LC,CUST-01025,CP-01041,CA,CN,USD,692343.18,2026-07-15,2026-09-21,CLOSED,TEXTILES,2,5,12,1,1,5,MEDIUM,0.472915,NORMAL,0.582807,0.630068,11.37,45.75,MEDIUM
TF-2026-0002202,EXPORT_LC,CUST-00054,CP-00790,CA,AE,EUR,423453.44,2026-05-05,2026-08-17,SETTLED,INDUSTRIAL_EQUIPMENT,0,6,8,0,0,3,LOW,0.510936,NORMAL,0.160974,0.315368,6.86,25.91,LOW
TF-2026-0002203,COLLECTION,CUST-01154,CP-02518,CA,DE,CAD,763585.28,2026-05-02,2026-10-04,CLOSED,CHEMICALS,4,5,19,1,1,0,MEDIUM,0.528971,NORMAL,0.55297,0.76449,15.69,63.25,MEDIUM
TF-2026-0002204,GUARANTEE,CUST-00711,CP-02597,CA,GB,CAD,3421289.98,2024-12-25,2025-06-13,SETTLED,ELECTRONICS,0,3,7,0,0,8,MEDIUM,0.604194,HIGH,0.211716,0.314991,7.66,46.82,MEDIUM
TF-2026-0002205,COLLECTION,CUST-00658,CP-00194,CA,IN,USD,1343404.49,2026-04-03,2026-06-23,SETTLED,AGRICULTURE,5,4,10,1,0,1,HIGH,0.553628,NORMAL,0.629154,0.595661,12.33,69.92,HIGH
TF-2026-0002206,GUARANTEE,CUST-01118,CP-00543,CA,SG,GBP,202215.74,2025-09-08,2026-01-31,SETTLED,CHEMICALS,1,6,1,0,0,15,HIGH,0.531368,NORMAL,0.233293,0.361132,4.85,45.16,MEDIUM
TF-2026-0002207,IMPORT_LC,CUST-00821,CP-01746,CA,SG,EUR,317050.92,2026-02-08,2026-07-10,CLOSED,INDUSTRIAL_EQUIPMENT,0,3,2,0,0,7,MEDIUM,0.543147,NORMAL,0.241211,0.164732,3.99,36.19,LOW
TF-2026-0002208,GUARANTEE,CUST-00729,CP-01244,CA,US,JPY,3159123.84,2025-11-29,2026-05-14,CLOSED,AGRICULTURE,2,9,11,0,1,12,MEDIUM,0.557256,NORMAL,0.216337,0.504669,9.79,49.89,MEDIUM
TF-2026-0002209,IMPORT_LC,CUST-00274,CP-00553,CA,DE,CAD,210170.24,2024-12-13,2025-04-03,CLOSED,ELECTRONICS,0,10,8,0,0,11,LOW,0.54562,NORMAL,0.228305,0.261387,7.02,34.63,LOW
TF-2026-0002210,IMPORT_LC,CUST-00998,CP-01535,CA,JP,GBP,164703.02,2024-11-30,2025-03-11,SETTLED,CHEMICALS,0,3,1,0,0,6,MEDIUM,0.558237,NORMAL,0.246297,0.193007,4.77,40.05,MEDIUM
TF-2026-0002211,EXPORT_LC,CUST-00864,CP-01376,CA,GB,JPY,525500.22,2026-06-22,2026-11-04,SETTLED,TEXTILES,3,8,16,0,1,3,LOW,0.476257,NORMAL,0.382971,0.636917,12.2,35.58,LOW
TF-2026-0002212,IMPORT_LC,CUST-01177,CP-02250,CA,SG,EUR,506568.1,2025-03-11,2025-05-20,ACTIVE,CHEMICALS,5,10,14,1,1,0,LOW,0.584895,NORMAL,0.75342,0.771633,14.48,73.13,HIGH
TF-2026-0002213,EXPORT_LC,CUST-00640,CP-02214,CA,FR,CNY,1098818.16,2025-07-26,2025-12-25,ACTIVE,AGRICULTURE,1,5,12,0,1,1,HIGH,0.516957,NORMAL,0.246724,0.49257,10.35,46.41,MEDIUM
TF-2026-0002214,COLLECTION,CUST-00822,CP-03099,CA,MX,CAD,502043.59,2024-11-12,2025-01-30,CLOSED,INDUSTRIAL_EQUIPMENT,2,5,5,0,0,4,HIGH,0.472006,NORMAL,0.304627,0.363535,7.75,32.94,LOW
TF-2026-0002215,GUARANTEE,CUST-00838,CP-00161,CA,FR,EUR,1851962.57,2025-06-29,2025-12-11,CLOSED,TEXTILES,4,6,14,1,1,1,HIGH,0.534589,NORMAL,0.634766,0.689558,12.58,69.48,HIGH
TF-2026-0002216,GUARANTEE,CUST-00585,CP-02094,CA,GB,CNY,464057.05,2025-09-14,2026-01-06,SETTLED,CHEMICALS,1,3,6,0,0,0,LOW,0.565678,NORMAL,0.290227,0.339075,8.13,42.42,MEDIUM
TF-2026-0002217,IMPORT_LC,CUST-00072,CP-02325,CA,JP,CAD,929172.62,2026-07-22,2026-10-29,SETTLED,AUTO_PARTS,3,3,6,0,0,13,LOW,0.528895,NORMAL,0.334608,0.477454,10.05,41.62,MEDIUM
TF-2026-0002218,COLLECTION,CUST-00708,CP-00015,CA,AE,EUR,2361333.85,2026-03-14,2026-06-01,ACTIVE,ELECTRONICS,1,8,8,1,0,12,LOW,0.539515,NORMAL,0.595047,0.358469,7.87,47.85,MEDIUM
TF-2026-0002219,COLLECTION,CUST-00810,CP-03053,CA,BR,EUR,1436681.24,2025-07-05,2025-12-09,ACTIVE,CHEMICALS,1,6,8,0,0,3,MEDIUM,0.510852,NORMAL,0.181166,0.358266,10.13,33.0,LOW
TF-2026-0002220,EXPORT_LC,CUST-00607,CP-02291,CA,BR,CNY,274096.15,2025-07-24,2025-10-04,ACTIVE,ELECTRONICS,2,3,10,0,0,5,MEDIUM,0.521183,NORMAL,0.241151,0.483441,9.4,41.94,MEDIUM
TF-2026-0002221,COLLECTION,CUST-00773,CP-00709,CA,DE,CNY,1036248.37,2026-04-29,2026-09-07,SETTLED,AUTO_PARTS,0,6,5,0,0,4,MEDIUM,0.515905,NORMAL,0.27446,0.258618,7.0,33.75,LOW
TF-2026-0002222,COLLECTION,CUST-00395,CP-02654,CA,BR,USD,376058.44,2026-04-01,2026-06-27,SETTLED,AGRICULTURE,4,7,13,0,1,0,LOW,0.525342,NORMAL,0.411312,0.689072,13.86,50.42,MEDIUM
TF-2026-0002223,GUARANTEE,CUST-00265,CP-01318,CA,GB,EUR,1259198.76,2026-01-29,2026-07-01,CLOSED,CHEMICALS,1,3,13,0,1,4,LOW,0.540948,NORMAL,0.188507,0.472755,10.42,39.94,LOW
TF-2026-0002224,IMPORT_LC,CUST-00533,CP-01283,CA,BR,USD,747362.22,2026-03-14,2026-07-12,CLOSED,INDUSTRIAL_EQUIPMENT,0,6,9,0,0,14,MEDIUM,0.524371,NORMAL,0.098561,0.233008,6.07,29.77,LOW
TF-2026-0002225,IMPORT_LC,CUST-00070,CP-01173,CA,JP,EUR,535145.59,2025-06-21,2025-09-29,SETTLED,AGRICULTURE,1,4,9,0,0,14,HIGH,0.517303,NORMAL,0.230865,0.186081,7.84,35.3,LOW
TF-2026-0002226,EXPORT_LC,CUST-00113,CP-03058,CA,FR,CAD,285953.93,2024-10-23,2025-02-23,SETTLED,ELECTRONICS,3,4,11,1,1,11,MEDIUM,0.487457,NORMAL,0.476449,0.697927,12.25,47.75,MEDIUM
TF-2026-0002227,COLLECTION,CUST-00515,CP-02784,CA,BR,USD,601195.67,2025-03-02,2025-08-22,CLOSED,AGRICULTURE,2,6,15,0,1,7,HIGH,0.463042,NORMAL,0.271261,0.46699,10.21,34.66,LOW
TF-2026-0002228,IMPORT_LC,CUST-00628,CP-02135,CA,FR,GBP,1380570.93,2026-01-24,2026-07-15,ACTIVE,ELECTRONICS,3,5,9,0,0,8,HIGH,0.487232,NORMAL,0.313634,0.608919,12.19,44.66,MEDIUM
TF-2026-0002229,EXPORT_LC,CUST-00809,CP-03124,CA,MX,GBP,1196776.75,2026-02-28,2026-08-01,CLOSED,ELECTRONICS,1,7,4,0,0,13,MEDIUM,0.501069,NORMAL,0.268821,0.210974,6.34,27.78,LOW
TF-2026-0002230,EXPORT_LC,CUST-01086,CP-00231,CA,CN,USD,296999.96,2024-12-04,2025-05-17,ACTIVE,INDUSTRIAL_EQUIPMENT,4,10,12,1,1,1,HIGH,0.541492,NORMAL,0.488441,0.769959,12.31,69.49,HIGH
TF-2026-0002231,GUARANTEE,CUST-00085,CP-02719,CA,US,CAD,3312911.73,2024-12-27,2025-04-16,CLOSED,AGRICULTURE,5,10,17,1,1,9,MEDIUM,0.597555,HIGH,0.376623,0.797438,15.94,68.44,HIGH
TF-2026-0002232,GUARANTEE,CUST-00891,CP-03447,CA,AE,USD,298023.14,2025-10-16,2026-03-02,ACTIVE,ELECTRONICS,3,10,8,0,0,8,LOW,0.496018,NORMAL,0.479126,0.603906,10.11,41.61,MEDIUM
TF-2026-0002233,COLLECTION,CUST-00119,CP-02512,CA,MX,CAD,134062.87,2025-08-14,2026-02-07,CLOSED,AUTO_PARTS,2,10,12,0,1,13,MEDIUM,0.535822,NORMAL,0.259466,0.578723,10.64,49.6,MEDIUM
TF-2026-0002234,EXPORT_LC,CUST-01060,CP-01570,CA,AE,USD,1691463.81,2024-08-14,2024-11-08,SETTLED,ELECTRONICS,0,10,8,0,0,11,HIGH,0.567822,NORMAL,0.208836,0.256902,6.16,47.41,MEDIUM
TF-2026-0002235,EXPORT_LC,CUST-00930,CP-03293,CA,CN,CNY,523184.49,2025-05-28,2025-10-31,SETTLED,TEXTILES,5,10,14,1,1,13,MEDIUM,0.546527,NORMAL,0.701248,0.786559,14.02,72.41,HIGH
TF-2026-0002236,COLLECTION,CUST-00642,CP-00097,CA,IN,CNY,359224.84,2025-09-22,2025-11-26,ACTIVE,CHEMICALS,2,8,10,0,0,11,HIGH,0.47785,NORMAL,0.139979,0.31194,10.04,27.19,LOW
TF-2026-0002237,IMPORT_LC,CUST-00132,CP-01999,CA,GB,USD,937033.85,2026-05-31,2026-10-02,SETTLED,ELECTRONICS,4,10,19,0,1,8,HIGH,0.514391,NORMAL,0.395368,0.779878,16.91,60.19,MEDIUM
TF-2026-0002238,COLLECTION,CUST-00855,CP-02499,CA,FR,USD,304143.01,2026-08-02,2026-12-17,ACTIVE,AGRICULTURE,3,5,7,0,0,15,HIGH,0.527329,NORMAL,0.377073,0.400517,9.61,49.79,MEDIUM
TF-2026-0002239,IMPORT_LC,CUST-00971,CP-03202,CA,MX,CAD,104735.64,2025-12-03,2026-04-07,SETTLED,TEXTILES,1,6,11,0,1,10,HIGH,0.513716,NORMAL,0.299175,0.392455,8.78,43.53,MEDIUM
TF-2026-0002240,IMPORT_LC,CUST-00574,CP-03443,CA,US,GBP,1331082.48,2025-07-04,2025-09-10,CLOSED,TEXTILES,5,10,7,0,0,6,HIGH,0.557418,NORMAL,0.46042,0.704377,13.39,69.25,HIGH
TF-2026-0002241,EXPORT_LC,CUST-00195,CP-00609,CA,DE,JPY,225942.82,2025-08-10,2026-01-25,CLOSED,INDUSTRIAL_EQUIPMENT,4,10,15,1,1,4,MEDIUM,0.524463,NORMAL,0.645059,0.826184,14.75,66.96,HIGH
TF-2026-0002242,COLLECTION,CUST-01123,CP-02827,CA,JP,EUR,199963.17,2026-04-21,2026-09-27,ACTIVE,CHEMICALS,1,7,15,0,1,5,MEDIUM,0.481726,NORMAL,0.122368,0.265815,6.5,20.71,LOW
TF-2026-0002243,GUARANTEE,CUST-00111,CP-00725,CA,US,GBP,50254.62,2026-03-30,2026-09-17,SETTLED,CHEMICALS,5,3,17,1,1,12,HIGH,0.610063,HIGH,0.675157,0.7957,15.3,82.7,HIGH
TF-2026-0002244,GUARANTEE,CUST-00556,CP-01438,CA,AE,GBP,1120498.8,2026-04-09,2026-06-16,ACTIVE,AUTO_PARTS,3,10,15,1,1,0,MEDIUM,0.561774,NORMAL,0.595331,0.568156,10.83,64.09,MEDIUM
TF-2026-0002245,EXPORT_LC,CUST-00680,CP-01821,CA,IN,JPY,173068.11,2025-08-23,2025-12-26,CLOSED,AUTO_PARTS,3,5,23,0,1,3,MEDIUM,0.494991,NORMAL,0.404476,0.708045,14.95,47.79,MEDIUM
TF-2026-0002246,EXPORT_LC,CUST-00917,CP-01827,CA,US,CAD,941411.74,2025-11-18,2026-05-08,SETTLED,INDUSTRIAL_EQUIPMENT,1,6,6,0,0,7,HIGH,0.48082,NORMAL,0.230445,0.248833,7.52,28.2,LOW
TF-2026-0002247,EXPORT_LC,CUST-00169,CP-03479,CA,IN,CNY,3633020.45,2024-09-12,2024-12-16,CLOSED,ELECTRONICS,0,3,6,0,0,12,HIGH,0.611912,HIGH,0.153423,0.199534,5.15,46.25,MEDIUM
TF-2026-0002248,GUARANTEE,CUST-00764,CP-03147,CA,CN,CAD,340175.67,2026-01-09,2026-05-01,CLOSED,ELECTRONICS,1,4,7,0,0,11,MEDIUM,0.493272,NORMAL,0.183126,0.25695,7.62,24.94,LOW
TF-2026-0002249,EXPORT_LC,CUST-00834,CP-01388,CA,MX,EUR,243838.19,2025-03-11,2025-08-27,SETTLED,AUTO_PARTS,4,4,9,0,0,11,MEDIUM,0.504369,NORMAL,0.527583,0.613867,12.81,50.62,MEDIUM
TF-2026-0002250,EXPORT_LC,CUST-00799,CP-02040,CA,CN,USD,1389918.01,2025-03-21,2025-07-28,CLOSED,TEXTILES,4,6,10,1,0,4,MEDIUM,0.505524,NORMAL,0.714701,0.660397,11.49,58.16,MEDIUM
TF-2026-0002251,IMPORT_LC,CUST-00200,CP-01390,CA,MX,USD,866311.38,2025-11-20,2026-04-14,SETTLED,TEXTILES,2,10,3,0,0,4,MEDIUM,0.510002,NORMAL,0.422086,0.421193,8.37,42.18,MEDIUM
TF-2026-0002252,IMPORT_LC,CUST-00939,CP-01461,CA,BR,USD,314451.23,2025-12-24,2026-03-21,CLOSED,ELECTRONICS,2,8,11,0,1,14,LOW,0.50139,NORMAL,0.316222,0.553374,10.26,36.24,LOW
TF-2026-0002253,GUARANTEE,CUST-00998,CP-01643,CA,AE,GBP,269368.94,2026-07-06,2026-12-30,CLOSED,TEXTILES,5,8,12,1,1,13,MEDIUM,0.516591,NORMAL,0.468459,0.781404,12.78,58.09,MEDIUM
TF-2026-0002254,EXPORT_LC,CUST-00762,CP-02754,CA,BR,GBP,170825.65,2026-02-25,2026-05-16,CLOSED,TEXTILES,1,8,4,0,0,15,LOW,0.542039,NORMAL,0.143693,0.242117,5.71,30.76,LOW
TF-2026-0002255,COLLECTION,CUST-01077,CP-01845,CA,MX,JPY,129997.3,2026-01-20,2026-05-30,CLOSED,ELECTRONICS,0,4,4,0,0,9,MEDIUM,0.544247,NORMAL,0.205465,0.162263,4.97,35.23,LOW
TF-2026-0002256,IMPORT_LC,CUST-00703,CP-00936,CA,AE,CAD,533889.88,2025-01-04,2025-05-18,ACTIVE,TEXTILES,2,7,11,1,1,12,HIGH,0.476312,NORMAL,0.590566,0.514637,9.79,47.53,MEDIUM
TF-2026-0002257,EXPORT_LC,CUST-00291,CP-01819,CA,CN,USD,117853.47,2025-09-29,2026-03-07,CLOSED,ELECTRONICS,1,8,13,0,1,12,MEDIUM,0.516137,NORMAL,0.155368,0.326731,8.24,32.66,LOW
TF-2026-0002258,IMPORT_LC,CUST-00076,CP-00122,CA,US,USD,830416.21,2025-09-28,2026-03-20,ACTIVE,ELECTRONICS,2,9,3,1,0,3,MEDIUM,0.497153,NORMAL,0.587568,0.276844,6.31,38.68,LOW
TF-2026-0002259,COLLECTION,CUST-00906,CP-03444,CA,JP,USD,122186.55,2026-06-19,2026-09-28,ACTIVE,AGRICULTURE,5,8,16,1,1,6,MEDIUM,0.533025,NORMAL,0.478809,0.752445,14.92,61.62,MEDIUM
TF-2026-0002260,COLLECTION,CUST-00162,CP-02203,CA,AE,JPY,83560.03,2025-06-10,2025-08-19,ACTIVE,ELECTRONICS,5,7,10,1,0,6,MEDIUM,0.543016,NORMAL,0.598995,0.698301,11.42,65.56,HIGH
TF-2026-0002261,COLLECTION,CUST-00294,CP-00925,CA,AE,USD,181563.38,2025-09-04,2026-01-02,CLOSED,INDUSTRIAL_EQUIPMENT,3,4,17,0,1,0,HIGH,0.539023,NORMAL,0.596077,0.700217,14.01,69.72,HIGH
TF-2026-0002262,GUARANTEE,CUST-01019,CP-03002,CA,SG,CAD,2004770.8,2025-07-26,2025-11-15,SETTLED,INDUSTRIAL_EQUIPMENT,5,3,19,0,1,12,HIGH,0.595591,HIGH,0.474926,0.746032,16.87,74.51,HIGH
TF-2026-0002263,GUARANTEE,CUST-00830,CP-02960,CA,BR,GBP,447917.95,2026-06-28,2026-11-14,SETTLED,CHEMICALS,3,10,7,0,0,8,MEDIUM,0.493918,NORMAL,0.368338,0.444666,9.13,37.24,LOW
TF-2026-0002264,IMPORT_LC,CUST-00508,CP-03214,CA,US,EUR,359082.47,2025-02-04,2025-04-21,SETTLED,AUTO_PARTS,5,10,13,0,1,8,HIGH,0.528623,NORMAL,0.452893,0.680085,13.86,62.21,MEDIUM
TF-2026-0002265,GUARANTEE,CUST-01103,CP-02231,CA,US,CAD,73262.17,2026-07-22,2026-11-07,SETTLED,AGRICULTURE,5,5,21,1,1,8,MEDIUM,0.547211,NORMAL,0.49908,0.805165,16.54,67.17,HIGH
TF-2026-0002266,EXPORT_LC,CUST-00293,CP-03262,CA,FR,CAD,90257.58,2024-10-06,2025-02-16,CLOSED,TEXTILES,0,6,8,0,0,14,HIGH,0.571163,NORMAL,0.164475,0.226723,7.46,45.36,MEDIUM
TF-2026-0002267,EXPORT_LC,CUST-00412,CP-01373,CA,MX,CNY,1782411.75,2025-05-11,2025-07-20,ACTIVE,ELECTRONICS,1,10,4,0,0,4,LOW,0.545417,NORMAL,0.181482,0.287464,6.84,34.1,LOW
TF-2026-0002268,COLLECTION,CUST-00548,CP-02923,CA,AE,CAD,6124847.85,2026-08-05,2026-12-24,CLOSED,INDUSTRIAL_EQUIPMENT,5,10,9,0,0,9,HIGH,0.628752,HIGH,0.4417,0.61425,10.2,69.67,HIGH
TF-2026-0002269,EXPORT_LC,CUST-00887,CP-02298,CA,JP,CNY,85250.41,2025-12-26,2026-05-30,SETTLED,CHEMICALS,0,6,11,0,1,3,MEDIUM,0.563697,NORMAL,0.097276,0.184423,6.38,35.95,LOW
TF-2026-0002270,IMPORT_LC,CUST-00591,CP-01495,CA,BR,CAD,307354.05,2025-06-08,2025-10-24,CLOSED,TEXTILES,5,4,12,1,1,1,MEDIUM,0.532853,NORMAL,0.674404,0.885161,13.41,72.07,HIGH
TF-2026-0002271,GUARANTEE,CUST-01071,CP-02380,CA,JP,CAD,599998.33,2026-01-09,2026-06-20,CLOSED,ELECTRONICS,0,4,10,0,0,13,HIGH,0.52804,NORMAL,0.180146,0.158435,8.52,35.61,LOW
TF-2026-0002272,GUARANTEE,CUST-00548,CP-00507,CA,JP,EUR,458061.66,2026-08-06,2026-12-06,ACTIVE,AGRICULTURE,2,7,7,1,0,2,HIGH,0.477515,NORMAL,0.332883,0.338679,8.99,33.84,LOW
TF-2026-0002273,IMPORT_LC,CUST-00319,CP-00882,CA,CN,USD,58775.34,2024-12-23,2025-06-11,CLOSED,INDUSTRIAL_EQUIPMENT,0,3,3,0,0,12,HIGH,0.609743,HIGH,0.196716,0.180194,4.94,46.76,MEDIUM
TF-2026-0002274,GUARANTEE,CUST-00186,CP-00116,CA,IN,EUR,748593.17,2024-09-26,2025-02-20,CLOSED,CHEMICALS,1,8,6,1,0,8,HIGH,0.480821,NORMAL,0.428697,0.206454,6.86,32.67,LOW
TF-2026-0002275,COLLECTION,CUST-00885,CP-03416,CA,AE,CAD,3107770.46,2024-09-22,2025-02-01,ACTIVE,CHEMICALS,5,10,19,0,1,1,HIGH,0.617729,HIGH,0.529003,0.758335,16.56,77.2,HIGH
TF-2026-0002276,IMPORT_LC,CUST-00097,CP-02959,CA,MX,EUR,1129384.3,2026-07-14,2026-10-26,SETTLED,INDUSTRIAL_EQUIPMENT,4,5,10,1,0,3,MEDIUM,0.498641,NORMAL,0.640785,0.527547,11.06,49.44,MEDIUM
TF-2026-0002277,IMPORT_LC,CUST-00635,CP-02494,CA,CN,EUR,174162.93,2025-06-12,2025-10-10,ACTIVE,AUTO_PARTS,0,7,3,0,0,6,MEDIUM,0.518353,NORMAL,0.29825,0.129444,4.86,30.58,LOW
TF-2026-0002278,COLLECTION,CUST-00679,CP-00520,CA,GB,CNY,244035.28,2025-07-13,2025-10-10,ACTIVE,AUTO_PARTS,4,7,8,1,0,13,HIGH,0.497462,NORMAL,0.394284,0.715978,13.9,53.32,MEDIUM
TF-2026-0002279,EXPORT_LC,CUST-00489,CP-03381,CA,FR,EUR,302049.3,2026-01-05,2026-05-05,SETTLED,INDUSTRIAL_EQUIPMENT,0,9,8,0,0,8,MEDIUM,0.516372,NORMAL,0.21874,0.280423,6.9,33.02,LOW
TF-2026-0002280,GUARANTEE,CUST-00573,CP-00901,CA,IN,CNY,525590.75,2025-10-05,2026-02-27,SETTLED,AGRICULTURE,5,5,17,0,1,12,HIGH,0.510526,NORMAL,0.382611,0.735298,13.91,57.14,MEDIUM
TF-2026-0002281,IMPORT_LC,CUST-00558,CP-03345,CA,IN,CNY,2964675.27,2026-07-27,2026-10-25,SETTLED,AGRICULTURE,2,4,6,0,0,11,MEDIUM,0.545244,NORMAL,0.25235,0.282988,7.58,41.02,MEDIUM
TF-2026-0002282,GUARANTEE,CUST-00130,CP-02333,CA,FR,USD,1033308.01,2024-10-11,2025-01-01,ACTIVE,TEXTILES,3,6,11,1,1,3,LOW,0.487729,NORMAL,0.621633,0.702368,10.8,47.33,MEDIUM
TF-2026-0002283,EXPORT_LC,CUST-00020,CP-02616,CA,IN,CNY,2027801.91,2025-02-14,2025-07-23,ACTIVE,AUTO_PARTS,5,5,10,1,0,4,MEDIUM,0.546838,NORMAL,0.623189,0.544391,10.67,61.67,MEDIUM
TF-2026-0002284,EXPORT_LC,CUST-00092,CP-00469,CA,SG,JPY,97351.48,2025-11-14,2026-04-28,SETTLED,CHEMICALS,1,7,9,1,0,2,HIGH,0.529222,NORMAL,0.177405,0.243917,8.98,38.82,LOW
TF-2026-0002285,COLLECTION,CUST-00416,CP-00718,CA,AE,USD,326029.87,2026-05-07,2026-07-22,SETTLED,TEXTILES,4,10,15,1,1,14,LOW,0.547163,NORMAL,0.660765,0.829189,14.47,67.85,HIGH
TF-2026-0002286,IMPORT_LC,CUST-01092,CP-00934,CA,CN,CNY,131665.88,2025-08-26,2026-01-08,CLOSED,CHEMICALS,2,3,7,0,0,6,LOW,0.539556,NORMAL,0.269267,0.288331,8.14,35.63,LOW
TF-2026-0002287,IMPORT_LC,CUST-01150,CP-02760,CA,CN,GBP,690499.46,2026-07-05,2026-12-02,CLOSED,TEXTILES,2,5,12,1,1,5,HIGH,0.472915,NORMAL,0.536349,0.478991,9.86,44.07,MEDIUM
TF-2026-0002288,COLLECTION,CUST-00853,CP-02508,CA,IN,USD,1978948.4,2026-01-21,2026-07-06,ACTIVE,AGRICULTURE,0,8,9,0,0,2,HIGH,0.55809,NORMAL,0.149647,0.190085,7.06,42.04,MEDIUM
TF-2026-0002289,GUARANTEE,CUST-01138,CP-00458,CA,JP,JPY,2335145.5,2025-08-07,2025-12-08,CLOSED,ELECTRONICS,1,9,5,0,0,10,HIGH,0.540115,NORMAL,0.297215,0.184809,6.09,42.96,MEDIUM
TF-2026-0002290,EXPORT_LC,CUST-00186,CP-00288,CA,US,USD,335605.98,2026-04-16,2026-08-18,SETTLED,AGRICULTURE,0,9,6,0,0,13,HIGH,0.52584,NORMAL,0.220886,0.27783,7.13,40.45,MEDIUM
TF-2026-0002291,EXPORT_LC,CUST-00470,CP-02272,CA,US,CAD,493362.88,2026-03-17,2026-08-11,SETTLED,TEXTILES,3,4,11,1,1,7,HIGH,0.475721,NORMAL,0.66199,0.588974,12.32,52.12,MEDIUM
TF-2026-0002292,EXPORT_LC,CUST-00715,CP-01406,CA,AE,JPY,175046.97,2025-10-15,2026-03-15,CLOSED,TEXTILES,3,6,15,0,1,12,LOW,0.492078,NORMAL,0.45988,0.625394,13.19,40.88,MEDIUM
TF-2026-0002293,IMPORT_LC,CUST-00640,CP-02497,CA,AE,CAD,386130.31,2025-11-18,2026-03-04,SETTLED,TEXTILES,1,9,5,0,0,2,HIGH,0.503365,NORMAL,0.34688,0.223709,6.55,36.22,LOW
TF-2026-0002294,GUARANTEE,CUST-00191,CP-01037,CA,DE,USD,806636.17,2025-12-14,2026-06-07,SETTLED,TEXTILES,3,6,15,0,1,15,LOW,0.521513,NORMAL,0.410573,0.666864,13.54,48.57,MEDIUM
TF-2026-0002295,EXPORT_LC,CUST-00607,CP-03112,CA,AE,CNY,104048.14,2026-07-04,2026-12-12,ACTIVE,AUTO_PARTS,2,9,12,0,1,3,MEDIUM,0.523616,NORMAL,0.317567,0.5967,10.88,48.87,MEDIUM
TF-2026-0002296,GUARANTEE,CUST-00949,CP-01862,CA,DE,CNY,90457.52,2024-10-01,2025-03-06,ACTIVE,AUTO_PARTS,3,7,13,0,1,4,HIGH,0.508209,NORMAL,0.459336,0.687161,11.99,57.06,MEDIUM
TF-2026-0002297,IMPORT_LC,CUST-00001,CP-02100,CA,CN,EUR,1058809.31,2026-02-09,2026-07-02,CLOSED,TEXTILES,5,10,13,0,1,9,LOW,0.538044,NORMAL,0.569562,0.793651,14.22,61.94,MEDIUM
TF-2026-0002298,COLLECTION,CUST-00230,CP-00741,CA,BR,GBP,269536.57,2026-05-04,2026-09-08,SETTLED,ELECTRONICS,0,3,11,0,1,15,HIGH,0.592644,HIGH,0.241062,0.372652,7.44,54.23,MEDIUM
TF-2026-0002299,EXPORT_LC,CUST-00491,CP-00272,CA,US,EUR,178562.07,2026-06-23,2026-10-11,SETTLED,CHEMICALS,3,7,5,0,0,7,LOW,0.474028,NORMAL,0.293929,0.400531,8.32,24.25,LOW
TF-2026-0002300,COLLECTION,CUST-00573,CP-03197,CA,US,CNY,1089132.13,2026-08-09,2027-01-04,CLOSED,AUTO_PARTS,4,6,13,1,1,10,HIGH,0.490458,NORMAL,0.376763,0.667126,11.22,49.39,MEDIUM
TF-2026-0002301,EXPORT_LC,CUST-00216,CP-03039,CA,IN,GBP,123542.98,2025-09-14,2026-02-26,CLOSED,AUTO_PARTS,1,9,6,0,0,1,LOW,0.531821,NORMAL,0.258468,0.192119,6.37,30.08,LOW
TF-2026-0002302,COLLECTION,CUST-00449,CP-00764,CA,SG,GBP,317585.77,2026-03-20,2026-06-21,SETTLED,CHEMICALS,2,7,10,0,0,7,MEDIUM,0.46094,NORMAL,0.333019,0.343501,9.43,27.1,LOW
TF-2026-0002303,COLLECTION,CUST-00208,CP-02851,CA,US,EUR,149391.76,2025-05-24,2025-07-27,ACTIVE,CHEMICALS,1,9,7,0,0,9,MEDIUM,0.5034,NORMAL,0.193016,0.238375,7.52,27.14,LOW
TF-2026-0002304,GUARANTEE,CUST-00858,CP-00906,CA,BR,GBP,234167.04,2024-11-13,2025-03-02,ACTIVE,AUTO_PARTS,4,4,11,0,1,1,LOW,0.517103,NORMAL,0.453364,0.775413,12.0,52.54,MEDIUM
TF-2026-0002305,IMPORT_LC,CUST-00724,CP-03461,CA,FR,GBP,1932262.4,2024-09-09,2024-11-12,ACTIVE,TEXTILES,1,7,5,0,0,13,MEDIUM,0.528787,NORMAL,0.29207,0.274228,7.73,38.21,LOW
TF-2026-0002306,IMPORT_LC,CUST-01116,CP-01823,CA,SG,GBP,243708.23,2025-01-02,2025-04-01,SETTLED,TEXTILES,5,10,22,0,1,2,HIGH,0.559764,NORMAL,0.546449,0.722392,14.58,72.76,HIGH
TF-2026-0002307,IMPORT_LC,CUST-01145,CP-01130,CA,JP,CAD,167960.36,2026-04-18,2026-07-03,CLOSED,INDUSTRIAL_EQUIPMENT,0,4,1,0,0,3,HIGH,0.536347,NORMAL,0.218629,0.180818,4.69,39.55,LOW
TF-2026-0002308,COLLECTION,CUST-00254,CP-02116,CA,BR,GBP,203916.1,2026-02-15,2026-06-25,ACTIVE,AUTO_PARTS,3,7,13,1,1,4,MEDIUM,0.478495,NORMAL,0.662169,0.658484,11.94,50.08,MEDIUM
TF-2026-0002309,COLLECTION,CUST-00668,CP-00379,CA,DE,GBP,774009.65,2025-04-15,2025-09-26,SETTLED,INDUSTRIAL_EQUIPMENT,3,9,19,0,1,11,MEDIUM,0.486661,NORMAL,0.227857,0.709018,14.71,40.48,MEDIUM
TF-2026-0002310,IMPORT_LC,CUST-00384,CP-03172,CA,GB,JPY,351824.72,2025-07-04,2025-09-23,SETTLED,CHEMICALS,2,10,9,0,0,0,MEDIUM,0.547022,NORMAL,0.374464,0.359915,9.72,47.82,MEDIUM
TF-2026-0002311,COLLECTION,CUST-00549,CP-03474,CA,SG,JPY,2542098.89,2025-07-11,2025-11-12,ACTIVE,TEXTILES,3,10,9,0,0,1,HIGH,0.573895,NORMAL,0.345948,0.397506,10.66,57.03,MEDIUM
TF-2026-0002312,COLLECTION,CUST-00963,CP-01646,CA,SG,CNY,631774.36,2025-07-16,2025-11-18,ACTIVE,ELECTRONICS,3,7,4,0,0,3,HIGH,0.473513,NORMAL,0.378193,0.523406,10.58,40.98,MEDIUM
TF-2026-0002313,EXPORT_LC,CUST-00533,CP-01378,CA,SG,CNY,694860.29,2024-10-11,2025-03-24,SETTLED,AUTO_PARTS,0,5,6,0,0,1,MEDIUM,0.533725,NORMAL,0.144087,0.216336,7.25,32.98,LOW
TF-2026-0002314,GUARANTEE,CUST-00713,CP-00653,CA,BR,GBP,652326.98,2025-09-09,2025-12-06,CLOSED,CHEMICALS,2,9,1,0,0,9,MEDIUM,0.479172,NORMAL,0.256584,0.2551,5.86,23.93,LOW
TF-2026-0002315,COLLECTION,CUST-00313,CP-00244,CA,BR,CAD,1818693.69,2024-10-02,2025-02-04,ACTIVE,TEXTILES,2,6,12,0,1,1,LOW,0.527267,NORMAL,0.354754,0.36009,7.75,37.7,LOW
TF-2026-0002316,IMPORT_LC,CUST-01131,CP-02319,CA,IN,JPY,156352.92,2026-04-03,2026-06-30,ACTIVE,AUTO_PARTS,0,10,3,0,0,14,LOW,0.57962,NORMAL,0.218479,0.188433,5.44,36.31,LOW
TF-2026-0002317,IMPORT_LC,CUST-00292,CP-02640,CA,DE,CAD,1243244.59,2025-04-28,2025-09-27,ACTIVE,AUTO_PARTS,2,6,14,0,1,7,MEDIUM,0.481403,NORMAL,0.303303,0.574323,11.76,36.88,LOW
TF-2026-0002318,COLLECTION,CUST-01011,CP-00832,CA,CN,CNY,90238.63,2025-12-18,2026-05-27,ACTIVE,INDUSTRIAL_EQUIPMENT,3,7,10,0,0,15,LOW,0.549361,NORMAL,0.262697,0.564605,10.93,47.02,MEDIUM
TF-2026-0002319,COLLECTION,CUST-00357,CP-02853,CA,SG,JPY,215580.3,2024-09-01,2024-11-08,ACTIVE,AGRICULTURE,3,4,8,1,0,14,MEDIUM,0.514473,NORMAL,0.584691,0.455573,10.76,49.53,MEDIUM
TF-2026-0002320,EXPORT_LC,CUST-00649,CP-00347,CA,AE,GBP,573157.62,2024-08-17,2024-11-07,ACTIVE,AGRICULTURE,0,10,4,0,0,12,LOW,0.541672,NORMAL,0.167403,0.292617,5.27,33.19,LOW
TF-2026-0002321,GUARANTEE,CUST-00419,CP-02900,CA,DE,GBP,127618.47,2026-07-05,2026-09-10,SETTLED,CHEMICALS,4,7,16,0,1,11,LOW,0.509127,NORMAL,0.420867,0.753534,12.52,48.52,MEDIUM
TF-2026-0002322,IMPORT_LC,CUST-00656,CP-00225,CA,IN,USD,79607.26,2025-01-25,2025-04-21,ACTIVE,CHEMICALS,0,5,10,0,0,9,LOW,0.560852,NORMAL,0.179995,0.152148,7.88,31.95,LOW
TF-2026-0002323,EXPORT_LC,CUST-00612,CP-00795,CA,AE,USD,319286.4,2026-07-08,2026-11-01,CLOSED,AUTO_PARTS,2,8,13,0,1,2,LOW,0.486152,NORMAL,0.291977,0.614941,11.83,34.0,LOW
TF-2026-0002324,IMPORT_LC,CUST-00317,CP-01937,CA,FR,GBP,1024282.5,2025-03-05,2025-05-16,CLOSED,ELECTRONICS,3,8,15,0,1,8,HIGH,0.469109,NORMAL,0.357508,0.728338,13.23,46.88,MEDIUM
TF-2026-0002325,IMPORT_LC,CUST-00815,CP-00451,CA,SG,CNY,312448.65,2025-09-04,2025-11-17,ACTIVE,ELECTRONICS,4,8,7,1,0,6,MEDIUM,0.480074,NORMAL,0.541218,0.681989,13.64,47.53,MEDIUM
TF-2026-0002326,COLLECTION,CUST-00655,CP-02822,CA,BR,JPY,246010.9,2025-08-11,2026-01-31,CLOSED,AGRICULTURE,2,8,5,0,0,4,LOW,0.476917,NORMAL,0.197663,0.380977,8.05,21.14,LOW
TF-2026-0002327,GUARANTEE,CUST-01116,CP-01248,CA,SG,USD,1236512.8,2025-10-30,2026-03-25,SETTLED,AUTO_PARTS,3,3,8,0,0,1,HIGH,0.55818,NORMAL,0.358963,0.340586,8.46,53.59,MEDIUM
TF-2026-0002328,COLLECTION,CUST-01022,CP-00795,CA,AE,CAD,784996.51,2026-06-21,2026-09-17,CLOSED,ELECTRONICS,2,6,8,1,0,2,MEDIUM,0.484587,NORMAL,0.579779,0.481075,8.47,42.6,MEDIUM
TF-2026-0002329,GUARANTEE,CUST-00480,CP-02215,CA,US,USD,527963.81,2025-10-02,2026-03-07,CLOSED,TEXTILES,1,8,9,0,0,2,LOW,0.492593,NORMAL,0.197326,0.246384,8.49,19.87,LOW
TF-2026-0002330,IMPORT_LC,CUST-00264,CP-02752,CA,FR,CNY,1084173.37,2026-04-20,2026-09-23,CLOSED,AGRICULTURE,2,7,12,0,1,0,LOW,0.53054,NORMAL,0.272214,0.637211,10.82,45.8,MEDIUM
TF-2026-0002331,IMPORT_LC,CUST-00506,CP-01975,CA,JP,GBP,3562984.05,2025-04-03,2025-08-31,ACTIVE,AGRICULTURE,1,3,13,0,1,11,HIGH,0.590476,HIGH,0.182219,0.359835,9.92,51.9,MEDIUM
TF-2026-0002332,IMPORT_LC,CUST-00631,CP-00163,CA,BR,EUR,145910.34,2025-12-06,2026-03-01,SETTLED,CHEMICALS,3,6,9,0,0,9,HIGH,0.480441,NORMAL,0.411029,0.611074,10.99,46.21,MEDIUM
TF-2026-0002333,IMPORT_LC,CUST-00327,CP-02167,CA,GB,GBP,495437.1,2025-05-24,2025-10-29,CLOSED,AUTO_PARTS,3,8,8,0,0,8,LOW,0.458966,NORMAL,0.375777,0.415214,8.76,25.84,LOW
TF-2026-0002334,EXPORT_LC,CUST-00175,CP-02386,CA,IN,CAD,1030972.82,2024-12-28,2025-04-27,CLOSED,INDUSTRIAL_EQUIPMENT,0,7,9,0,0,1,LOW,0.542254,NORMAL,0.224828,0.124733,8.57,29.12,LOW
TF-2026-0002335,IMPORT_LC,CUST-00625,CP-02826,CA,DE,CAD,244169.09,2025-07-11,2025-10-31,CLOSED,TEXTILES,4,5,13,0,1,13,HIGH,0.509973,NORMAL,0.367606,0.717725,12.37,55.91,MEDIUM
TF-2026-0002336,EXPORT_LC,CUST-00524,CP-02423,CA,FR,USD,756485.66,2026-02-25,2026-08-22,ACTIVE,CHEMICALS,1,5,15,0,1,10,HIGH,0.483522,NORMAL,0.137733,0.527636,10.69,35.71,LOW
TF-2026-0002337,EXPORT_LC,CUST-00918,CP-01034,CA,MX,CNY,115292.53,2025-07-29,2025-12-30,SETTLED,TEXTILES,3,8,10,1,0,3,LOW,0.506213,NORMAL,0.489077,0.594172,11.58,44.22,MEDIUM
TF-2026-0002338,COLLECTION,CUST-00554,CP-01947,CA,GB,CNY,193666.76,2025-05-23,2025-07-31,SETTLED,CHEMICALS,3,8,9,0,0,9,LOW,0.472346,NORMAL,0.331175,0.514338,10.28,29.06,LOW
TF-2026-0002339,COLLECTION,CUST-00793,CP-02825,CA,CN,CNY,1612609.81,2026-08-02,2026-10-27,CLOSED,CHEMICALS,1,4,11,0,1,6,LOW,0.511609,NORMAL,0.163828,0.508668,10.62,32.92,LOW
TF-2026-0002340,COLLECTION,CUST-00987,CP-03229,CA,SG,EUR,111499.3,2026-02-04,2026-04-14,CLOSED,ELECTRONICS,1,10,3,0,0,8,HIGH,0.532661,NORMAL,0.233352,0.379101,8.86,46.08,MEDIUM
TF-2026-0002341,COLLECTION,CUST-00919,CP-02496,CA,IN,JPY,569923.8,2025-01-09,2025-04-01,ACTIVE,CHEMICALS,0,7,6,0,0,14,LOW,0.521795,NORMAL,0.142643,0.151055,5.84,22.54,LOW
TF-2026-0002342,EXPORT_LC,CUST-00663,CP-03241,CA,AE,EUR,2156567.18,2025-02-25,2025-05-31,ACTIVE,CHEMICALS,4,4,11,1,1,8,MEDIUM,0.527082,NORMAL,0.730203,0.77504,11.92,68.42,HIGH
TF-2026-0002343,IMPORT_LC,CUST-00374,CP-00105,CA,BR,USD,228168.65,2025-09-02,2025-12-30,SETTLED,CHEMICALS,4,3,12,0,1,11,HIGH,0.532929,NORMAL,0.322753,0.756715,12.6,62.06,MEDIUM
TF-2026-0002344,EXPORT_LC,CUST-00396,CP-01558,CA,DE,EUR,435546.33,2026-04-06,2026-08-13,SETTLED,TEXTILES,1,4,3,0,0,15,LOW,0.534496,NORMAL,0.154965,0.231142,6.07,29.02,LOW
TF-2026-0002345,GUARANTEE,CUST-00139,CP-00667,CA,JP,JPY,1560360.26,2024-12-18,2025-03-05,SETTLED,AGRICULTURE,4,9,13,0,1,0,MEDIUM,0.559589,NORMAL,0.457169,0.776083,13.48,66.93,HIGH
TF-2026-0002346,GUARANTEE,CUST-01140,CP-02104,CA,GB,CNY,614513.04,2026-06-28,2026-10-30,CLOSED,INDUSTRIAL_EQUIPMENT,2,6,14,0,1,9,MEDIUM,0.466247,NORMAL,0.244007,0.589039,12.35,33.36,LOW
TF-2026-0002347,IMPORT_LC,CUST-00220,CP-01687,CA,AE,CNY,937017.93,2025-02-03,2025-06-10,ACTIVE,INDUSTRIAL_EQUIPMENT,0,5,9,0,0,10,LOW,0.514004,NORMAL,0.169012,0.219999,7.55,23.67,LOW
TF-2026-0002348,IMPORT_LC,CUST-00750,CP-01058,CA,MX,GBP,1972130.12,2024-09-20,2024-12-17,CLOSED,ELECTRONICS,0,4,2,0,0,3,HIGH,0.556917,NORMAL,0.207781,0.187897,4.48,43.52,MEDIUM
TF-2026-0002349,COLLECTION,CUST-00578,CP-00937,CA,SG,GBP,114900.63,2026-06-20,2026-09-01,ACTIVE,AGRICULTURE,3,7,14,0,1,3,LOW,0.500082,NORMAL,0.269614,0.656063,12.63,38.15,LOW
TF-2026-0002350,COLLECTION,CUST-01048,CP-02021,CA,BR,CNY,236709.49,2025-05-31,2025-10-24,ACTIVE,TEXTILES,0,10,1,0,0,12,HIGH,0.548964,NORMAL,0.194024,0.271285,6.89,44.65,MEDIUM
TF-2026-0002351,COLLECTION,CUST-00275,CP-02033,CA,BR,JPY,1545556.16,2026-01-17,2026-05-17,ACTIVE,AGRICULTURE,2,9,13,0,1,3,MEDIUM,0.516589,NORMAL,0.18729,0.467824,8.65,38.68,LOW
TF-2026-0002352,GUARANTEE,CUST-00622,CP-03452,CA,MX,CAD,294102.04,2025-12-24,2026-04-08,CLOSED,AGRICULTURE,2,8,3,0,0,12,HIGH,0.48748,NORMAL,0.190004,0.321594,7.43,30.99,LOW
TF-2026-0002353,IMPORT_LC,CUST-00705,CP-01739,CA,FR,JPY,1361266.88,2026-05-19,2026-09-19,CLOSED,ELECTRONICS,0,9,5,0,0,10,MEDIUM,0.535269,NORMAL,0.165757,0.204534,5.09,33.59,LOW
TF-2026-0002354,IMPORT_LC,CUST-00988,CP-01460,CA,FR,CAD,161949.62,2025-12-23,2026-03-07,SETTLED,INDUSTRIAL_EQUIPMENT,5,10,7,0,0,10,LOW,0.554454,NORMAL,0.391018,0.75966,15.4,58.63,MEDIUM
TF-2026-0002355,COLLECTION,CUST-00374,CP-01775,CA,CN,JPY,4610403.29,2024-11-21,2025-03-23,ACTIVE,ELECTRONICS,5,6,16,1,1,2,HIGH,0.593882,HIGH,0.695192,0.749299,14.29,81.12,HIGH
TF-2026-0002356,EXPORT_LC,CUST-00095,CP-00184,CA,US,GBP,377884.34,2025-05-29,2025-09-20,SETTLED,TEXTILES,1,9,15,0,1,14,HIGH,0.517159,NORMAL,0.179929,0.248048,9.06,35.9,LOW
TF-2026-0002357,GUARANTEE,CUST-00161,CP-03207,CA,BR,CAD,741136.28,2025-07-17,2025-09-21,ACTIVE,INDUSTRIAL_EQUIPMENT,3,9,10,0,0,12,MEDIUM,0.491394,NORMAL,0.358099,0.403146,10.3,34.85,LOW
TF-2026-0002358,EXPORT_LC,CUST-00108,CP-00076,CA,AE,CNY,1434750.57,2025-07-14,2025-12-03,SETTLED,INDUSTRIAL_EQUIPMENT,4,10,14,0,1,3,MEDIUM,0.547121,NORMAL,0.389667,0.810136,13.52,64.04,MEDIUM
TF-2026-0002359,EXPORT_LC,CUST-00139,CP-02047,CA,AE,GBP,105419.41,2026-07-15,2027-01-05,CLOSED,AUTO_PARTS,4,10,12,0,1,1,MEDIUM,0.575782,NORMAL,0.31895,0.771017,12.63,64.46,MEDIUM
TF-2026-0002360,COLLECTION,CUST-00703,CP-02079,CA,DE,EUR,1855971.47,2025-12-24,2026-05-13,CLOSED,AUTO_PARTS,4,3,12,0,1,10,HIGH,0.563982,NORMAL,0.39991,0.759549,11.56,70.21,HIGH
TF-2026-0002361,EXPORT_LC,CUST-00865,CP-03271,CA,BR,USD,685524.24,2025-06-21,2025-12-07,ACTIVE,INDUSTRIAL_EQUIPMENT,0,9,10,0,0,6,LOW,0.515684,NORMAL,0.120277,0.280141,8.97,24.83,LOW
TF-2026-0002362,IMPORT_LC,CUST-00545,CP-01625,CA,GB,GBP,510150.02,2026-08-06,2026-12-16,SETTLED,AUTO_PARTS,2,3,5,0,0,6,MEDIUM,0.509244,NORMAL,0.24804,0.274372,7.66,31.59,LOW
TF-2026-0002363,GUARANTEE,CUST-00772,CP-01759,CA,DE,USD,362031.27,2025-07-14,2025-11-12,CLOSED,CHEMICALS,1,5,8,0,0,7,LOW,0.476044,NORMAL,0.296041,0.211881,7.9,18.02,LOW
TF-2026-0002364,IMPORT_LC,CUST-01140,CP-01883,CA,JP,CAD,291355.93,2026-03-12,2026-05-25,CLOSED,TEXTILES,5,8,14,0,1,14,MEDIUM,0.529668,NORMAL,0.462262,0.808087,14.05,62.26,MEDIUM
TF-2026-0002365,COLLECTION,CUST-00383,CP-02462,CA,IN,EUR,562273.53,2026-05-20,2026-08-08,SETTLED,CHEMICALS,1,3,12,0,1,9,MEDIUM,0.515588,NORMAL,0.185973,0.362593,8.85,34.67,LOW
TF-2026-0002366,GUARANTEE,CUST-00842,CP-02013,CA,FR,JPY,234641.36,2026-02-03,2026-05-05,CLOSED,TEXTILES,3,8,14,0,1,2,HIGH,0.490091,NORMAL,0.356075,0.666229,12.12,48.64,MEDIUM
TF-2026-0002367,GUARANTEE,CUST-01199,CP-00730,CA,BR,EUR,1096305.49,2024-09-04,2025-01-15,SETTLED,AUTO_PARTS,0,9,1,0,0,4,HIGH,0.533491,NORMAL,0.17602,0.190955,3.56,38.02,LOW
TF-2026-0002368,EXPORT_LC,CUST-01149,CP-00689,CA,GB,JPY,1010098.19,2025-08-21,2026-01-29,ACTIVE,INDUSTRIAL_EQUIPMENT,0,7,10,0,0,3,HIGH,0.528315,NORMAL,0.204064,0.194051,8.45,37.65,LOW
TF-2026-0002369,IMPORT_LC,CUST-01132,CP-01696,CA,AE,JPY,1216620.18,2026-04-18,2026-09-16,CLOSED,AGRICULTURE,0,10,9,0,0,15,HIGH,0.597252,HIGH,0.210001,0.183198,6.65,46.93,MEDIUM
TF-2026-0002370,EXPORT_LC,CUST-00648,CP-01959,CA,IN,GBP,435119.63,2026-07-17,2026-10-18,CLOSED,AUTO_PARTS,5,5,13,0,1,6,LOW,0.49207,NORMAL,0.543459,0.714028,13.26,46.48,MEDIUM
TF-2026-0002371,COLLECTION,CUST-00105,CP-00742,CA,JP,GBP,387087.83,2024-08-23,2024-11-10,ACTIVE,ELECTRONICS,0,9,10,0,0,10,LOW,0.513947,NORMAL,0.144633,0.192022,7.96,21.95,LOW
TF-2026-0002372,EXPORT_LC,CUST-00383,CP-00077,CA,MX,USD,2022247.62,2024-12-28,2025-06-08,SETTLED,ELECTRONICS,4,7,10,0,0,9,MEDIUM,0.509243,NORMAL,0.431006,0.546885,11.26,46.62,MEDIUM
TF-2026-0002373,COLLECTION,CUST-00293,CP-02326,CA,US,JPY,535618.26,2025-02-05,2025-05-14,ACTIVE,ELECTRONICS,3,10,19,0,1,7,HIGH,0.492864,NORMAL,0.299407,0.63394,13.35,46.54,MEDIUM
TF-2026-0002374,GUARANTEE,CUST-00323,CP-02942,CA,JP,EUR,631798.35,2025-04-28,2025-09-14,CLOSED,INDUSTRIAL_EQUIPMENT,1,8,12,0,1,5,LOW,0.473286,NORMAL,0.167075,0.323021,8.2,17.6,LOW
TF-2026-0002375,GUARANTEE,CUST-00249,CP-03257,CA,JP,USD,310444.48,2024-12-24,2025-05-04,CLOSED,AUTO_PARTS,5,6,15,1,1,12,MEDIUM,0.503817,NORMAL,0.524084,0.838511,14.44,58.23,MEDIUM
TF-2026-0002376,COLLECTION,CUST-00197,CP-00006,CA,SG,EUR,665034.77,2025-02-23,2025-08-02,CLOSED,AUTO_PARTS,1,4,11,0,1,1,LOW,0.514255,NORMAL,0.251082,0.251016,6.62,27.31,LOW
TF-2026-0002377,GUARANTEE,CUST-00514,CP-02046,CA,US,JPY,1581031.15,2025-03-23,2025-06-15,SETTLED,ELECTRONICS,4,4,12,0,1,15,LOW,0.570073,NORMAL,0.37754,0.715193,11.89,58.76,MEDIUM
TF-2026-0002378,EXPORT_LC,CUST-00234,CP-02489,CA,MX,EUR,800100.63,2025-02-26,2025-05-08,ACTIVE,CHEMICALS,2,9,2,0,0,7,MEDIUM,0.482631,NORMAL,0.292242,0.339718,6.56,28.6,LOW
TF-2026-0002379,GUARANTEE,CUST-00570,CP-01398,CA,MX,JPY,589447.26,2026-04-16,2026-10-01,ACTIVE,TEXTILES,1,6,8,0,0,6,HIGH,0.471209,NORMAL,0.186153,0.324893,9.18,27.88,LOW
TF-2026-0002380,GUARANTEE,CUST-00838,CP-03455,CA,MX,GBP,184087.68,2025-04-24,2025-10-17,SETTLED,ELECTRONICS,5,7,10,0,0,7,HIGH,0.504658,NORMAL,0.497454,0.518565,12.74,51.45,MEDIUM
TF-2026-0002381,EXPORT_LC,CUST-00560,CP-00854,CA,IN,CAD,187129.36,2025-09-09,2025-12-09,ACTIVE,ELECTRONICS,5,9,14,1,1,15,LOW,0.569649,NORMAL,0.555805,0.68122,14.41,62.89,MEDIUM
TF-2026-0002382,COLLECTION,CUST-00324,CP-03114,CA,SG,EUR,446029.7,2026-06-19,2026-10-05,CLOSED,AUTO_PARTS,1,10,4,0,0,0,MEDIUM,0.557328,NORMAL,0.279977,0.252592,7.83,43.0,MEDIUM
TF-2026-0002383,GUARANTEE,CUST-00998,CP-01772,CA,JP,CNY,222806.72,2024-12-08,2025-05-10,CLOSED,AGRICULTURE,2,7,13,0,1,2,MEDIUM,0.487713,NORMAL,0.228742,0.459575,10.08,32.04,LOW
TF-2026-0002384,IMPORT_LC,CUST-00151,CP-00402,CA,AE,USD,857141.28,2024-10-18,2025-01-10,CLOSED,AUTO_PARTS,0,6,7,0,0,0,MEDIUM,0.556558,NORMAL,0.29979,0.121858,6.88,38.88,LOW
TF-2026-0002385,COLLECTION,CUST-00253,CP-01672,CA,CN,CAD,373262.89,2026-06-25,2026-11-27,SETTLED,INDUSTRIAL_EQUIPMENT,5,9,6,1,0,5,LOW,0.516356,NORMAL,0.607977,0.603417,10.51,50.99,MEDIUM
TF-2026-0002386,COLLECTION,CUST-00601,CP-00262,CA,MX,JPY,243765.25,2025-07-11,2025-12-23,ACTIVE,ELECTRONICS,2,8,4,0,0,7,MEDIUM,0.472069,NORMAL,0.243164,0.41024,8.55,27.75,LOW
TF-2026-0002387,IMPORT_LC,CUST-00242,CP-03495,CA,MX,CAD,125436.46,2025-01-18,2025-03-29,SETTLED,TEXTILES,1,3,9,1,0,12,HIGH,0.553113,NORMAL,0.33206,0.290926,8.97,50.27,MEDIUM
TF-2026-0002388,GUARANTEE,CUST-00773,CP-00576,CA,SG,CNY,598380.26,2025-12-06,2026-04-12,CLOSED,AGRICULTURE,5,10,11,1,1,5,MEDIUM,0.532961,NORMAL,0.653213,0.8319,13.65,69.61,HIGH
TF-2026-0002389,EXPORT_LC,CUST-00509,CP-00900,CA,DE,CNY,280677.07,2026-08-02,2027-01-04,ACTIVE,AUTO_PARTS,3,5,12,1,1,9,HIGH,0.468991,NORMAL,0.624984,0.598152,10.29,50.34,MEDIUM
TF-2026-0002390,EXPORT_LC,CUST-00705,CP-00550,CA,MX,CAD,409532.37,2026-06-21,2026-09-01,SETTLED,AGRICULTURE,4,10,26,0,1,6,MEDIUM,0.515382,NORMAL,0.394576,0.799033,16.82,56.13,MEDIUM
TF-2026-0002391,IMPORT_LC,CUST-00523,CP-00967,CA,FR,CNY,307809.45,2025-07-26,2025-12-30,SETTLED,CHEMICALS,1,5,11,0,1,9,MEDIUM,0.476995,NORMAL,0.154305,0.48936,9.79,28.65,LOW
TF-2026-0002392,EXPORT_LC,CUST-00780,CP-00442,CA,AE,EUR,146230.64,2024-11-29,2025-04-17,SETTLED,AGRICULTURE,0,7,11,0,1,3,MEDIUM,0.532003,NORMAL,0.252457,0.401051,8.18,42.29,MEDIUM
TF-2026-0002393,GUARANTEE,CUST-00555,CP-02746,CA,AE,GBP,571523.11,2025-11-07,2026-01-26,ACTIVE,ELECTRONICS,5,10,18,1,1,6,MEDIUM,0.53562,NORMAL,0.357847,0.866407,16.24,62.56,MEDIUM
TF-2026-0002394,COLLECTION,CUST-00882,CP-00676,CA,JP,CAD,758209.83,2024-12-13,2025-02-28,SETTLED,ELECTRONICS,0,5,6,0,0,14,MEDIUM,0.537297,NORMAL,0.302188,0.185484,6.96,37.44,LOW
TF-2026-0002395,EXPORT_LC,CUST-00609,CP-00347,CA,AE,GBP,740509.4,2024-09-22,2024-12-10,SETTLED,ELECTRONICS,3,10,11,0,1,12,MEDIUM,0.509391,NORMAL,0.242994,0.755626,11.21,48.34,MEDIUM
TF-2026-0002396,COLLECTION,CUST-01053,CP-03467,CA,CN,CNY,164948.79,2024-12-14,2025-06-03,SETTLED,ELECTRONICS,2,5,11,0,1,0,LOW,0.541368,NORMAL,0.235524,0.553543,10.16,44.28,MEDIUM
TF-2026-0002397,EXPORT_LC,CUST-00863,CP-00222,CA,MX,EUR,175569.52,2025-10-21,2026-03-23,SETTLED,INDUSTRIAL_EQUIPMENT,1,3,13,0,1,14,LOW,0.564199,NORMAL,0.27718,0.389976,9.04,43.62,MEDIUM
TF-2026-0002398,GUARANTEE,CUST-00103,CP-02326,CA,US,GBP,339843.8,2024-09-18,2024-11-29,ACTIVE,AGRICULTURE,2,10,9,0,0,7,HIGH,0.491086,NORMAL,0.21955,0.338212,9.28,33.33,LOW
TF-2026-0002399,GUARANTEE,CUST-00371,CP-02471,CA,AE,EUR,256988.8,2025-07-10,2025-12-27,SETTLED,CHEMICALS,3,9,10,0,0,10,MEDIUM,0.482775,NORMAL,0.465954,0.486278,10.99,38.95,LOW
TF-2026-0002400,COLLECTION,CUST-00743,CP-01486,CA,IN,CAD,935513.4,2025-11-17,2026-02-28,CLOSED,INDUSTRIAL_EQUIPMENT,2,5,1,0,0,1,HIGH,0.503348,NORMAL,0.248885,0.280129,5.44,35.24,LOW
TF-2026-0002401,EXPORT_LC,CUST-00613,CP-00146,CA,GB,JPY,244445.36,2026-03-07,2026-06-24,SETTLED,INDUSTRIAL_EQUIPMENT,4,3,7,0,0,0,LOW,0.565335,NORMAL,0.525766,0.591935,10.76,58.32,MEDIUM
TF-2026-0002402,COLLECTION,CUST-00896,CP-00809,CA,GB,CAD,608410.83,2025-09-29,2026-03-16,ACTIVE,AUTO_PARTS,2,8,4,0,0,14,MEDIUM,0.500387,NORMAL,0.302651,0.465599,9.88,37.55,LOW
TF-2026-0002403,IMPORT_LC,CUST-00434,CP-00303,CA,DE,USD,163058.28,2024-08-28,2025-01-11,CLOSED,TEXTILES,5,3,21,0,1,4,LOW,0.56269,NORMAL,0.430375,0.768904,17.19,61.29,MEDIUM
TF-2026-0002404,COLLECTION,CUST-00790,CP-01761,CA,AE,USD,668520.97,2025-03-09,2025-07-23,ACTIVE,TEXTILES,1,4,2,0,0,12,HIGH,0.498235,NORMAL,0.279125,0.284332,5.85,34.98,LOW
TF-2026-0002405,IMPORT_LC,CUST-00222,CP-03461,CA,FR,JPY,139448.88,2025-11-10,2026-03-11,SETTLED,AUTO_PARTS,1,7,4,0,0,13,LOW,0.510633,NORMAL,0.271567,0.262382,8.39,27.28,LOW
TF-2026-0002406,GUARANTEE,CUST-00476,CP-02729,CA,IN,USD,483618.27,2025-07-31,2025-10-03,ACTIVE,ELECTRONICS,0,3,10,0,0,9,MEDIUM,0.544747,NORMAL,0.222977,0.23474,7.79,38.38,LOW
TF-2026-0002407,IMPORT_LC,CUST-00227,CP-02012,CA,JP,EUR,451328.62,2025-12-21,2026-06-18,CLOSED,CHEMICALS,2,8,11,0,1,1,HIGH,0.491427,NORMAL,0.351273,0.330366,8.65,37.11,LOW
TF-2026-0002408,COLLECTION,CUST-00978,CP-03122,CA,JP,CAD,750930.32,2024-08-19,2025-01-08,ACTIVE,CHEMICALS,4,3,13,1,1,14,HIGH,0.554178,NORMAL,0.474499,0.742561,13.54,70.52,HIGH
TF-2026-0002409,GUARANTEE,CUST-01078,CP-02428,CA,JP,EUR,1315068.11,2025-08-10,2026-02-05,CLOSED,INDUSTRIAL_EQUIPMENT,1,10,7,0,0,14,MEDIUM,0.559291,NORMAL,0.188486,0.18468,7.78,38.14,LOW
TF-2026-0002410,GUARANTEE,CUST-00393,CP-03474,CA,SG,JPY,548214.96,2025-10-02,2026-03-29,ACTIVE,INDUSTRIAL_EQUIPMENT,0,3,9,0,0,1,LOW,0.564585,NORMAL,0.130961,0.183423,7.87,32.07,LOW
TF-2026-0002411,COLLECTION,CUST-00947,CP-01539,CA,BR,USD,317517.77,2026-07-15,2026-09-27,SETTLED,INDUSTRIAL_EQUIPMENT,2,8,14,0,1,2,HIGH,0.485886,NORMAL,0.316351,0.419927,10.71,37.86,LOW
TF-2026-0002412,EXPORT_LC,CUST-00160,CP-02908,CA,FR,EUR,121878.74,2024-11-14,2025-01-27,SETTLED,CHEMICALS,3,4,10,1,0,15,LOW,0.547875,NORMAL,0.367529,0.557243,10.74,49.62,MEDIUM
TF-2026-0002413,EXPORT_LC,CUST-00787,CP-00965,CA,AE,GBP,595803.82,2024-09-05,2024-11-04,SETTLED,TEXTILES,4,7,16,0,1,2,HIGH,0.487675,NORMAL,0.345081,0.755127,14.43,50.85,MEDIUM
TF-2026-0002414,GUARANTEE,CUST-00349,CP-02427,CA,DE,CAD,328357.25,2025-01-30,2025-05-05,ACTIVE,AGRICULTURE,2,10,11,0,1,11,LOW,0.507875,NORMAL,0.190479,0.540064,9.98,33.78,LOW
TF-2026-0002415,EXPORT_LC,CUST-00202,CP-00341,CA,JP,CAD,197834.7,2026-07-29,2026-12-04,CLOSED,INDUSTRIAL_EQUIPMENT,5,4,10,1,0,0,MEDIUM,0.569613,NORMAL,0.765955,0.774693,14.67,77.45,HIGH
TF-2026-0002416,EXPORT_LC,CUST-00304,CP-00972,CA,BR,JPY,170514.05,2025-07-28,2025-10-29,CLOSED,TEXTILES,2,5,15,1,1,1,MEDIUM,0.511142,NORMAL,0.285033,0.650457,12.12,46.39,MEDIUM
TF-2026-0002417,IMPORT_LC,CUST-00178,CP-03097,CA,DE,GBP,240186.62,2024-10-12,2025-01-03,SETTLED,ELECTRONICS,0,10,8,0,0,1,LOW,0.561336,NORMAL,0.166846,0.176597,7.33,32.47,LOW
TF-2026-0002418,GUARANTEE,CUST-01040,CP-01866,CA,SG,EUR,267453.2,2025-07-07,2025-10-17,SETTLED,AUTO_PARTS,5,4,18,1,1,7,LOW,0.514649,NORMAL,0.762201,0.814046,14.92,62.46,MEDIUM
TF-2026-0002419,EXPORT_LC,CUST-00890,CP-00218,CA,DE,GBP,425327.48,2026-04-18,2026-09-27,CLOSED,AGRICULTURE,1,5,9,0,0,3,HIGH,0.487653,NORMAL,0.134549,0.247055,8.59,26.75,LOW
TF-2026-0002420,IMPORT_LC,CUST-01121,CP-02711,CA,JP,CAD,885238.23,2026-07-28,2026-12-29,CLOSED,INDUSTRIAL_EQUIPMENT,0,8,5,0,0,15,MEDIUM,0.55418,NORMAL,0.176154,0.165483,4.93,36.38,LOW
TF-2026-0002421,COLLECTION,CUST-01110,CP-03251,CA,MX,CNY,265678.68,2024-12-15,2025-06-11,CLOSED,TEXTILES,0,6,11,0,1,15,HIGH,0.548288,NORMAL,0.273154,0.238439,6.47,45.72,MEDIUM
TF-2026-0002422,COLLECTION,CUST-00138,CP-01736,CA,IN,JPY,390101.8,2025-09-18,2026-01-24,CLOSED,AGRICULTURE,4,9,16,0,1,4,MEDIUM,0.499519,NORMAL,0.333177,0.75222,14.6,48.25,MEDIUM
TF-2026-0002423,COLLECTION,CUST-00613,CP-03311,CA,IN,CNY,1374903.98,2026-06-12,2026-09-23,CLOSED,INDUSTRIAL_EQUIPMENT,0,8,10,0,0,7,LOW,0.523688,NORMAL,0.22471,0.138174,8.71,25.07,LOW
TF-2026-0002424,IMPORT_LC,CUST-01146,CP-03174,CA,IN,GBP,175703.88,2025-09-18,2025-11-29,CLOSED,AUTO_PARTS,3,10,10,0,0,3,LOW,0.52074,NORMAL,0.421188,0.518925,10.72,43.47,MEDIUM
TF-2026-0002425,COLLECTION,CUST-00705,CP-01892,CA,IN,EUR,827941.09,2026-05-07,2026-07-14,SETTLED,AUTO_PARTS,3,3,15,0,1,12,MEDIUM,0.518643,NORMAL,0.338826,0.697084,14.01,51.73,MEDIUM
TF-2026-0002426,COLLECTION,CUST-01098,CP-02516,CA,IN,CNY,878627.05,2024-09-18,2024-12-22,ACTIVE,INDUSTRIAL_EQUIPMENT,3,9,12,0,1,10,HIGH,0.483457,NORMAL,0.293628,0.654225,11.78,44.8,MEDIUM
TF-2026-0002427,COLLECTION,CUST-00873,CP-00689,CA,GB,JPY,4565922.33,2026-04-13,2026-09-22,ACTIVE,INDUSTRIAL_EQUIPMENT,2,6,11,0,1,3,MEDIUM,0.573079,NORMAL,0.272788,0.582203,10.21,56.19,MEDIUM
TF-2026-0002428,COLLECTION,CUST-00439,CP-00068,CA,JP,GBP,350459.76,2025-12-09,2026-06-01,CLOSED,INDUSTRIAL_EQUIPMENT,2,8,13,0,1,10,LOW,0.472111,NORMAL,0.161759,0.608517,11.09,27.25,LOW
TF-2026-0002429,COLLECTION,CUST-00106,CP-01140,CA,SG,JPY,860648.37,2024-12-28,2025-06-25,CLOSED,INDUSTRIAL_EQUIPMENT,2,5,4,1,0,5,HIGH,0.479345,NORMAL,0.509944,0.303274,6.62,38.24,LOW
TF-2026-0002430,EXPORT_LC,CUST-00004,CP-00683,CA,CN,USD,500233.66,2024-09-02,2024-11-01,SETTLED,TEXTILES,4,10,14,0,1,10,LOW,0.510503,NORMAL,0.488267,0.771196,13.49,51.55,MEDIUM
TF-2026-0002431,EXPORT_LC,CUST-01175,CP-00890,CA,CN,CNY,4593467.17,2026-03-19,2026-05-31,ACTIVE,AUTO_PARTS,5,7,15,0,1,15,HIGH,0.616609,HIGH,0.357558,0.768489,14.01,72.37,HIGH
TF-2026-0002432,EXPORT_LC,CUST-00086,CP-01354,CA,US,JPY,117448.19,2025-10-02,2026-03-24,CLOSED,TEXTILES,1,10,9,0,0,4,MEDIUM,0.538238,NORMAL,0.235826,0.287187,9.01,39.27,LOW
TF-2026-0002433,GUARANTEE,CUST-01120,CP-00640,CA,FR,EUR,178655.64,2026-02-19,2026-07-18,CLOSED,CHEMICALS,3,7,13,0,1,1,HIGH,0.501862,NORMAL,0.395042,0.688712,12.08,53.46,MEDIUM
TF-2026-0002434,IMPORT_LC,CUST-00308,CP-01106,CA,DE,USD,2192888.53,2025-08-24,2026-02-06,ACTIVE,TEXTILES,5,7,14,0,1,12,HIGH,0.551292,NORMAL,0.295043,0.795538,14.7,66.5,HIGH
TF-2026-0002435,EXPORT_LC,CUST-00838,CP-03006,CA,MX,GBP,83063.31,2026-02-08,2026-04-17,SETTLED,INDUSTRIAL_EQUIPMENT,1,3,10,1,0,15,HIGH,0.604176,HIGH,0.282983,0.327596,9.51,54.39,MEDIUM
TF-2026-0002436,GUARANTEE,CUST-00009,CP-02722,CA,SG,JPY,736086.61,2025-08-25,2025-11-15,SETTLED,AGRICULTURE,3,4,14,0,1,3,LOW,0.488614,NORMAL,0.242544,0.587862,10.54,32.12,LOW
TF-2026-0002437,COLLECTION,CUST-00076,CP-01779,CA,BR,CAD,251635.13,2026-06-25,2026-11-05,ACTIVE,TEXTILES,1,10,7,0,0,12,MEDIUM,0.524341,NORMAL,0.218692,0.215281,7.24,32.75,LOW
TF-2026-0002438,IMPORT_LC,CUST-00950,CP-02688,CA,AE,JPY,1863868.11,2025-01-18,2025-06-30,CLOSED,ELECTRONICS,0,10,10,1,0,10,HIGH,0.567247,NORMAL,0.487798,0.228567,6.03,54.68,MEDIUM
TF-2026-0002439,EXPORT_LC,CUST-00262,CP-01289,CA,JP,CAD,259927.71,2024-08-31,2025-01-11,CLOSED,AGRICULTURE,3,7,12,0,1,7,HIGH,0.461113,NORMAL,0.396133,0.645512,11.73,44.57,MEDIUM
TF-2026-0002440,EXPORT_LC,CUST-00986,CP-00326,CA,IN,USD,685313.8,2025-03-18,2025-07-01,SETTLED,AUTO_PARTS,1,8,8,0,0,1,HIGH,0.504293,NORMAL,0.131503,0.221372,7.75,29.99,LOW
TF-2026-0002441,COLLECTION,CUST-00865,CP-02032,CA,CN,EUR,317179.69,2025-07-22,2025-12-26,CLOSED,AUTO_PARTS,4,4,14,1,1,10,LOW,0.496207,NORMAL,0.528219,0.742805,12.94,48.01,MEDIUM
TF-2026-0002442,COLLECTION,CUST-00524,CP-03043,CA,GB,CNY,236537.73,2025-08-16,2025-10-30,ACTIVE,AGRICULTURE,2,7,16,0,1,1,HIGH,0.494885,NORMAL,0.271214,0.553711,12.38,43.35,MEDIUM
TF-2026-0002443,IMPORT_LC,CUST-00109,CP-01370,CA,GB,JPY,67119.01,2025-03-16,2025-06-25,ACTIVE,TEXTILES,1,9,3,0,0,10,HIGH,0.546866,NORMAL,0.296437,0.24449,4.59,46.39,MEDIUM
TF-2026-0002444,COLLECTION,CUST-01104,CP-00888,CA,US,GBP,88353.31,2025-11-24,2026-03-06,CLOSED,INDUSTRIAL_EQUIPMENT,2,3,15,0,1,10,HIGH,0.565938,NORMAL,0.210839,0.542188,10.96,57.2,MEDIUM
TF-2026-0002445,COLLECTION,CUST-00564,CP-00154,CA,BR,EUR,1244390.31,2026-04-06,2026-08-18,SETTLED,AGRICULTURE,1,5,8,0,0,10,MEDIUM,0.498087,NORMAL,0.286959,0.280308,8.69,30.05,LOW
TF-2026-0002446,GUARANTEE,CUST-01177,CP-02516,CA,IN,EUR,515844.36,2025-07-31,2025-11-11,SETTLED,AGRICULTURE,0,10,5,0,0,10,LOW,0.536704,NORMAL,0.166287,0.131215,5.36,26.34,LOW
TF-2026-0002447,EXPORT_LC,CUST-00310,CP-02843,CA,FR,CAD,225746.1,2025-08-14,2025-12-26,SETTLED,ELECTRONICS,2,7,16,0,1,6,LOW,0.469722,NORMAL,0.243217,0.594416,11.91,28.82,LOW
TF-2026-0002448,COLLECTION,CUST-00365,CP-01554,CA,AE,CAD,180154.58,2026-04-16,2026-09-29,CLOSED,AGRICULTURE,1,4,7,0,0,8,HIGH,0.50391,NORMAL,0.32732,0.292911,7.58,38.26,LOW
TF-2026-0002449,COLLECTION,CUST-00945,CP-00917,CA,CN,CAD,240945.67,2026-05-14,2026-08-14,ACTIVE,AUTO_PARTS,1,4,16,0,1,2,HIGH,0.503743,NORMAL,0.166242,0.461334,10.36,39.26,LOW
TF-2026-0002450,COLLECTION,CUST-00366,CP-00321,CA,IN,EUR,224307.76,2025-09-04,2025-12-26,SETTLED,AUTO_PARTS,0,9,5,1,0,1,MEDIUM,0.541095,NORMAL,0.291255,0.148182,5.56,36.71,LOW
TF-2026-0002451,EXPORT_LC,CUST-00410,CP-01744,CA,GB,CAD,132126.6,2026-06-10,2026-12-03,SETTLED,TEXTILES,1,6,6,0,0,4,LOW,0.504639,NORMAL,0.291392,0.253165,8.29,25.98,LOW
TF-2026-0002452,GUARANTEE,CUST-01097,CP-00582,CA,DE,CNY,1352817.71,2025-09-02,2025-11-12,SETTLED,ELECTRONICS,1,9,10,0,0,12,MEDIUM,0.522318,NORMAL,0.161292,0.22074,7.02,30.66,LOW
TF-2026-0002453,IMPORT_LC,CUST-00986,CP-00522,CA,AE,JPY,107073.36,2025-01-10,2025-04-04,SETTLED,INDUSTRIAL_EQUIPMENT,2,9,12,0,1,4,HIGH,0.514633,NORMAL,0.374694,0.494303,9.72,49.64,MEDIUM
TF-2026-0002454,GUARANTEE,CUST-01003,CP-00095,CA,JP,EUR,641200.12,2026-04-14,2026-07-07,CLOSED,TEXTILES,1,8,8,0,0,5,LOW,0.473598,NORMAL,0.150637,0.296948,8.18,16.23,LOW
TF-2026-0002455,GUARANTEE,CUST-00854,CP-01508,CA,JP,EUR,942709.63,2024-11-11,2025-05-07,SETTLED,INDUSTRIAL_EQUIPMENT,0,5,2,0,0,5,LOW,0.511989,NORMAL,0.148994,0.236753,4.34,23.07,LOW
TF-2026-0002456,EXPORT_LC,CUST-00318,CP-01099,CA,MX,EUR,1211576.15,2025-10-26,2026-01-21,SETTLED,TEXTILES,0,9,5,0,0,7,LOW,0.528864,NORMAL,0.157601,0.216672,6.6,27.18,LOW
TF-2026-0002457,IMPORT_LC,CUST-00282,CP-02398,CA,GB,JPY,370428.68,2025-10-14,2026-03-14,SETTLED,AUTO_PARTS,5,10,13,0,1,14,MEDIUM,0.562927,NORMAL,0.548971,0.68346,13.61,66.89,HIGH
TF-2026-0002458,GUARANTEE,CUST-01058,CP-00467,CA,BR,EUR,87412.49,2024-11-04,2025-03-02,ACTIVE,CHEMICALS,2,7,16,0,1,5,HIGH,0.512156,NORMAL,0.325238,0.547666,12.27,49.28,MEDIUM
TF-2026-0002459,EXPORT_LC,CUST-00818,CP-01219,CA,IN,JPY,814251.54,2025-09-29,2026-03-01,ACTIVE,INDUSTRIAL_EQUIPMENT,0,4,1,0,0,9,LOW,0.527068,NORMAL,0.10436,0.152524,3.97,22.85,LOW
TF-2026-0002460,COLLECTION,CUST-00226,CP-01933,CA,SG,JPY,118522.09,2024-10-17,2025-01-06,CLOSED,CHEMICALS,1,7,4,0,0,15,MEDIUM,0.55105,NORMAL,0.1762,0.249926,6.48,38.76,LOW
TF-2026-0002461,GUARANTEE,CUST-00238,CP-00661,CA,SG,GBP,938568.2,2026-04-23,2026-09-25,CLOSED,ELECTRONICS,2,7,13,0,1,15,HIGH,0.524858,NORMAL,0.216004,0.58279,10.47,50.66,MEDIUM
TF-2026-0002462,EXPORT_LC,CUST-00395,CP-01857,CA,GB,CAD,618820.23,2026-04-08,2026-06-07,ACTIVE,ELECTRONICS,3,5,2,1,0,0,LOW,0.514884,NORMAL,0.641163,0.361812,6.48,43.09,MEDIUM
TF-2026-0002463,COLLECTION,CUST-00373,CP-02877,CA,JP,EUR,325187.68,2025-11-15,2026-04-25,ACTIVE,TEXTILES,2,10,13,0,1,13,LOW,0.517104,NORMAL,0.235313,0.556617,10.56,38.34,LOW
TF-2026-0002464,GUARANTEE,CUST-01199,CP-03250,CA,AE,EUR,182216.88,2025-01-25,2025-05-06,ACTIVE,AGRICULTURE,2,7,16,1,1,5,HIGH,0.480376,NORMAL,0.379387,0.549929,12.56,43.11,MEDIUM
TF-2026-0002465,COLLECTION,CUST-00489,CP-01018,CA,AE,USD,73892.81,2024-10-14,2024-12-19,ACTIVE,INDUSTRIAL_EQUIPMENT,3,3,13,1,1,1,MEDIUM,0.586083,NORMAL,0.707343,0.642932,12.39,72.3,HIGH
TF-2026-0002466,COLLECTION,CUST-00387,CP-00544,CA,JP,CAD,3174863.21,2024-12-11,2025-05-08,SETTLED,CHEMICALS,3,9,7,1,0,1,MEDIUM,0.559179,NORMAL,0.592912,0.592313,10.27,64.53,MEDIUM
TF-2026-0002467,EXPORT_LC,CUST-01058,CP-01751,CA,DE,CNY,676494.76,2024-09-28,2024-12-30,CLOSED,INDUSTRIAL_EQUIPMENT,4,10,15,1,1,10,HIGH,0.515042,NORMAL,0.636975,0.797318,14.13,68.25,HIGH
TF-2026-0002468,EXPORT_LC,CUST-00947,CP-01117,CA,BR,EUR,153902.87,2025-06-11,2025-12-08,CLOSED,TEXTILES,0,3,1,0,0,3,HIGH,0.568285,NORMAL,0.139118,0.194587,3.98,43.19,MEDIUM
TF-2026-0002469,COLLECTION,CUST-00177,CP-02413,CA,US,JPY,84310.68,2024-12-18,2025-04-18,CLOSED,INDUSTRIAL_EQUIPMENT,3,7,7,0,0,3,LOW,0.519297,NORMAL,0.347044,0.404946,9.02,36.9,LOW
TF-2026-0002470,COLLECTION,CUST-00218,CP-00398,CA,CN,EUR,1118655.92,2025-09-14,2026-01-08,ACTIVE,TEXTILES,1,7,15,0,1,12,HIGH,0.497059,NORMAL,0.224185,0.402059,9.65,37.13,LOW
TF-2026-0002471,EXPORT_LC,CUST-00719,CP-00781,CA,GB,JPY,114345.13,2026-04-21,2026-07-23,ACTIVE,AGRICULTURE,2,4,8,0,0,11,MEDIUM,0.52592,NORMAL,0.351091,0.403042,8.75,43.75,MEDIUM
TF-2026-0002472,COLLECTION,CUST-00786,CP-01570,CA,AE,CAD,1325005.91,2025-04-21,2025-10-10,CLOSED,INDUSTRIAL_EQUIPMENT,3,3,13,0,1,11,MEDIUM,0.539344,NORMAL,0.467455,0.625103,13.05,58.32,MEDIUM
TF-2026-0002473,EXPORT_LC,CUST-00365,CP-02260,CA,AE,EUR,158347.73,2025-11-03,2026-04-25,CLOSED,ELECTRONICS,0,10,4,0,0,2,HIGH,0.564587,NORMAL,0.244789,0.255635,5.5,48.02,MEDIUM
TF-2026-0002474,IMPORT_LC,CUST-00509,CP-01068,CA,CN,CAD,192813.4,2026-05-24,2026-08-09,CLOSED,CHEMICALS,1,9,6,0,0,12,HIGH,0.506861,NORMAL,0.19639,0.183317,6.2,31.24,LOW
TF-2026-0002475,COLLECTION,CUST-00056,CP-02933,CA,DE,JPY,80354.22,2025-06-19,2025-11-05,ACTIVE,AGRICULTURE,5,7,5,0,0,9,MEDIUM,0.537806,NORMAL,0.42574,0.559203,10.21,54.38,MEDIUM
TF-2026-0002476,GUARANTEE,CUST-00523,CP-02527,CA,SG,JPY,510039.1,2026-01-02,2026-03-10,CLOSED,AUTO_PARTS,2,7,13,0,1,9,MEDIUM,0.45801,NORMAL,0.406504,0.520286,10.75,35.42,LOW
TF-2026-0002477,EXPORT_LC,CUST-01140,CP-01729,CA,JP,JPY,453535.91,2026-07-30,2026-12-13,CLOSED,TEXTILES,0,3,1,0,0,7,MEDIUM,0.538914,NORMAL,0.163604,0.184885,3.45,33.67,LOW
TF-2026-0002478,GUARANTEE,CUST-00941,CP-00014,CA,BR,CNY,647178.7,2025-03-10,2025-08-16,ACTIVE,AUTO_PARTS,2,7,9,0,0,7,HIGH,0.460545,NORMAL,0.270628,0.304447,9.0,28.85,LOW
TF-2026-0002479,IMPORT_LC,CUST-00016,CP-02328,CA,IN,USD,200624.1,2025-11-06,2026-02-26,ACTIVE,AGRICULTURE,3,8,15,0,1,3,LOW,0.48882,NORMAL,0.347648,0.519708,12.52,32.93,LOW
TF-2026-0002480,COLLECTION,CUST-00612,CP-03051,CA,GB,GBP,233999.52,2026-04-25,2026-08-04,SETTLED,CHEMICALS,1,5,5,0,0,3,LOW,0.494654,NORMAL,0.187561,0.325611,8.74,22.79,LOW
TF-2026-0002481,GUARANTEE,CUST-01099,CP-02288,CA,US,GBP,1858576.4,2026-05-31,2026-10-13,ACTIVE,AUTO_PARTS,1,5,1,0,0,5,MEDIUM,0.515003,NORMAL,0.147345,0.214309,5.59,28.13,LOW
TF-2026-0002482,IMPORT_LC,CUST-00349,CP-03351,CA,US,GBP,676701.62,2025-09-20,2025-12-17,CLOSED,ELECTRONICS,5,8,16,0,1,7,LOW,0.491947,NORMAL,0.32808,0.874584,15.23,45.6,MEDIUM
TF-2026-0002483,GUARANTEE,CUST-00884,CP-03484,CA,DE,JPY,89565.45,2025-04-15,2025-09-18,CLOSED,INDUSTRIAL_EQUIPMENT,4,4,21,1,1,5,LOW,0.533004,NORMAL,0.475851,0.745913,14.82,56.29,MEDIUM
TF-2026-0002484,IMPORT_LC,CUST-00516,CP-00591,CA,AE,GBP,182258.32,2025-07-31,2025-10-15,ACTIVE,AGRICULTURE,3,9,17,0,1,1,LOW,0.513809,NORMAL,0.380345,0.641128,13.78,44.69,MEDIUM
TF-2026-0002485,EXPORT_LC,CUST-01127,CP-00117,CA,GB,CAD,16328.64,2025-08-08,2025-12-26,CLOSED,AUTO_PARTS,3,9,13,0,1,3,HIGH,0.588323,NORMAL,0.516422,0.571087,11.46,69.19,HIGH
TF-2026-0002486,GUARANTEE,CUST-00808,CP-03375,CA,GB,CNY,835007.04,2026-08-09,2026-12-24,CLOSED,ELECTRONICS,3,8,15,0,1,9,MEDIUM,0.466746,NORMAL,0.468713,0.615621,10.99,41.08,MEDIUM
TF-2026-0002487,GUARANTEE,CUST-00431,CP-01228,CA,FR,EUR,483186.09,2024-09-04,2025-01-29,SETTLED,AUTO_PARTS,2,3,9,0,0,6,MEDIUM,0.508322,NORMAL,0.350138,0.246405,8.68,33.41,LOW
TF-2026-0002488,COLLECTION,CUST-00590,CP-03455,CA,MX,USD,431532.78,2026-05-07,2026-10-21,SETTLED,CHEMICALS,1,10,12,0,1,7,MEDIUM,0.506415,NORMAL,0.257826,0.443827,10.2,37.08,LOW
TF-2026-0002489,COLLECTION,CUST-00014,CP-03083,CA,US,CAD,1487598.88,2026-03-31,2026-09-10,SETTLED,ELECTRONICS,5,10,22,0,1,12,HIGH,0.566621,NORMAL,0.365568,0.808537,17.66,71.25,HIGH
TF-2026-0002490,COLLECTION,CUST-00802,CP-01823,CA,SG,JPY,247321.88,2025-12-24,2026-05-27,ACTIVE,AGRICULTURE,5,9,17,0,1,2,HIGH,0.541662,NORMAL,0.5152,0.785298,15.57,70.86,HIGH
TF-2026-0002491,COLLECTION,CUST-01017,CP-03227,CA,US,GBP,226105.67,2024-12-22,2025-04-21,SETTLED,INDUSTRIAL_EQUIPMENT,0,8,8,0,0,1,HIGH,0.536523,NORMAL,0.184526,0.277767,7.07,41.95,MEDIUM
TF-2026-0002492,GUARANTEE,CUST-00948,CP-00321,CA,IN,JPY,97118.7,2025-12-03,2026-05-24,CLOSED,INDUSTRIAL_EQUIPMENT,0,9,8,0,0,1,LOW,0.569081,NORMAL,0.153405,0.143278,6.89,31.92,LOW
TF-2026-0002493,EXPORT_LC,CUST-00491,CP-00032,CA,SG,JPY,3879596.3,2025-08-26,2025-12-12,SETTLED,INDUSTRIAL_EQUIPMENT,3,9,13,1,1,13,LOW,0.571515,NORMAL,0.591972,0.755106,12.63,66.7,HIGH
TF-2026-0002494,EXPORT_LC,CUST-01176,CP-02852,CA,CN,GBP,379260.5,2025-02-04,2025-06-29,ACTIVE,INDUSTRIAL_EQUIPMENT,3,4,14,0,1,7,HIGH,0.47578,NORMAL,0.552667,0.666163,12.29,51.55,MEDIUM
TF-2026-0002495,EXPORT_LC,CUST-00789,CP-02647,CA,GB,CNY,75169.95,2026-05-28,2026-08-06,CLOSED,ELECTRONICS,3,4,20,0,1,14,MEDIUM,0.555919,NORMAL,0.470557,0.614652,13.31,61.16,MEDIUM
TF-2026-0002496,EXPORT_LC,CUST-00435,CP-02238,CA,IN,CNY,161739.15,2025-05-04,2025-08-17,CLOSED,CHEMICALS,1,10,6,0,0,13,MEDIUM,0.540083,NORMAL,0.21574,0.273805,8.81,38.63,LOW
TF-2026-0002497,EXPORT_LC,CUST-00692,CP-02495,CA,US,GBP,763177.33,2025-11-06,2026-05-04,ACTIVE,TEXTILES,2,7,9,0,0,2,LOW,0.482988,NORMAL,0.225775,0.38689,9.71,23.3,LOW
TF-2026-0002498,GUARANTEE,CUST-00257,CP-00693,CA,IN,CAD,51680.05,2025-03-09,2025-08-10,SETTLED,ELECTRONICS,2,4,7,0,0,11,LOW,0.56493,NORMAL,0.214961,0.265928,7.83,37.51,LOW
TF-2026-0002499,EXPORT_LC,CUST-00389,CP-02673,CA,MX,CNY,94900.5,2026-01-06,2026-03-24,SETTLED,ELECTRONICS,1,4,13,0,1,4,LOW,0.53354,NORMAL,0.211687,0.485666,11.31,39.41,LOW
TF-2026-0002500,GUARANTEE,CUST-00361,CP-03032,CA,AE,JPY,78992.86,2026-03-10,2026-07-12,ACTIVE,CHEMICALS,4,6,15,0,1,15,MEDIUM,0.574659,NORMAL,0.461852,0.724669,13.55,67.01,HIGH
TF-2026-0002501,IMPORT_LC,CUST-01152,CP-03325,CA,MX,CNY,618590.96,2025-06-06,2025-12-01,SETTLED,AUTO_PARTS,5,4,11,1,1,3,HIGH,0.510674,NORMAL,0.645617,0.769723,13.77,66.28,HIGH
TF-2026-0002502,GUARANTEE,CUST-01112,CP-02150,CA,BR,JPY,263625.49,2025-05-07,2025-09-07,CLOSED,TEXTILES,3,3,10,0,0,14,HIGH,0.544733,NORMAL,0.283373,0.493784,11.18,54.25,MEDIUM
TF-2026-0002503,GUARANTEE,CUST-00325,CP-00818,CA,US,CNY,228800.68,2024-10-10,2025-01-01,CLOSED,AUTO_PARTS,5,9,14,0,1,13,LOW,0.538766,NORMAL,0.561641,0.749727,14.29,60.34,MEDIUM
TF-2026-0002504,IMPORT_LC,CUST-00186,CP-01234,CA,US,USD,273406.98,2025-04-25,2025-09-28,CLOSED,INDUSTRIAL_EQUIPMENT,3,6,14,0,1,14,HIGH,0.502792,NORMAL,0.306923,0.674224,12.69,50.58,MEDIUM
TF-2026-0002505,GUARANTEE,CUST-01104,CP-03483,CA,AE,JPY,256074.4,2025-11-27,2026-03-23,CLOSED,INDUSTRIAL_EQUIPMENT,1,5,10,0,0,9,HIGH,0.478251,NORMAL,0.144249,0.36763,8.78,29.32,LOW
TF-2026-0002506,COLLECTION,CUST-00178,CP-02883,CA,CN,EUR,241133.99,2025-10-18,2026-02-22,ACTIVE,AUTO_PARTS,4,7,11,0,1,8,LOW,0.477422,NORMAL,0.488979,0.755793,12.47,43.1,MEDIUM
TF-2026-0002507,IMPORT_LC,CUST-00361,CP-00684,CA,MX,JPY,105605.93,2024-10-07,2024-12-28,SETTLED,ELECTRONICS,3,3,8,0,0,10,MEDIUM,0.548798,NORMAL,0.386466,0.383545,8.99,49.31,MEDIUM
TF-2026-0002508,EXPORT_LC,CUST-00891,CP-00077,CA,MX,EUR,613027.23,2025-11-08,2026-03-16,ACTIVE,INDUSTRIAL_EQUIPMENT,4,9,15,0,1,9,LOW,0.480586,NORMAL,0.548212,0.703319,11.72,43.6,MEDIUM
TF-2026-0002509,IMPORT_LC,CUST-01039,CP-02380,CA,JP,USD,215758.93,2024-10-07,2025-02-03,ACTIVE,CHEMICALS,5,3,15,0,1,13,MEDIUM,0.55802,NORMAL,0.355576,0.669822,14.77,60.0,MEDIUM
TF-2026-0002510,COLLECTION,CUST-00110,CP-01313,CA,IN,CNY,327039.73,2025-08-31,2026-02-17,SETTLED,ELECTRONICS,5,6,18,1,1,0,LOW,0.54801,NORMAL,0.498797,0.718949,14.32,59.27,MEDIUM
TF-2026-0002511,EXPORT_LC,CUST-00528,CP-00083,CA,GB,CNY,353720.57,2026-03-17,2026-07-03,ACTIVE,ELECTRONICS,0,4,4,0,0,7,LOW,0.515106,NORMAL,0.147337,0.227662,5.46,23.64,LOW
TF-2026-0002512,COLLECTION,CUST-01054,CP-02817,CA,JP,CAD,279684.13,2025-01-28,2025-06-26,CLOSED,INDUSTRIAL_EQUIPMENT,2,7,14,1,1,2,MEDIUM,0.481804,NORMAL,0.510085,0.581228,11.9,43.39,MEDIUM
TF-2026-0002513,IMPORT_LC,CUST-00163,CP-03197,CA,US,GBP,496248.45,2025-03-09,2025-08-04,CLOSED,ELECTRONICS,5,10,14,0,1,10,HIGH,0.529393,NORMAL,0.378867,0.847684,14.86,66.07,HIGH
TF-2026-0002514,COLLECTION,CUST-00449,CP-01107,CA,MX,USD,910838.41,2026-01-10,2026-06-21,CLOSED,AUTO_PARTS,2,10,8,0,0,1,MEDIUM,0.529989,NORMAL,0.284271,0.309414,8.5,39.56,LOW
TF-2026-0002515,COLLECTION,CUST-00379,CP-01837,CA,IN,CNY,548813.35,2025-11-15,2026-03-20,SETTLED,INDUSTRIAL_EQUIPMENT,5,3,12,1,1,8,LOW,0.533072,NORMAL,0.668855,0.615668,10.79,57.55,MEDIUM
TF-2026-0002516,EXPORT_LC,CUST-00899,CP-01005,CA,GB,CNY,808264.61,2024-12-17,2025-03-19,ACTIVE,AUTO_PARTS,5,3,15,1,1,2,MEDIUM,0.551643,NORMAL,0.607423,0.775866,14.52,70.24,HIGH
TF-2026-0002517,EXPORT_LC,CUST-00309,CP-00998,CA,JP,CAD,1165564.86,2025-08-01,2026-01-28,SETTLED,AGRICULTURE,3,6,14,0,1,6,MEDIUM,0.477577,NORMAL,0.412735,0.748685,13.83,45.61,MEDIUM
TF-2026-0002518,COLLECTION,CUST-01065,CP-02122,CA,DE,CAD,343187.99,2025-09-05,2025-12-23,CLOSED,AUTO_PARTS,5,9,17,0,1,0,HIGH,0.567382,NORMAL,0.48799,0.785918,13.19,74.23,HIGH
TF-2026-0002519,IMPORT_LC,CUST-01162,CP-01995,CA,SG,GBP,1533111.1,2024-09-15,2024-11-27,ACTIVE,ELECTRONICS,5,6,20,0,1,10,HIGH,0.525164,NORMAL,0.373078,0.83076,18.31,64.16,MEDIUM
TF-2026-0002520,COLLECTION,CUST-00535,CP-03176,CA,FR,EUR,340466.57,2025-07-04,2025-09-20,ACTIVE,AUTO_PARTS,3,6,9,0,0,1,MEDIUM,0.489436,NORMAL,0.314066,0.332848,9.51,30.55,LOW
TF-2026-0002521,IMPORT_LC,CUST-00767,CP-02368,CA,BR,CAD,242566.84,2025-09-07,2026-02-16,SETTLED,ELECTRONICS,0,5,1,0,0,13,LOW,0.526863,NORMAL,0.199516,0.276107,8.27,29.99,LOW
TF-2026-0002522,IMPORT_LC,CUST-00504,CP-02952,CA,GB,EUR,986764.57,2025-04-27,2025-10-09,SETTLED,INDUSTRIAL_EQUIPMENT,4,5,11,0,1,4,MEDIUM,0.490186,NORMAL,0.441279,0.685039,11.8,46.88,MEDIUM
TF-2026-0002523,EXPORT_LC,CUST-00954,CP-01290,CA,FR,GBP,222379.92,2026-04-23,2026-09-11,CLOSED,INDUSTRIAL_EQUIPMENT,1,4,10,0,0,13,HIGH,0.50669,NORMAL,0.20117,0.331184,9.55,36.52,LOW
TF-2026-0002524,EXPORT_LC,CUST-00346,CP-02626,CA,FR,JPY,736665.24,2024-09-05,2024-11-05,SETTLED,TEXTILES,0,3,3,0,0,2,MEDIUM,0.560592,NORMAL,0.118362,0.207571,4.99,37.01,LOW
TF-2026-0002525,GUARANTEE,CUST-00081,CP-01798,CA,FR,CAD,534683.95,2024-11-08,2025-04-17,CLOSED,AUTO_PARTS,0,5,3,0,0,4,LOW,0.505338,NORMAL,0.112951,0.147565,4.99,17.08,LOW
TF-2026-0002526,GUARANTEE,CUST-00651,CP-02689,CA,MX,GBP,208344.35,2025-04-02,2025-09-22,ACTIVE,INDUSTRIAL_EQUIPMENT,2,4,3,0,0,3,MEDIUM,0.498626,NORMAL,0.294878,0.288285,5.73,30.68,LOW
TF-2026-0002527,EXPORT_LC,CUST-01182,CP-01527,CA,GB,JPY,905999.55,2026-06-10,2026-12-01,CLOSED,INDUSTRIAL_EQUIPMENT,5,5,18,0,1,1,LOW,0.524543,NORMAL,0.376396,0.786198,15.88,52.52,MEDIUM
TF-2026-0002528,GUARANTEE,CUST-00174,CP-01608,CA,FR,EUR,1432507.37,2026-05-09,2026-08-19,ACTIVE,TEXTILES,1,5,6,0,0,10,HIGH,0.501699,NORMAL,0.144075,0.231935,7.49,29.92,LOW
TF-2026-0002529,GUARANTEE,CUST-00247,CP-02916,CA,BR,CNY,602205.49,2024-10-13,2025-02-02,SETTLED,ELECTRONICS,0,10,13,0,1,15,MEDIUM,0.584143,NORMAL,0.177251,0.436544,9.6,49.05,MEDIUM
TF-2026-0002530,IMPORT_LC,CUST-00599,CP-00450,CA,MX,CAD,501274.43,2026-08-11,2026-10-28,SETTLED,AUTO_PARTS,3,7,9,0,0,0,LOW,0.512255,NORMAL,0.449728,0.440303,9.67,39.28,LOW
TF-2026-0002531,EXPORT_LC,CUST-00934,CP-00536,CA,AE,GBP,659430.66,2025-07-26,2026-01-09,SETTLED,INDUSTRIAL_EQUIPMENT,5,10,13,0,1,11,MEDIUM,0.53752,NORMAL,0.305939,0.869891,13.68,61.55,MEDIUM
TF-2026-0002532,EXPORT_LC,CUST-00509,CP-02657,CA,GB,GBP,174946.49,2026-02-24,2026-06-14,ACTIVE,TEXTILES,0,10,5,0,0,9,HIGH,0.549186,NORMAL,0.254386,0.225914,6.97,44.88,MEDIUM
TF-2026-0002533,GUARANTEE,CUST-00093,CP-01099,CA,MX,JPY,358254.49,2026-07-29,2026-12-31,SETTLED,AUTO_PARTS,5,7,13,1,1,7,LOW,0.486427,NORMAL,0.802749,0.746132,13.2,53.95,MEDIUM
TF-2026-0002534,GUARANTEE,CUST-00681,CP-03395,CA,GB,CNY,1178952.86,2024-10-21,2024-12-24,SETTLED,AGRICULTURE,3,4,12,1,1,4,HIGH,0.499288,NORMAL,0.54857,0.684532,10.24,57.32,MEDIUM
TF-2026-0002535,EXPORT_LC,CUST-00820,CP-02308,CA,SG,EUR,323335.16,2025-03-05,2025-07-08,CLOSED,AUTO_PARTS,1,3,6,0,0,1,HIGH,0.549675,NORMAL,0.204087,0.279898,7.38,45.38,MEDIUM
TF-2026-0002536,EXPORT_LC,CUST-00089,CP-02633,CA,DE,JPY,337105.62,2025-08-06,2025-11-17,ACTIVE,TEXTILES,0,6,5,0,0,4,LOW,0.505822,NORMAL,0.173735,0.147423,5.31,19.05,LOW
TF-2026-0002537,GUARANTEE,CUST-00072,CP-01029,CA,FR,CNY,628778.32,2025-10-13,2026-01-27,SETTLED,AGRICULTURE,5,5,14,1,1,0,LOW,0.543897,NORMAL,0.436149,0.78248,14.44,58.81,MEDIUM
TF-2026-0002538,GUARANTEE,CUST-00270,CP-00753,CA,FR,JPY,125236.1,2025-03-05,2025-05-23,SETTLED,CHEMICALS,2,10,9,0,0,12,MEDIUM,0.53224,NORMAL,0.306506,0.343368,10.08,41.95,MEDIUM
TF-2026-0002539,COLLECTION,CUST-00584,CP-00276,CA,FR,USD,130593.72,2025-05-25,2025-10-29,CLOSED,ELECTRONICS,4,4,19,1,1,10,MEDIUM,0.518326,NORMAL,0.637461,0.741335,14.66,62.14,MEDIUM
TF-2026-0002540,COLLECTION,CUST-00327,CP-01003,CA,DE,GBP,1922848.27,2026-04-27,2026-08-19,CLOSED,ELECTRONICS,2,8,10,0,0,12,LOW,0.523137,NORMAL,0.154674,0.307457,9.22,28.7,LOW
TF-2026-0002541,GUARANTEE,CUST-00027,CP-01878,CA,MX,EUR,1359239.33,2024-09-29,2025-03-01,SETTLED,CHEMICALS,5,9,7,1,0,7,HIGH,0.529722,NORMAL,0.714508,0.533233,10.29,65.22,HIGH
TF-2026-0002542,COLLECTION,CUST-00251,CP-03307,CA,CN,CNY,1454836.97,2025-06-05,2025-09-12,SETTLED,INDUSTRIAL_EQUIPMENT,3,8,8,0,0,7,MEDIUM,0.485941,NORMAL,0.398359,0.453523,9.6,36.5,LOW
TF-2026-0002543,IMPORT_LC,CUST-00115,CP-01731,CA,MX,GBP,1300974.61,2025-01-05,2025-05-27,CLOSED,CHEMICALS,4,6,5,1,0,8,MEDIUM,0.488791,NORMAL,0.626011,0.443638,10.25,43.62,MEDIUM
TF-2026-0002544,GUARANTEE,CUST-00852,CP-00761,CA,GB,EUR,154605.96,2025-02-19,2025-06-22,ACTIVE,AUTO_PARTS,3,10,4,0,0,15,LOW,0.563769,NORMAL,0.394258,0.414291,8.38,47.92,MEDIUM
TF-2026-0002545,GUARANTEE,CUST-00440,CP-01159,CA,IN,JPY,127679.57,2025-09-04,2026-02-28,SETTLED,AGRICULTURE,5,4,8,0,0,15,MEDIUM,0.584276,NORMAL,0.387442,0.520932,11.02,58.33,MEDIUM
TF-2026-0002546,COLLECTION,CUST-00618,CP-02271,CA,US,GBP,716756.27,2025-03-25,2025-06-19,ACTIVE,CHEMICALS,3,7,14,0,1,6,MEDIUM,0.462976,NORMAL,0.30328,0.644882,11.71,36.83,LOW
TF-2026-0002547,COLLECTION,CUST-00202,CP-02547,CA,BR,GBP,134859.26,2024-11-08,2025-01-14,CLOSED,CHEMICALS,3,8,15,1,1,4,MEDIUM,0.494066,NORMAL,0.673193,0.670285,12.44,54.31,MEDIUM
TF-2026-0002548,GUARANTEE,CUST-00942,CP-02861,CA,SG,CNY,262869.29,2025-05-27,2025-11-17,ACTIVE,ELECTRONICS,3,4,10,0,0,8,HIGH,0.478899,NORMAL,0.415521,0.521187,11.24,42.97,MEDIUM
TF-2026-0002549,GUARANTEE,CUST-00695,CP-02978,CA,DE,JPY,67019.67,2025-05-10,2025-07-21,SETTLED,AGRICULTURE,0,10,2,0,0,0,LOW,0.625874,HIGH,0.286659,0.193788,4.91,40.26,MEDIUM
TF-2026-0002550,IMPORT_LC,CUST-01006,CP-00052,CA,SG,EUR,1139707.38,2025-12-29,2026-04-11,ACTIVE,ELECTRONICS,3,9,13,0,1,6,HIGH,0.496002,NORMAL,0.494475,0.676299,12.64,54.59,MEDIUM
TF-2026-0002551,COLLECTION,CUST-00375,CP-01260,CA,AE,GBP,549415.41,2024-11-18,2025-05-03,CLOSED,TEXTILES,5,4,21,1,1,4,MEDIUM,0.504298,NORMAL,0.619946,0.675199,12.53,55.53,MEDIUM
TF-2026-0002552,GUARANTEE,CUST-00549,CP-00401,CA,SG,CNY,121759.25,2025-07-10,2025-10-28,ACTIVE,ELECTRONICS,5,4,17,1,1,5,HIGH,0.541671,NORMAL,0.444118,0.813682,15.52,69.72,HIGH
TF-2026-0002553,GUARANTEE,CUST-01055,CP-03222,CA,FR,EUR,614669.36,2026-07-23,2026-12-20,CLOSED,AUTO_PARTS,5,10,24,0,1,13,HIGH,0.546972,NORMAL,0.32247,0.685253,17.02,62.63,MEDIUM
TF-2026-0002554,EXPORT_LC,CUST-00939,CP-02327,CA,FR,EUR,101568.07,2024-09-07,2025-03-01,CLOSED,AUTO_PARTS,5,7,6,1,0,3,LOW,0.546256,NORMAL,0.478047,0.713521,12.8,58.08,MEDIUM
TF-2026-0002555,IMPORT_LC,CUST-00568,CP-02868,CA,IN,JPY,1146381.55,2025-08-16,2025-11-11,SETTLED,INDUSTRIAL_EQUIPMENT,1,7,4,0,0,12,LOW,0.497,NORMAL,0.176,0.200467,6.39,18.62,LOW
TF-2026-0002556,IMPORT_LC,CUST-00944,CP-00993,CA,MX,JPY,783383.96,2026-01-23,2026-05-13,ACTIVE,TEXTILES,2,9,14,0,1,13,MEDIUM,0.504382,NORMAL,0.381525,0.520603,10.47,42.98,MEDIUM
TF-2026-0002557,EXPORT_LC,CUST-00363,CP-00824,CA,MX,USD,364013.66,2025-09-17,2025-11-18,ACTIVE,AGRICULTURE,2,6,10,1,0,8,HIGH,0.461846,NORMAL,0.564486,0.417085,10.55,41.64,MEDIUM
TF-2026-0002558,EXPORT_LC,CUST-01047,CP-01840,CA,AE,GBP,186762.97,2026-07-09,2026-12-30,ACTIVE,INDUSTRIAL_EQUIPMENT,2,8,20,0,1,4,LOW,0.489211,NORMAL,0.207723,0.673783,13.81,34.21,LOW
TF-2026-0002559,COLLECTION,CUST-00953,CP-01254,CA,MX,CNY,203546.66,2025-11-15,2026-05-06,SETTLED,AUTO_PARTS,3,4,6,0,0,12,HIGH,0.497879,NORMAL,0.442692,0.582264,11.9,50.22,MEDIUM
TF-2026-0002560,IMPORT_LC,CUST-00162,CP-03458,CA,IN,USD,675959.15,2025-12-07,2026-04-09,SETTLED,ELECTRONICS,1,3,11,0,1,14,MEDIUM,0.548929,NORMAL,0.188693,0.446442,9.13,45.61,MEDIUM
TF-2026-0002561,COLLECTION,CUST-00087,CP-00810,CA,DE,GBP,276149.81,2025-08-27,2026-02-17,SETTLED,TEXTILES,1,8,7,0,0,1,HIGH,0.505275,NORMAL,0.19166,0.126919,6.72,28.68,LOW
TF-2026-0002562,GUARANTEE,CUST-00505,CP-02594,CA,SG,GBP,437037.38,2025-07-22,2025-12-16,CLOSED,AGRICULTURE,1,6,1,0,0,6,MEDIUM,0.471412,NORMAL,0.0774,0.307739,5.28,19.04,LOW
TF-2026-0002563,IMPORT_LC,CUST-00054,CP-03031,CA,CN,GBP,935781.28,2025-03-31,2025-07-16,ACTIVE,AUTO_PARTS,2,6,6,0,0,2,LOW,0.492789,NORMAL,0.181494,0.269145,7.94,20.22,LOW
TF-2026-0002564,COLLECTION,CUST-00521,CP-00705,CA,CN,JPY,145438.52,2026-05-05,2026-10-12,CLOSED,CHEMICALS,0,8,6,0,0,5,MEDIUM,0.528979,NORMAL,0.105946,0.157312,6.41,28.59,LOW
TF-2026-0002565,IMPORT_LC,CUST-01098,CP-00118,CA,SG,USD,191728.08,2025-04-20,2025-09-25,SETTLED,CHEMICALS,4,6,9,0,0,7,HIGH,0.483102,NORMAL,0.501242,0.507289,10.68,45.82,MEDIUM
TF-2026-0002566,EXPORT_LC,CUST-00843,CP-03073,CA,FR,JPY,51018.22,2025-09-03,2026-02-06,CLOSED,ELECTRONICS,5,7,9,0,0,4,HIGH,0.575517,NORMAL,0.539879,0.570795,11.43,69.04,HIGH
TF-2026-0002567,COLLECTION,CUST-01015,CP-02060,CA,FR,GBP,41955.54,2026-07-02,2026-10-14,SETTLED,ELECTRONICS,5,3,11,0,1,4,MEDIUM,0.614355,HIGH,0.519187,0.726876,11.9,70.73,HIGH
TF-2026-0002568,IMPORT_LC,CUST-00588,CP-02238,CA,IN,JPY,509926.82,2026-08-06,2026-10-30,CLOSED,INDUSTRIAL_EQUIPMENT,1,4,13,0,1,13,MEDIUM,0.502313,NORMAL,0.144563,0.329449,7.45,28.51,LOW
TF-2026-0002569,GUARANTEE,CUST-00779,CP-00269,CA,BR,CAD,202387.42,2025-01-27,2025-07-26,SETTLED,AUTO_PARTS,2,4,5,0,0,10,MEDIUM,0.501452,NORMAL,0.208769,0.261422,7.16,27.81,LOW
TF-2026-0002570,COLLECTION,CUST-00366,CP-03457,CA,BR,CAD,57517.63,2025-11-02,2026-03-29,CLOSED,AUTO_PARTS,1,8,1,0,0,7,MEDIUM,0.540565,NORMAL,0.272878,0.122357,4.7,35.1,LOW
TF-2026-0002571,COLLECTION,CUST-00438,CP-01748,CA,CN,CAD,244673.22,2026-07-15,2026-11-13,SETTLED,TEXTILES,0,5,6,0,0,2,MEDIUM,0.521928,NORMAL,0.168444,0.203726,7.2,30.19,LOW
TF-2026-0002572,COLLECTION,CUST-01051,CP-00834,CA,US,USD,40841.28,2024-09-04,2025-01-04,ACTIVE,INDUSTRIAL_EQUIPMENT,4,3,18,0,1,6,MEDIUM,0.60138,HIGH,0.595982,0.688222,14.26,71.32,HIGH
TF-2026-0002573,EXPORT_LC,CUST-01044,CP-00084,CA,US,USD,129352.42,2025-11-02,2026-03-11,SETTLED,AUTO_PARTS,1,7,11,0,1,3,MEDIUM,0.50273,NORMAL,0.251326,0.480791,9.51,37.12,LOW
TF-2026-0002574,GUARANTEE,CUST-00145,CP-00488,CA,IN,GBP,234304.92,2025-11-11,2026-02-04,CLOSED,TEXTILES,1,4,16,0,1,15,LOW,0.537298,NORMAL,0.167981,0.316588,9.17,33.01,LOW
TF-2026-0002575,IMPORT_LC,CUST-00192,CP-02124,CA,AE,CNY,80595.36,2025-01-02,2025-05-27,ACTIVE,TEXTILES,5,7,16,0,1,13,HIGH,0.559326,NORMAL,0.418715,0.739933,14.55,69.49,HIGH
TF-2026-0002576,GUARANTEE,CUST-00326,CP-03471,CA,AE,CNY,97447.61,2026-08-11,2027-02-05,SETTLED,CHEMICALS,2,5,10,0,0,12,HIGH,0.531092,NORMAL,0.202196,0.366176,10.05,44.37,MEDIUM
TF-2026-0002577,IMPORT_LC,CUST-00639,CP-01403,CA,CN,USD,124470.96,2024-10-21,2025-03-25,ACTIVE,ELECTRONICS,5,7,19,0,1,13,LOW,0.537399,NORMAL,0.335714,0.794521,16.42,54.78,MEDIUM
TF-2026-0002578,GUARANTEE,CUST-01152,CP-02338,CA,CN,JPY,778426.82,2026-06-12,2026-09-25,ACTIVE,TEXTILES,2,5,1,0,0,6,HIGH,0.473734,NORMAL,0.281365,0.316655,6.92,30.86,LOW
TF-2026-0002579,GUARANTEE,CUST-00566,CP-02915,CA,US,GBP,894354.36,2025-02-15,2025-06-12,CLOSED,INDUSTRIAL_EQUIPMENT,0,5,17,0,1,2,LOW,0.526574,NORMAL,0.10295,0.36729,9.94,30.24,LOW
TF-2026-0002580,EXPORT_LC,CUST-00135,CP-02574,CA,GB,EUR,323395.73,2024-10-01,2025-03-17,ACTIVE,TEXTILES,1,10,9,0,0,14,LOW,0.543025,NORMAL,0.146956,0.321072,9.28,33.81,LOW
TF-2026-0002581,COLLECTION,CUST-00097,CP-00275,CA,CN,EUR,1788679.03,2026-06-21,2026-12-10,CLOSED,TEXTILES,5,8,3,1,0,4,MEDIUM,0.539545,NORMAL,0.745397,0.514236,9.42,62.82,MEDIUM
TF-2026-0002582,COLLECTION,CUST-00219,CP-02819,CA,FR,JPY,930784.25,2026-06-09,2026-11-13,CLOSED,INDUSTRIAL_EQUIPMENT,0,10,8,0,0,4,MEDIUM,0.551412,NORMAL,0.16972,0.220125,6.55,37.62,LOW
TF-2026-0002583,COLLECTION,CUST-00139,CP-02356,CA,US,GBP,415104.42,2025-08-05,2026-01-02,SETTLED,INDUSTRIAL_EQUIPMENT,1,4,9,1,0,13,MEDIUM,0.499647,NORMAL,0.468972,0.205348,8.39,33.23,LOW
TF-2026-0002584,IMPORT_LC,CUST-00113,CP-00794,CA,JP,JPY,43473.09,2025-05-15,2025-10-03,SETTLED,AGRICULTURE,0,3,7,0,0,5,MEDIUM,0.615224,HIGH,0.183269,0.114291,5.36,39.23,LOW
TF-2026-0002585,EXPORT_LC,CUST-00227,CP-02965,CA,GB,CAD,1796191.43,2025-11-04,2026-03-23,ACTIVE,ELECTRONICS,5,8,20,0,1,5,HIGH,0.536278,NORMAL,0.535094,0.736802,16.95,68.49,HIGH
TF-2026-0002586,GUARANTEE,CUST-01044,CP-03356,CA,DE,CNY,393616.33,2025-03-19,2025-06-01,CLOSED,INDUSTRIAL_EQUIPMENT,4,9,7,0,0,10,MEDIUM,0.491814,NORMAL,0.517332,0.566661,11.03,45.46,MEDIUM
TF-2026-0002587,IMPORT_LC,CUST-00393,CP-03032,CA,AE,GBP,1136939.15,2025-08-20,2026-02-06,CLOSED,AUTO_PARTS,1,10,13,0,1,15,LOW,0.573222,NORMAL,0.2835,0.269049,8.65,40.57,MEDIUM
TF-2026-0002588,IMPORT_LC,CUST-01007,CP-00609,CA,DE,USD,1272267.47,2026-01-22,2026-06-20,CLOSED,CHEMICALS,5,6,10,0,0,4,LOW,0.514293,NORMAL,0.377492,0.605154,12.95,43.51,MEDIUM
TF-2026-0002589,GUARANTEE,CUST-00609,CP-01992,CA,IN,CAD,319170.65,2025-09-16,2026-02-24,ACTIVE,ELECTRONICS,1,9,14,0,1,10,MEDIUM,0.489324,NORMAL,0.228089,0.480059,10.3,33.08,LOW
TF-2026-0002590,COLLECTION,CUST-01016,CP-03076,CA,IN,CAD,1768483.14,2025-08-13,2026-01-16,SETTLED,AGRICULTURE,0,7,6,0,0,11,MEDIUM,0.538408,NORMAL,0.295896,0.221946,4.93,38.81,LOW
TF-2026-0002591,EXPORT_LC,CUST-00341,CP-01625,CA,GB,GBP,544542.95,2024-09-07,2024-11-26,ACTIVE,ELECTRONICS,1,7,6,0,0,6,MEDIUM,0.47152,NORMAL,0.183649,0.197001,6.75,18.37,LOW
TF-2026-0002592,IMPORT_LC,CUST-00295,CP-01417,CA,FR,CNY,83470.07,2025-03-07,2025-07-10,ACTIVE,TEXTILES,0,5,11,0,1,12,MEDIUM,0.568883,NORMAL,0.141442,0.312208,6.83,42.45,MEDIUM
TF-2026-0002593,EXPORT_LC,CUST-01012,CP-01104,CA,DE,JPY,992097.82,2025-01-22,2025-04-25,ACTIVE,CHEMICALS,1,9,12,0,1,15,MEDIUM,0.551789,NORMAL,0.158224,0.451608,10.1,45.46,MEDIUM
TF-2026-0002594,GUARANTEE,CUST-00078,CP-03266,CA,FR,JPY,313216.96,2024-09-06,2024-12-06,ACTIVE,AGRICULTURE,2,3,2,0,0,2,HIGH,0.531462,NORMAL,0.18481,0.469474,9.62,47.5,MEDIUM
TF-2026-0002595,IMPORT_LC,CUST-00037,CP-02691,CA,JP,CAD,626126.55,2025-08-07,2025-12-06,SETTLED,AUTO_PARTS,4,8,13,0,1,13,LOW,0.495848,NORMAL,0.310119,0.814513,13.39,43.86,MEDIUM
TF-2026-0002596,GUARANTEE,CUST-00661,CP-03064,CA,DE,USD,369150.61,2026-06-08,2026-09-25,ACTIVE,CHEMICALS,5,5,16,0,1,6,MEDIUM,0.497646,NORMAL,0.485576,0.808692,14.78,54.37,MEDIUM
TF-2026-0002597,EXPORT_LC,CUST-01131,CP-02816,CA,FR,CNY,712516.7,2024-08-15,2025-01-28,SETTLED,CHEMICALS,5,6,18,0,1,9,LOW,0.489848,NORMAL,0.542352,0.81963,16.77,49.52,MEDIUM
TF-2026-0002598,IMPORT_LC,CUST-00076,CP-03000,CA,BR,CAD,234502.58,2024-11-16,2025-03-09,ACTIVE,AUTO_PARTS,3,7,12,0,1,7,MEDIUM,0.463069,NORMAL,0.505397,0.591359,11.02,41.04,MEDIUM
TF-2026-0002599,EXPORT_LC,CUST-00826,CP-00825,CA,AE,EUR,666273.08,2025-03-07,2025-06-19,ACTIVE,INDUSTRIAL_EQUIPMENT,4,5,16,1,1,9,MEDIUM,0.474635,NORMAL,0.677914,0.73082,13.28,52.4,MEDIUM
TF-2026-0002600,EXPORT_LC,CUST-00707,CP-01918,CA,US,GBP,217040.15,2025-02-15,2025-05-27,ACTIVE,AUTO_PARTS,4,4,7,1,0,5,LOW,0.501331,NORMAL,0.662284,0.511728,10.1,45.15,MEDIUM
TF-2026-0002601,EXPORT_LC,CUST-00501,CP-00068,CA,JP,JPY,148242.17,2025-04-08,2025-06-24,ACTIVE,AGRICULTURE,5,3,15,1,1,10,MEDIUM,0.564331,NORMAL,0.65672,0.733361,14.13,72.03,HIGH
TF-2026-0002602,COLLECTION,CUST-00559,CP-01363,CA,DE,JPY,331522.32,2026-02-11,2026-07-13,CLOSED,CHEMICALS,4,4,12,1,1,6,MEDIUM,0.493778,NORMAL,0.659182,0.689722,13.6,54.49,MEDIUM
TF-2026-0002603,GUARANTEE,CUST-00048,CP-02721,CA,FR,USD,289026.64,2024-08-26,2024-12-22,CLOSED,AGRICULTURE,5,8,15,0,1,2,LOW,0.518326,NORMAL,0.459915,0.834263,15.01,55.07,MEDIUM
TF-2026-0002604,EXPORT_LC,CUST-01143,CP-00034,CA,JP,JPY,557796.9,2025-05-20,2025-10-03,ACTIVE,INDUSTRIAL_EQUIPMENT,1,10,9,0,0,10,HIGH,0.514748,NORMAL,0.189399,0.198782,8.6,33.77,LOW
TF-2026-0002605,IMPORT_LC,CUST-01160,CP-01431,CA,BR,JPY,485737.64,2025-01-21,2025-04-14,CLOSED,AGRICULTURE,0,5,1,0,0,0,HIGH,0.546055,NORMAL,0.213388,0.185091,4.51,41.6,MEDIUM
TF-2026-0002606,COLLECTION,CUST-00692,CP-00056,CA,IN,GBP,509759.72,2024-12-29,2025-06-14,SETTLED,INDUSTRIAL_EQUIPMENT,1,9,10,0,0,8,LOW,0.482291,NORMAL,0.167672,0.201963,9.3,14.94,LOW
TF-2026-0002607,IMPORT_LC,CUST-00965,CP-00096,CA,BR,GBP,1165223.65,2025-05-16,2025-09-02,CLOSED,INDUSTRIAL_EQUIPMENT,3,5,15,1,1,10,HIGH,0.487852,NORMAL,0.41708,0.699867,13.08,51.12,MEDIUM
TF-2026-0002608,COLLECTION,CUST-01084,CP-00590,CA,MX,CAD,2628456.46,2025-03-18,2025-09-03,CLOSED,TEXTILES,5,10,14,0,1,9,HIGH,0.584594,NORMAL,0.404692,0.810254,14.24,74.0,HIGH
TF-2026-0002609,IMPORT_LC,CUST-00899,CP-01219,CA,IN,EUR,158029.58,2025-02-21,2025-05-14,SETTLED,CHEMICALS,1,7,7,0,0,9,MEDIUM,0.48986,NORMAL,0.196934,0.251362,6.93,24.27,LOW
TF-2026-0002610,IMPORT_LC,CUST-00654,CP-01382,CA,SG,JPY,1039291.22,2026-02-09,2026-06-07,CLOSED,INDUSTRIAL_EQUIPMENT,1,10,14,0,1,0,HIGH,0.569515,NORMAL,0.195251,0.464341,10.5,54.45,MEDIUM
TF-2026-0002611,COLLECTION,CUST-00139,CP-03281,CA,IN,GBP,388490.64,2025-02-05,2025-06-05,SETTLED,ELECTRONICS,5,5,11,0,1,8,MEDIUM,0.492414,NORMAL,0.434753,0.830689,13.05,52.39,MEDIUM
TF-2026-0002612,EXPORT_LC,CUST-00679,CP-00107,CA,CN,CAD,1337903.3,2024-12-21,2025-02-22,CLOSED,ELECTRONICS,2,3,8,0,0,3,HIGH,0.549938,NORMAL,0.264426,0.454249,8.26,53.35,MEDIUM
TF-2026-0002613,COLLECTION,CUST-00405,CP-01885,CA,MX,CNY,493119.75,2024-10-28,2025-04-11,SETTLED,INDUSTRIAL_EQUIPMENT,0,7,10,0,0,1,LOW,0.524955,NORMAL,0.240843,0.131734,7.97,25.65,LOW
TF-2026-0002614,EXPORT_LC,CUST-00066,CP-02328,CA,IN,USD,297170.97,2026-07-28,2026-11-07,ACTIVE,INDUSTRIAL_EQUIPMENT,0,4,3,0,0,3,HIGH,0.519927,NORMAL,0.13153,0.25564,5.11,35.32,LOW
TF-2026-0002615,GUARANTEE,CUST-00651,CP-00188,CA,AE,GBP,217712.46,2026-02-19,2026-08-14,SETTLED,CHEMICALS,5,7,12,1,1,9,MEDIUM,0.493053,NORMAL,0.440301,0.779925,13.01,50.93,MEDIUM
TF-2026-0002616,EXPORT_LC,CUST-00894,CP-02204,CA,IN,EUR,792354.32,2026-03-17,2026-05-22,ACTIVE,CHEMICALS,1,9,1,0,0,10,MEDIUM,0.495268,NORMAL,0.171916,0.287564,6.41,26.15,LOW
TF-2026-0002617,COLLECTION,CUST-00289,CP-01505,CA,GB,JPY,1179798.59,2026-07-27,2026-12-16,CLOSED,AUTO_PARTS,3,6,3,0,0,8,MEDIUM,0.472766,NORMAL,0.332685,0.437501,6.66,31.49,LOW
TF-2026-0002618,IMPORT_LC,CUST-01011,CP-02100,CA,CN,GBP,165376.4,2026-01-22,2026-06-19,ACTIVE,CHEMICALS,0,3,11,0,1,9,LOW,0.565244,NORMAL,0.194773,0.359504,7.92,40.24,MEDIUM
TF-2026-0002619,IMPORT_LC,CUST-01077,CP-03206,CA,SG,CNY,1955002.27,2025-03-08,2025-08-29,ACTIVE,CHEMICALS,5,10,23,1,1,7,MEDIUM,0.569972,NORMAL,0.542171,0.787652,17.9,71.23,HIGH
TF-2026-0002620,GUARANTEE,CUST-00629,CP-00849,CA,DE,EUR,502100.58,2025-11-04,2026-03-01,SETTLED,INDUSTRIAL_EQUIPMENT,4,4,17,1,1,11,LOW,0.496863,NORMAL,0.645617,0.781327,14.39,52.99,MEDIUM
TF-2026-0002621,EXPORT_LC,CUST-01040,CP-00281,CA,AE,USD,332800.76,2025-02-07,2025-05-28,CLOSED,AGRICULTURE,0,3,1,0,0,15,LOW,0.588598,NORMAL,0.256665,0.372167,4.16,44.44,MEDIUM
TF-2026-0002622,COLLECTION,CUST-01199,CP-00733,CA,BR,USD,773841.04,2025-02-21,2025-07-30,CLOSED,AUTO_PARTS,2,10,11,0,1,13,HIGH,0.519856,NORMAL,0.287632,0.523926,9.25,49.36,MEDIUM
TF-2026-0002623,EXPORT_LC,CUST-00535,CP-01490,CA,BR,JPY,228662.6,2026-01-22,2026-03-24,CLOSED,CHEMICALS,1,9,7,0,0,5,MEDIUM,0.488324,NORMAL,0.105948,0.322318,7.76,23.64,LOW
TF-2026-0002624,IMPORT_LC,CUST-00128,CP-00881,CA,US,GBP,201217.86,2025-05-16,2025-10-12,ACTIVE,ELECTRONICS,3,4,13,1,1,5,LOW,0.49238,NORMAL,0.651443,0.620482,11.89,46.52,MEDIUM
TF-2026-0002625,COLLECTION,CUST-00279,CP-00497,CA,SG,GBP,73149.89,2024-09-17,2025-02-24,ACTIVE,TEXTILES,4,6,15,0,1,15,HIGH,0.578076,NORMAL,0.463982,0.666813,11.61,70.29,HIGH
TF-2026-0002626,IMPORT_LC,CUST-00158,CP-00883,CA,GB,JPY,193408.6,2025-08-03,2025-12-18,SETTLED,ELECTRONICS,4,7,5,0,0,12,MEDIUM,0.497712,NORMAL,0.440555,0.528062,9.32,43.22,MEDIUM
TF-2026-0002627,GUARANTEE,CUST-00925,CP-00469,CA,SG,GBP,253372.09,2025-01-03,2025-04-06,ACTIVE,INDUSTRIAL_EQUIPMENT,4,7,1,0,0,2,HIGH,0.501671,NORMAL,0.430561,0.51245,9.12,48.33,MEDIUM
TF-2026-0002628,GUARANTEE,CUST-00557,CP-01270,CA,FR,JPY,806017.62,2026-02-04,2026-05-09,ACTIVE,CHEMICALS,3,6,13,0,1,8,MEDIUM,0.463524,NORMAL,0.374102,0.688694,11.91,40.56,MEDIUM
TF-2026-0002629,IMPORT_LC,CUST-00339,CP-00204,CA,DE,JPY,83356.01,2026-07-06,2026-11-24,CLOSED,TEXTILES,0,9,7,0,0,5,LOW,0.56021,NORMAL,0.191224,0.238391,6.84,35.22,LOW
TF-2026-0002630,IMPORT_LC,CUST-01129,CP-01968,CA,SG,EUR,87247.23,2024-08-24,2024-12-15,SETTLED,AGRICULTURE,0,7,4,0,0,7,HIGH,0.546461,NORMAL,0.127816,0.176789,6.07,38.86,LOW
TF-2026-0002631,IMPORT_LC,CUST-00866,CP-02466,CA,DE,USD,487864.24,2026-01-05,2026-07-03,ACTIVE,AUTO_PARTS,4,4,19,1,1,1,MEDIUM,0.51267,NORMAL,0.674477,0.795475,15.06,63.58,MEDIUM
TF-2026-0002632,IMPORT_LC,CUST-00819,CP-01017,CA,DE,EUR,141662.26,2025-10-02,2025-12-03,CLOSED,INDUSTRIAL_EQUIPMENT,4,8,14,0,1,11,MEDIUM,0.508211,NORMAL,0.410727,0.733943,12.45,52.25,MEDIUM
TF-2026-0002633,EXPORT_LC,CUST-00667,CP-01843,CA,MX,JPY,767338.78,2025-01-28,2025-04-13,CLOSED,ELECTRONICS,3,5,9,0,0,7,LOW,0.470966,NORMAL,0.43919,0.672965,11.66,37.61,LOW
TF-2026-0002634,IMPORT_LC,CUST-01016,CP-01033,CA,SG,JPY,932154.92,2025-12-27,2026-05-20,ACTIVE,CHEMICALS,5,7,11,1,1,4,MEDIUM,0.499011,NORMAL,0.480626,0.835402,12.8,55.49,MEDIUM
TF-2026-0002635,EXPORT_LC,CUST-00284,CP-00645,CA,FR,JPY,211557.05,2025-06-05,2025-08-09,SETTLED,AUTO_PARTS,1,6,9,0,0,10,LOW,0.483601,NORMAL,0.188316,0.246512,8.24,17.42,LOW
TF-2026-0002636,EXPORT_LC,CUST-00626,CP-02793,CA,AE,GBP,617032.61,2025-11-07,2026-04-18,CLOSED,AUTO_PARTS,1,3,15,0,1,3,LOW,0.529289,NORMAL,0.203141,0.523978,11.47,39.43,LOW
TF-2026-0002637,IMPORT_LC,CUST-00350,CP-02456,CA,CN,JPY,1700261.76,2025-05-22,2025-07-24,ACTIVE,TEXTILES,3,8,14,0,1,7,HIGH,0.493388,NORMAL,0.3462,0.545145,11.61,44.95,MEDIUM
TF-2026-0002638,GUARANTEE,CUST-00170,CP-01129,CA,BR,JPY,129942.67,2025-08-20,2025-11-06,SETTLED,TEXTILES,2,7,14,0,1,6,LOW,0.490008,NORMAL,0.343218,0.605733,12.65,36.1,LOW
TF-2026-0002639,GUARANTEE,CUST-01092,CP-00874,CA,GB,CNY,424537.39,2026-01-17,2026-04-12,CLOSED,INDUSTRIAL_EQUIPMENT,3,6,7,1,0,4,LOW,0.468606,NORMAL,0.596731,0.523598,10.27,36.85,LOW
TF-2026-0002640,COLLECTION,CUST-00911,CP-01442,CA,MX,GBP,88972.54,2025-05-16,2025-10-06,ACTIVE,TEXTILES,0,8,7,0,0,6,MEDIUM,0.553014,NORMAL,0.199076,0.200404,6.96,38.09,LOW
TF-2026-0002641,EXPORT_LC,CUST-00687,CP-03123,CA,DE,CAD,101911.49,2025-01-25,2025-04-19,SETTLED,AUTO_PARTS,5,6,14,0,1,4,HIGH,0.5449,NORMAL,0.582157,0.788544,13.98,73.56,HIGH
TF-2026-0002642,COLLECTION,CUST-00081,CP-03274,CA,DE,JPY,534629.65,2025-07-02,2025-12-05,ACTIVE,CHEMICALS,5,9,12,1,1,8,LOW,0.505439,NORMAL,0.604705,0.822455,12.38,55.49,MEDIUM
TF-2026-0002643,COLLECTION,CUST-01149,CP-00404,CA,BR,EUR,110845.17,2024-12-31,2025-04-09,CLOSED,TEXTILES,4,4,13,0,1,9,HIGH,0.5249,NORMAL,0.585307,0.683113,11.38,65.27,HIGH
TF-2026-0002644,EXPORT_LC,CUST-00908,CP-01512,CA,MX,CNY,1566908.53,2026-01-30,2026-04-16,CLOSED,INDUSTRIAL_EQUIPMENT,3,6,11,0,1,8,LOW,0.485198,NORMAL,0.549763,0.738263,11.74,45.83,MEDIUM
TF-2026-0002645,COLLECTION,CUST-00145,CP-03382,CA,GB,EUR,705566.57,2026-05-04,2026-08-09,SETTLED,AUTO_PARTS,5,4,18,0,1,10,LOW,0.515005,NORMAL,0.521194,0.75826,15.29,53.39,MEDIUM
TF-2026-0002646,COLLECTION,CUST-00768,CP-02437,CA,DE,CAD,537709.18,2025-04-16,2025-06-15,SETTLED,ELECTRONICS,0,3,6,1,0,5,MEDIUM,0.536184,NORMAL,0.510384,0.28128,7.69,46.79,MEDIUM
TF-2026-0002647,EXPORT_LC,CUST-01154,CP-00332,CA,SG,GBP,713143.38,2026-01-18,2026-05-29,ACTIVE,TEXTILES,1,4,13,0,1,7,MEDIUM,0.491817,NORMAL,0.187319,0.490848,10.1,32.91,LOW
TF-2026-0002648,EXPORT_LC,CUST-01030,CP-03413,CA,JP,GBP,195946.19,2026-03-17,2026-09-09,CLOSED,CHEMICALS,0,4,1,1,0,15,MEDIUM,0.570654,NORMAL,0.452252,0.165532,4.0,46.83,MEDIUM
TF-2026-0002649,IMPORT_LC,CUST-00200,CP-01483,CA,DE,CAD,96566.97,2026-05-03,2026-08-07,ACTIVE,AUTO_PARTS,5,10,15,0,1,2,MEDIUM,0.594347,HIGH,0.425679,0.769495,14.27,68.76,HIGH
TF-2026-0002650,EXPORT_LC,CUST-00158,CP-02445,CA,MX,USD,583499.28,2024-08-17,2024-11-06,ACTIVE,CHEMICALS,3,8,8,0,0,14,MEDIUM,0.499972,NORMAL,0.331021,0.526249,12.39,40.41,MEDIUM
TF-2026-0002651,COLLECTION,CUST-00763,CP-00162,CA,AE,EUR,10337034.11,2024-12-25,2025-03-31,CLOSED,AUTO_PARTS,4,6,21,0,1,3,LOW,0.59197,HIGH,0.600573,0.602667,13.13,63.02,MEDIUM
TF-2026-0002652,COLLECTION,CUST-00786,CP-00916,CA,JP,USD,1155961.68,2026-07-12,2026-10-13,CLOSED,TEXTILES,1,8,13,0,1,5,MEDIUM,0.4881,NORMAL,0.245957,0.506633,10.47,34.25,LOW
TF-2026-0002653,IMPORT_LC,CUST-00013,CP-00589,CA,FR,JPY,248569.22,2025-01-07,2025-06-25,CLOSED,AGRICULTURE,1,5,11,0,1,6,LOW,0.482253,NORMAL,0.144889,0.468702,9.26,23.58,LOW
TF-2026-0002654,EXPORT_LC,CUST-00856,CP-01238,CA,CN,USD,58018.78,2026-05-27,2026-11-03,SETTLED,AGRICULTURE,0,8,6,0,0,2,MEDIUM,0.58562,NORMAL,0.171434,0.153802,5.57,39.08,LOW
TF-2026-0002655,GUARANTEE,CUST-00354,CP-00511,CA,SG,JPY,487736.63,2026-07-15,2026-11-07,ACTIVE,TEXTILES,4,6,11,1,1,13,HIGH,0.496064,NORMAL,0.616573,0.753221,12.08,60.98,MEDIUM
TF-2026-0002656,GUARANTEE,CUST-01146,CP-01416,CA,GB,GBP,574127.51,2026-04-21,2026-08-21,SETTLED,AUTO_PARTS,5,9,9,1,0,3,LOW,0.523327,NORMAL,0.645753,0.570966,11.8,52.73,MEDIUM
TF-2026-0002657,IMPORT_LC,CUST-00375,CP-02254,CA,IN,CNY,194552.79,2026-03-02,2026-05-24,CLOSED,AGRICULTURE,2,9,4,0,0,7,MEDIUM,0.488494,NORMAL,0.369632,0.261885,7.43,29.49,LOW
TF-2026-0002658,EXPORT_LC,CUST-01005,CP-02716,CA,AE,USD,457291.31,2025-07-13,2025-12-06,ACTIVE,AGRICULTURE,5,4,10,1,0,2,MEDIUM,0.511965,NORMAL,0.707704,0.592188,12.98,57.26,MEDIUM
TF-2026-0002659,COLLECTION,CUST-00127,CP-01383,CA,AE,CAD,368731.66,2025-04-13,2025-07-07,ACTIVE,INDUSTRIAL_EQUIPMENT,0,5,6,1,0,13,LOW,0.519314,NORMAL,0.576,0.239408,6.32,37.98,LOW
TF-2026-0002660,EXPORT_LC,CUST-00505,CP-02059,CA,BR,JPY,40613.53,2025-02-02,2025-07-18,SETTLED,ELECTRONICS,2,8,8,0,0,7,MEDIUM,0.551742,NORMAL,0.378592,0.361879,8.46,48.91,MEDIUM
TF-2026-0002661,IMPORT_LC,CUST-00885,CP-01594,CA,IN,CNY,1387099.91,2025-05-09,2025-10-27,CLOSED,AUTO_PARTS,3,5,6,0,0,13,HIGH,0.513919,NORMAL,0.30913,0.326333,9.82,41.58,MEDIUM
TF-2026-0002662,COLLECTION,CUST-00404,CP-01977,CA,US,CAD,65915.57,2026-07-05,2026-11-13,ACTIVE,CHEMICALS,2,4,4,0,0,6,LOW,0.542334,NORMAL,0.215229,0.302544,6.88,35.08,LOW
TF-2026-0002663,GUARANTEE,CUST-00556,CP-01417,CA,FR,EUR,291656.25,2026-06-16,2026-08-29,CLOSED,ELECTRONICS,5,10,9,0,0,12,MEDIUM,0.542692,NORMAL,0.514656,0.530328,11.96,57.09,MEDIUM
TF-2026-0002664,IMPORT_LC,CUST-00266,CP-02614,CA,JP,USD,563458.61,2026-07-04,2026-12-16,SETTLED,TEXTILES,3,6,15,0,1,3,MEDIUM,0.473784,NORMAL,0.349004,0.679014,13.04,40.58,MEDIUM
TF-2026-0002665,COLLECTION,CUST-00884,CP-00090,CA,US,USD,215187.96,2026-06-28,2026-09-30,SETTLED,TEXTILES,5,4,11,0,1,4,LOW,0.522282,NORMAL,0.454692,0.730826,13.92,52.31,MEDIUM
TF-2026-0002666,EXPORT_LC,CUST-01146,CP-01797,CA,DE,GBP,9103461.65,2024-11-26,2025-03-09,SETTLED,AGRICULTURE,5,5,12,1,1,1,LOW,0.624168,HIGH,0.292325,0.735653,10.3,59.39,MEDIUM
TF-2026-0002667,COLLECTION,CUST-00052,CP-00951,CA,US,GBP,1088418.02,2025-06-13,2025-09-12,ACTIVE,CHEMICALS,0,9,5,0,0,15,LOW,0.577042,NORMAL,0.156284,0.21919,5.78,35.35,LOW
TF-2026-0002668,GUARANTEE,CUST-00547,CP-03337,CA,SG,EUR,778225.63,2025-07-25,2026-01-02,ACTIVE,AGRICULTURE,4,7,12,0,1,4,HIGH,0.484774,NORMAL,0.426156,0.678182,11.84,49.94,MEDIUM
TF-2026-0002669,COLLECTION,CUST-00618,CP-02669,CA,BR,JPY,944514.4,2026-07-25,2026-09-26,CLOSED,CHEMICALS,2,4,4,0,0,1,MEDIUM,0.511067,NORMAL,0.267709,0.294506,6.16,33.4,LOW
TF-2026-0002670,COLLECTION,CUST-00063,CP-00637,CA,SG,USD,941729.8,2024-08-30,2024-11-04,SETTLED,CHEMICALS,2,10,12,1,1,3,LOW,0.516167,NORMAL,0.217164,0.668001,11.27,41.47,MEDIUM
TF-2026-0002671,GUARANTEE,CUST-00912,CP-00029,CA,FR,CNY,204630.78,2024-10-14,2025-02-03,SETTLED,ELECTRONICS,0,4,3,0,0,4,LOW,0.525335,NORMAL,0.115596,0.241036,4.39,25.85,LOW
TF-2026-0002672,COLLECTION,CUST-00278,CP-02056,CA,DE,CAD,112237.64,2024-11-06,2025-05-02,CLOSED,AUTO_PARTS,2,5,12,0,1,14,HIGH,0.543137,NORMAL,0.295669,0.529426,10.64,55.58,MEDIUM
TF-2026-0002673,IMPORT_LC,CUST-00432,CP-01730,CA,SG,JPY,153593.49,2025-02-18,2025-06-28,CLOSED,INDUSTRIAL_EQUIPMENT,0,7,6,0,0,6,HIGH,0.521752,NORMAL,0.126555,0.31696,7.68,37.85,LOW
TF-2026-0002674,EXPORT_LC,CUST-00224,CP-00740,CA,MX,JPY,823572.22,2024-11-26,2025-03-16,ACTIVE,AUTO_PARTS,2,4,13,0,1,11,HIGH,0.493238,NORMAL,0.356495,0.575539,11.27,46.28,MEDIUM
TF-2026-0002675,GUARANTEE,CUST-00869,CP-00113,CA,BR,USD,478281.8,2025-04-22,2025-09-13,CLOSED,ELECTRONICS,4,8,21,1,1,8,MEDIUM,0.467227,NORMAL,0.669637,0.752368,12.78,51.94,MEDIUM
TF-2026-0002676,IMPORT_LC,CUST-00163,CP-01485,CA,SG,CNY,334231.45,2025-09-28,2026-02-28,CLOSED,AUTO_PARTS,3,3,8,1,0,0,HIGH,0.555913,NORMAL,0.593793,0.412568,7.57,62.78,MEDIUM
TF-2026-0002677,IMPORT_LC,CUST-00644,CP-03382,CA,GB,EUR,1414067.94,2025-12-20,2026-06-16,ACTIVE,ELECTRONICS,1,5,11,0,1,10,HIGH,0.50158,NORMAL,0.158672,0.394772,9.05,36.01,LOW
TF-2026-0002678,IMPORT_LC,CUST-00898,CP-01199,CA,AE,JPY,1169848.34,2025-01-04,2025-04-30,ACTIVE,ELECTRONICS,3,9,9,0,0,9,HIGH,0.489278,NORMAL,0.429888,0.461867,10.45,43.48,MEDIUM
TF-2026-0002679,EXPORT_LC,CUST-00303,CP-03076,CA,IN,CAD,185139.02,2025-01-05,2025-05-14,SETTLED,INDUSTRIAL_EQUIPMENT,0,9,9,1,0,11,LOW,0.53349,NORMAL,0.519136,0.155677,7.56,37.07,LOW
TF-2026-0002680,IMPORT_LC,CUST-00883,CP-01718,CA,AE,GBP,952177.23,2025-08-19,2025-10-24,ACTIVE,ELECTRONICS,2,8,14,0,1,14,MEDIUM,0.507291,NORMAL,0.244601,0.478404,9.15,38.12,LOW
TF-2026-0002681,GUARANTEE,CUST-00531,CP-00861,CA,FR,CNY,62020.69,2024-09-16,2025-03-08,ACTIVE,AGRICULTURE,3,4,14,0,1,6,LOW,0.541039,NORMAL,0.306597,0.689086,12.22,51.09,MEDIUM
TF-2026-0002682,EXPORT_LC,CUST-00106,CP-00103,CA,CN,USD,684931.58,2025-10-14,2026-03-02,CLOSED,CHEMICALS,1,7,4,0,0,6,HIGH,0.471431,NORMAL,0.094821,0.357872,8.66,26.33,LOW
TF-2026-0002683,IMPORT_LC,CUST-00042,CP-03469,CA,JP,JPY,888070.4,2025-01-02,2025-06-25,SETTLED,INDUSTRIAL_EQUIPMENT,5,9,11,0,1,7,LOW,0.513326,NORMAL,0.428634,0.818714,13.29,52.19,MEDIUM
TF-2026-0002684,IMPORT_LC,CUST-00951,CP-01576,CA,AE,CNY,985744.51,2025-03-22,2025-08-31,ACTIVE,CHEMICALS,5,6,16,0,1,13,LOW,0.521429,NORMAL,0.418037,0.820143,15.12,54.11,MEDIUM
TF-2026-0002685,EXPORT_LC,CUST-00241,CP-02859,CA,AE,JPY,554781.66,2025-08-09,2025-10-20,SETTLED,ELECTRONICS,4,5,20,0,1,6,MEDIUM,0.475535,NORMAL,0.563188,0.814611,15.7,52.03,MEDIUM
TF-2026-0002686,IMPORT_LC,CUST-00117,CP-02417,CA,GB,CNY,225591.03,2026-05-10,2026-08-24,CLOSED,TEXTILES,4,6,12,0,1,2,LOW,0.500608,NORMAL,0.509226,0.726935,13.14,47.95,MEDIUM
TF-2026-0002687,IMPORT_LC,CUST-00855,CP-01574,CA,GB,USD,673771.62,2026-02-16,2026-06-17,SETTLED,INDUSTRIAL_EQUIPMENT,3,6,8,0,0,5,HIGH,0.468217,NORMAL,0.275587,0.345926,8.75,30.98,LOW
TF-2026-0002688,EXPORT_LC,CUST-00841,CP-00262,CA,MX,GBP,1491312.61,2025-10-19,2026-01-31,SETTLED,ELECTRONICS,2,8,12,0,1,7,HIGH,0.495284,NORMAL,0.280818,0.553804,10.83,43.74,MEDIUM
TF-2026-0002689,COLLECTION,CUST-00146,CP-01120,CA,JP,EUR,531399.18,2025-02-23,2025-08-06,CLOSED,CHEMICALS,2,5,5,0,0,9,LOW,0.468668,NORMAL,0.191324,0.450663,9.27,22.15,LOW
TF-2026-0002690,COLLECTION,CUST-00855,CP-02156,CA,SG,EUR,392886.72,2025-10-27,2026-04-12,ACTIVE,AUTO_PARTS,2,5,5,0,0,9,HIGH,0.467089,NORMAL,0.304552,0.3299,8.37,31.19,LOW
TF-2026-0002691,IMPORT_LC,CUST-00280,CP-00664,CA,MX,CAD,159480.1,2024-12-26,2025-03-27,CLOSED,TEXTILES,5,8,16,1,1,0,MEDIUM,0.5812,NORMAL,0.627775,0.795192,14.52,74.91,HIGH
TF-2026-0002692,GUARANTEE,CUST-00200,CP-02324,CA,AE,EUR,1160500.3,2026-02-14,2026-04-15,ACTIVE,TEXTILES,4,8,12,0,1,9,MEDIUM,0.481367,NORMAL,0.383797,0.721438,13.01,44.43,MEDIUM
TF-2026-0002693,EXPORT_LC,CUST-00612,CP-02956,CA,IN,GBP,1345483.17,2025-05-01,2025-08-25,SETTLED,TEXTILES,3,5,7,0,0,2,LOW,0.512771,NORMAL,0.294427,0.352669,8.76,31.71,LOW
TF-2026-0002694,IMPORT_LC,CUST-01200,CP-02871,CA,GB,CAD,2075106.37,2024-09-16,2025-02-06,CLOSED,AGRICULTURE,5,3,11,1,1,1,MEDIUM,0.59924,HIGH,0.449761,0.831207,13.58,71.87,HIGH
TF-2026-0002695,GUARANTEE,CUST-00906,CP-01586,CA,JP,CNY,728859.91,2026-01-29,2026-07-01,SETTLED,TEXTILES,3,6,12,1,1,9,MEDIUM,0.465262,NORMAL,0.471396,0.655054,11.27,42.42,MEDIUM
TF-2026-0002696,IMPORT_LC,CUST-00421,CP-00672,CA,US,USD,370615.24,2025-02-09,2025-07-09,ACTIVE,AGRICULTURE,5,5,15,0,1,4,LOW,0.50125,NORMAL,0.392219,0.726489,13.67,44.55,MEDIUM
TF-2026-0002697,EXPORT_LC,CUST-00590,CP-03332,CA,BR,GBP,745262.66,2025-02-17,2025-06-26,ACTIVE,AGRICULTURE,4,10,20,0,1,10,MEDIUM,0.515271,NORMAL,0.36112,0.856724,16.14,57.1,MEDIUM
TF-2026-0002698,EXPORT_LC,CUST-00872,CP-00340,CA,SG,GBP,197023.41,2025-12-11,2026-03-30,ACTIVE,ELECTRONICS,1,5,14,0,1,12,MEDIUM,0.502202,NORMAL,0.16071,0.532537,9.8,36.06,LOW
TF-2026-0002699,EXPORT_LC,CUST-00054,CP-01945,CA,US,JPY,1873373.55,2025-12-21,2026-05-30,SETTLED,TEXTILES,5,9,12,0,1,3,LOW,0.556285,NORMAL,0.344874,0.82189,12.76,59.7,MEDIUM
TF-2026-0002700,COLLECTION,CUST-00745,CP-02379,CA,FR,USD,99700.04,2025-03-26,2025-08-25,CLOSED,ELECTRONICS,0,5,7,0,0,7,HIGH,0.546529,NORMAL,0.181927,0.213033,7.0,41.76,MEDIUM
TF-2026-0002701,EXPORT_LC,CUST-00940,CP-00897,CA,FR,EUR,1218988.26,2026-04-23,2026-08-14,CLOSED,AUTO_PARTS,4,5,10,0,0,13,MEDIUM,0.512386,NORMAL,0.331282,0.455879,10.65,41.32,MEDIUM
TF-2026-0002702,IMPORT_LC,CUST-00263,CP-00071,CA,SG,USD,461648.71,2025-06-21,2025-11-07,SETTLED,AUTO_PARTS,3,3,10,1,0,10,MEDIUM,0.51174,NORMAL,0.655097,0.351962,10.64,47.21,MEDIUM
TF-2026-0002703,COLLECTION,CUST-01137,CP-03269,CA,BR,USD,263077.07,2026-05-04,2026-08-25,ACTIVE,TEXTILES,5,4,7,0,0,11,HIGH,0.52581,NORMAL,0.379139,0.792966,12.75,63.22,MEDIUM
TF-2026-0002704,EXPORT_LC,CUST-00801,CP-00273,CA,GB,USD,523974.71,2026-08-05,2026-11-21,SETTLED,AUTO_PARTS,4,5,8,0,0,0,MEDIUM,0.522797,NORMAL,0.514369,0.52936,11.41,52.17,MEDIUM
TF-2026-0002705,COLLECTION,CUST-00629,CP-00664,CA,MX,GBP,1566065.45,2025-05-23,2025-10-14,SETTLED,ELECTRONICS,1,3,16,0,1,0,LOW,0.59347,HIGH,0.173788,0.525509,12.22,47.63,MEDIUM
TF-2026-0002706,COLLECTION,CUST-00149,CP-02868,CA,IN,GBP,42033.77,2025-06-23,2025-12-10,CLOSED,AUTO_PARTS,3,7,16,0,1,12,MEDIUM,0.566489,NORMAL,0.473491,0.701433,13.23,65.71,HIGH
TF-2026-0002707,IMPORT_LC,CUST-00821,CP-01646,CA,SG,GBP,54570.27,2025-07-06,2025-09-04,SETTLED,TEXTILES,1,7,7,0,0,3,MEDIUM,0.549464,NORMAL,0.182698,0.214036,7.63,37.39,LOW
TF-2026-0002708,GUARANTEE,CUST-00747,CP-02813,CA,AE,USD,3001281.28,2026-08-11,2026-11-20,SETTLED,INDUSTRIAL_EQUIPMENT,3,5,13,0,1,14,MEDIUM,0.562971,NORMAL,0.337539,0.694031,12.62,60.92,MEDIUM
TF-2026-0002709,EXPORT_LC,CUST-00987,CP-02295,CA,DE,CAD,1277074.35,2025-11-05,2026-04-05,SETTLED,AGRICULTURE,3,6,18,0,1,6,HIGH,0.482354,NORMAL,0.471318,0.67693,14.23,50.7,MEDIUM
TF-2026-0002710,GUARANTEE,CUST-00085,CP-03036,CA,DE,CAD,29624.21,2026-07-21,2026-12-14,SETTLED,ELECTRONICS,2,9,7,0,0,13,MEDIUM,0.594716,HIGH,0.33149,0.294157,8.35,49.32,MEDIUM
TF-2026-0002711,COLLECTION,CUST-00850,CP-01060,CA,US,JPY,644198.26,2025-10-03,2025-12-23,SETTLED,AGRICULTURE,1,4,6,0,0,4,HIGH,0.488619,NORMAL,0.205429,0.402446,9.04,34.52,LOW
TF-2026-0002712,IMPORT_LC,CUST-00153,CP-02918,CA,SG,CNY,688753.32,2025-06-02,2025-10-19,CLOSED,ELECTRONICS,2,9,16,0,1,0,HIGH,0.530432,NORMAL,0.254596,0.606771,11.76,54.18,MEDIUM
TF-2026-0002713,COLLECTION,CUST-00739,CP-02985,CA,GB,EUR,1535464.55,2024-10-16,2024-12-24,CLOSED,TEXTILES,3,5,5,0,0,4,HIGH,0.504442,NORMAL,0.390239,0.369934,7.6,42.98,MEDIUM
TF-2026-0002714,IMPORT_LC,CUST-00350,CP-00712,CA,GB,CNY,403083.02,2025-03-10,2025-08-19,SETTLED,INDUSTRIAL_EQUIPMENT,2,7,1,0,0,6,HIGH,0.458829,NORMAL,0.230663,0.388757,7.34,30.55,LOW
TF-2026-0002715,COLLECTION,CUST-00288,CP-02921,CA,JP,EUR,2278167.95,2025-02-25,2025-07-10,ACTIVE,ELECTRONICS,5,8,13,1,1,4,MEDIUM,0.54896,NORMAL,0.680533,0.662758,11.49,67.94,HIGH
TF-2026-0002716,EXPORT_LC,CUST-00591,CP-00489,CA,MX,CNY,1352321.65,2026-02-25,2026-06-15,SETTLED,CHEMICALS,1,3,7,0,0,15,MEDIUM,0.584113,NORMAL,0.299922,0.272586,8.18,46.98,MEDIUM
TF-2026-0002717,GUARANTEE,CUST-00623,CP-00282,CA,BR,CNY,3654667.6,2026-06-02,2026-11-19,ACTIVE,AGRICULTURE,1,3,9,0,0,5,MEDIUM,0.592552,HIGH,0.137379,0.281749,9.41,42.93,MEDIUM
TF-2026-0002718,GUARANTEE,CUST-00133,CP-00213,CA,GB,EUR,475974.08,2025-09-27,2025-11-28,CLOSED,TEXTILES,5,9,15,0,1,8,MEDIUM,0.504429,NORMAL,0.441314,0.715788,14.37,51.62,MEDIUM
TF-2026-0002719,GUARANTEE,CUST-00788,CP-01133,CA,BR,JPY,1600594.95,2026-05-08,2026-09-13,CLOSED,CHEMICALS,0,4,8,0,0,14,LOW,0.573137,NORMAL,0.2122,0.208279,6.55,36.29,LOW
TF-2026-0002720,GUARANTEE,CUST-00753,CP-01098,CA,IN,CNY,1171826.44,2025-02-01,2025-07-20,ACTIVE,CHEMICALS,4,10,14,1,1,12,LOW,0.533318,NORMAL,0.750221,0.688917,12.87,62.61,MEDIUM
TF-2026-0002721,IMPORT_LC,CUST-00191,CP-01746,CA,SG,GBP,1142304.3,2026-06-29,2026-11-17,CLOSED,CHEMICALS,1,6,5,0,0,7,LOW,0.484842,NORMAL,0.16172,0.260145,6.58,17.4,LOW
TF-2026-0002722,EXPORT_LC,CUST-00255,CP-03270,CA,US,CNY,883924.19,2026-03-12,2026-06-26,SETTLED,AGRICULTURE,2,10,8,0,0,8,LOW,0.502122,NORMAL,0.21395,0.327805,8.88,25.47,LOW
TF-2026-0002723,GUARANTEE,CUST-00015,CP-02374,CA,DE,CAD,182635.33,2025-09-02,2026-02-06,SETTLED,ELECTRONICS,2,9,12,1,1,13,HIGH,0.512818,NORMAL,0.271734,0.433172,9.89,43.86,MEDIUM
TF-2026-0002724,EXPORT_LC,CUST-00002,CP-03475,CA,GB,GBP,202639.8,2026-02-27,2026-08-23,CLOSED,CHEMICALS,3,9,11,0,1,4,HIGH,0.49064,NORMAL,0.500264,0.620208,11.05,51.49,MEDIUM
TF-2026-0002725,COLLECTION,CUST-01015,CP-00701,CA,GB,CNY,318575.2,2026-02-13,2026-04-25,CLOSED,CHEMICALS,3,3,14,0,1,2,MEDIUM,0.527754,NORMAL,0.372069,0.605431,11.31,51.9,MEDIUM
TF-2026-0002726,COLLECTION,CUST-00084,CP-01371,CA,BR,CNY,235627.45,2025-02-12,2025-05-19,SETTLED,CHEMICALS,2,7,8,0,0,2,LOW,0.485416,NORMAL,0.310801,0.429833,10.25,27.92,LOW
TF-2026-0002727,EXPORT_LC,CUST-01039,CP-01635,CA,JP,CNY,258966.02,2026-01-15,2026-04-02,SETTLED,AGRICULTURE,1,7,10,1,0,5,MEDIUM,0.475198,NORMAL,0.149953,0.386115,8.82,24.59,LOW
TF-2026-0002728,GUARANTEE,CUST-00125,CP-03077,CA,US,EUR,540357.4,2025-06-25,2025-09-15,CLOSED,CHEMICALS,4,5,12,0,1,14,LOW,0.517046,NORMAL,0.45937,0.641593,12.14,48.02,MEDIUM
TF-2026-0002729,EXPORT_LC,CUST-00318,CP-01141,CA,GB,EUR,109249.48,2026-05-30,2026-11-07,SETTLED,AGRICULTURE,2,6,5,1,0,3,LOW,0.510594,NORMAL,0.481622,0.324401,7.68,35.75,LOW
TF-2026-0002730,COLLECTION,CUST-00015,CP-02367,CA,DE,JPY,435386.8,2024-12-19,2025-02-28,ACTIVE,INDUSTRIAL_EQUIPMENT,4,8,15,0,1,14,HIGH,0.51019,NORMAL,0.457589,0.850212,13.91,63.33,MEDIUM
TF-2026-0002731,EXPORT_LC,CUST-00462,CP-00040,CA,IN,EUR,297642.58,2024-09-24,2024-12-12,SETTLED,ELECTRONICS,1,10,12,0,1,14,HIGH,0.544255,NORMAL,0.216018,0.414693,9.97,49.38,MEDIUM
TF-2026-0002732,GUARANTEE,CUST-00272,CP-03023,CA,IN,EUR,479415.1,2026-01-28,2026-06-28,SETTLED,AGRICULTURE,2,3,8,0,0,7,MEDIUM,0.507141,NORMAL,0.288369,0.331477,9.7,34.24,LOW
TF-2026-0002733,EXPORT_LC,CUST-00746,CP-01515,CA,SG,CAD,208477.32,2025-01-08,2025-06-02,ACTIVE,INDUSTRIAL_EQUIPMENT,4,5,13,1,1,7,LOW,0.483206,NORMAL,0.675,0.666625,10.53,46.64,MEDIUM
TF-2026-0002734,GUARANTEE,CUST-00395,CP-02134,CA,SG,CNY,3163474.81,2026-04-16,2026-10-02,ACTIVE,AGRICULTURE,0,9,6,0,0,15,LOW,0.612736,HIGH,0.145458,0.235429,5.33,37.3,LOW
TF-2026-0002735,COLLECTION,CUST-00297,CP-00312,CA,AE,EUR,935419.98,2025-08-01,2025-10-07,ACTIVE,AGRICULTURE,5,10,17,0,1,1,MEDIUM,0.568642,NORMAL,0.502057,0.790072,14.09,69.96,HIGH
TF-2026-0002736,COLLECTION,CUST-00339,CP-01217,CA,MX,CNY,147241.86,2024-11-01,2025-03-05,ACTIVE,TEXTILES,2,3,9,0,0,3,LOW,0.546421,NORMAL,0.379838,0.353157,9.5,42.58,MEDIUM
TF-2026-0002737,GUARANTEE,CUST-00376,CP-02909,CA,AE,CNY,175840.37,2026-02-01,2026-07-08,SETTLED,CHEMICALS,3,10,7,1,0,3,HIGH,0.52074,NORMAL,0.629387,0.441435,10.01,57.01,MEDIUM
TF-2026-0002738,IMPORT_LC,CUST-00662,CP-01405,CA,SG,EUR,446484.09,2025-12-21,2026-03-03,CLOSED,AUTO_PARTS,2,8,4,0,0,8,MEDIUM,0.466866,NORMAL,0.344475,0.4116,8.67,30.22,LOW
TF-2026-0002739,GUARANTEE,CUST-01137,CP-01370,CA,GB,CAD,2034578.47,2026-01-08,2026-03-27,ACTIVE,AUTO_PARTS,0,4,7,0,0,10,HIGH,0.553438,NORMAL,0.195872,0.214492,6.95,43.55,MEDIUM
TF-2026-0002740,EXPORT_LC,CUST-00731,CP-00375,CA,GB,CAD,268407.89,2025-01-01,2025-05-25,CLOSED,TEXTILES,5,3,15,1,1,2,LOW,0.556444,NORMAL,0.662682,0.750123,14.08,66.75,HIGH
TF-2026-0002741,IMPORT_LC,CUST-00004,CP-00227,CA,SG,JPY,30953.38,2025-05-14,2025-07-17,SETTLED,AGRICULTURE,4,10,13,1,1,10,LOW,0.603639,HIGH,0.619296,0.642752,12.27,65.5,HIGH
TF-2026-0002742,COLLECTION,CUST-00319,CP-00599,CA,SG,GBP,1782577.12,2025-12-08,2026-03-17,CLOSED,CHEMICALS,4,8,13,1,1,13,HIGH,0.532338,NORMAL,0.633703,0.728453,13.91,70.26,HIGH
TF-2026-0002743,EXPORT_LC,CUST-00308,CP-01509,CA,BR,CNY,602168.66,2025-04-25,2025-07-10,CLOSED,AGRICULTURE,5,3,20,1,1,13,HIGH,0.552795,NORMAL,0.403447,0.732205,14.24,67.8,HIGH
TF-2026-0002744,GUARANTEE,CUST-00069,CP-01995,CA,SG,JPY,121869.7,2026-08-01,2026-10-16,SETTLED,AUTO_PARTS,4,5,6,1,0,10,LOW,0.514879,NORMAL,0.53743,0.464847,8.93,43.58,MEDIUM
TF-2026-0002745,COLLECTION,CUST-01035,CP-03369,CA,JP,CAD,1172112.89,2024-10-04,2025-01-28,SETTLED,CHEMICALS,2,6,1,0,0,12,LOW,0.494962,NORMAL,0.167004,0.337343,5.96,22.68,LOW
TF-2026-0002746,EXPORT_LC,CUST-01138,CP-03402,CA,IN,CAD,169154.85,2026-07-03,2026-10-18,CLOSED,INDUSTRIAL_EQUIPMENT,5,7,12,0,1,9,HIGH,0.506285,NORMAL,0.629765,0.713701,13.28,62.66,MEDIUM
TF-2026-0002747,COLLECTION,CUST-00075,CP-02221,CA,DE,GBP,238484.36,2025-12-30,2026-05-07,SETTLED,CHEMICALS,1,8,6,0,0,5,HIGH,0.477975,NORMAL,0.187901,0.21363,7.64,25.21,LOW
TF-2026-0002748,COLLECTION,CUST-01056,CP-03103,CA,IN,JPY,675446.23,2026-08-07,2026-10-27,ACTIVE,INDUSTRIAL_EQUIPMENT,5,3,10,0,0,10,LOW,0.540115,NORMAL,0.459376,0.499227,10.13,48.83,MEDIUM
TF-2026-0002749,IMPORT_LC,CUST-00975,CP-03406,CA,GB,USD,1558229.07,2025-08-14,2025-11-23,SETTLED,ELECTRONICS,2,6,8,1,0,15,MEDIUM,0.555671,NORMAL,0.477244,0.314359,8.34,50.82,MEDIUM
TF-2026-0002750,IMPORT_LC,CUST-00358,CP-01927,CA,SG,USD,160387.28,2025-02-28,2025-08-18,SETTLED,TEXTILES,1,4,7,0,0,8,HIGH,0.510435,NORMAL,0.24188,0.23512,7.08,35.38,LOW
TF-2026-0002751,GUARANTEE,CUST-01075,CP-03010,CA,IN,CNY,406170.07,2025-05-30,2025-08-28,ACTIVE,CHEMICALS,3,3,9,0,0,15,MEDIUM,0.555682,NORMAL,0.394601,0.422698,9.6,52.14,MEDIUM
TF-2026-0002752,COLLECTION,CUST-00082,CP-02817,CA,JP,CNY,1371116.62,2024-12-16,2025-05-13,CLOSED,AGRICULTURE,5,9,20,0,1,2,HIGH,0.550501,NORMAL,0.505927,0.642782,12.88,67.3,HIGH
TF-2026-0002753,COLLECTION,CUST-00518,CP-01602,CA,MX,JPY,2139040.97,2025-01-28,2025-05-26,CLOSED,TEXTILES,3,7,10,0,0,6,HIGH,0.50222,NORMAL,0.349624,0.383411,11.01,41.51,MEDIUM
TF-2026-0002754,GUARANTEE,CUST-00656,CP-02099,CA,AE,JPY,493394.74,2024-11-25,2025-01-28,SETTLED,AGRICULTURE,0,9,8,0,0,10,LOW,0.509551,NORMAL,0.194467,0.201403,6.71,22.55,LOW
TF-2026-0002755,IMPORT_LC,CUST-00823,CP-02043,CA,CN,GBP,514477.77,2026-02-10,2026-07-04,CLOSED,AGRICULTURE,1,7,3,0,0,10,HIGH,0.474547,NORMAL,0.164171,0.155179,5.61,21.82,LOW
TF-2026-0002756,IMPORT_LC,CUST-00017,CP-00812,CA,JP,CAD,566489.95,2025-08-18,2026-02-03,ACTIVE,TEXTILES,2,10,3,0,0,8,HIGH,0.495699,NORMAL,0.369854,0.257076,7.12,36.11,LOW
TF-2026-0002757,COLLECTION,CUST-00533,CP-00605,CA,US,CAD,98753.94,2024-11-29,2025-04-22,CLOSED,INDUSTRIAL_EQUIPMENT,1,8,5,0,0,12,MEDIUM,0.523616,NORMAL,0.254067,0.201569,6.77,33.13,LOW
TF-2026-0002758,EXPORT_LC,CUST-00762,CP-01650,CA,SG,EUR,4717993.3,2025-12-09,2026-05-21,ACTIVE,AGRICULTURE,1,3,4,0,0,4,LOW,0.609843,HIGH,0.178925,0.320064,7.57,41.14,MEDIUM
TF-2026-0002759,IMPORT_LC,CUST-00346,CP-03386,CA,CN,USD,3010328.96,2024-09-04,2025-02-08,ACTIVE,AUTO_PARTS,1,6,7,1,0,3,MEDIUM,0.544869,NORMAL,0.199428,0.194839,6.8,36.29,LOW
TF-2026-0002760,EXPORT_LC,CUST-00974,CP-01701,CA,AE,CAD,668265.86,2025-08-06,2025-11-06,CLOSED,INDUSTRIAL_EQUIPMENT,3,9,15,1,1,15,LOW,0.532433,NORMAL,0.573172,0.758019,14.02,59.49,MEDIUM
TF-2026-0002761,IMPORT_LC,CUST-00799,CP-01160,CA,SG,CAD,245305.11,2025-09-17,2025-12-31,SETTLED,INDUSTRIAL_EQUIPMENT,0,7,7,0,0,13,MEDIUM,0.516038,NORMAL,0.176294,0.304004,6.96,32.45,LOW
TF-2026-0002762,COLLECTION,CUST-01062,CP-03367,CA,SG,USD,864742.38,2025-12-15,2026-04-10,SETTLED,INDUSTRIAL_EQUIPMENT,1,6,2,0,0,6,MEDIUM,0.480048,NORMAL,0.24347,0.25685,6.32,23.71,LOW
TF-2026-0002763,IMPORT_LC,CUST-00250,CP-00788,CA,GB,CAD,218065.76,2024-08-18,2024-11-03,SETTLED,AGRICULTURE,5,5,17,0,1,10,HIGH,0.511697,NORMAL,0.469272,0.791475,15.6,62.0,MEDIUM
TF-2026-0002764,IMPORT_LC,CUST-01139,CP-02142,CA,IN,USD,857649.02,2026-07-16,2026-11-28,ACTIVE,AUTO_PARTS,0,5,9,0,0,8,HIGH,0.513226,NORMAL,0.205844,0.134287,7.56,31.51,LOW
TF-2026-0002765,GUARANTEE,CUST-00857,CP-02886,CA,MX,USD,395595.81,2024-12-12,2025-05-10,ACTIVE,AGRICULTURE,2,6,15,0,1,5,MEDIUM,0.466013,NORMAL,0.243841,0.571351,11.78,32.71,LOW
TF-2026-0002766,GUARANTEE,CUST-00901,CP-01228,CA,FR,EUR,115133.51,2025-03-31,2025-08-26,CLOSED,CHEMICALS,2,9,14,0,1,6,MEDIUM,0.513344,NORMAL,0.322616,0.520769,11.64,43.59,MEDIUM
TF-2026-0002767,GUARANTEE,CUST-01092,CP-02439,CA,GB,USD,312878.83,2024-11-23,2025-03-18,ACTIVE,ELECTRONICS,5,5,12,1,1,15,LOW,0.553129,NORMAL,0.506276,0.791588,12.45,63.02,MEDIUM
TF-2026-0002768,COLLECTION,CUST-00425,CP-02211,CA,AE,CNY,244464.17,2026-04-22,2026-08-03,ACTIVE,AUTO_PARTS,1,7,10,0,0,14,HIGH,0.503996,NORMAL,0.241284,0.344617,9.09,37.52,LOW
TF-2026-0002769,COLLECTION,CUST-00362,CP-03437,CA,CN,JPY,93350.96,2025-02-26,2025-05-07,ACTIVE,TEXTILES,2,7,12,0,1,2,MEDIUM,0.522692,NORMAL,0.395496,0.561102,11.62,49.68,MEDIUM
TF-2026-0002770,COLLECTION,CUST-00696,CP-02805,CA,BR,CAD,1304303.26,2025-01-26,2025-04-13,CLOSED,AUTO_PARTS,2,7,10,0,0,13,MEDIUM,0.50261,NORMAL,0.211428,0.286373,7.95,29.09,LOW
TF-2026-0002771,EXPORT_LC,CUST-00850,CP-03188,CA,US,JPY,3266048.24,2025-01-27,2025-07-13,ACTIVE,TEXTILES,0,9,6,0,0,10,HIGH,0.569651,NORMAL,0.2243,0.175604,6.97,45.25,MEDIUM
TF-2026-0002772,IMPORT_LC,CUST-00759,CP-00905,CA,FR,CAD,127242.23,2024-11-04,2025-01-25,SETTLED,INDUSTRIAL_EQUIPMENT,3,6,14,0,1,1,LOW,0.515415,NORMAL,0.321753,0.523331,10.4,39.34,LOW
TF-2026-0002773,COLLECTION,CUST-00964,CP-01065,CA,JP,EUR,92755.54,2025-08-04,2025-12-22,CLOSED,CHEMICALS,1,9,5,0,0,5,LOW,0.52369,NORMAL,0.131848,0.151825,6.27,22.77,LOW
TF-2026-0002774,GUARANTEE,CUST-00709,CP-00999,CA,US,GBP,807041.65,2026-06-24,2026-09-18,CLOSED,TEXTILES,5,7,9,1,0,0,LOW,0.550091,NORMAL,0.673256,0.704136,14.11,64.41,MEDIUM
TF-2026-0002775,GUARANTEE,CUST-00343,CP-00799,CA,FR,USD,196936.96,2025-01-18,2025-03-23,ACTIVE,CHEMICALS,1,5,7,0,0,2,MEDIUM,0.50352,NORMAL,0.166484,0.338361,6.82,29.86,LOW
TF-2026-0002776,EXPORT_LC,CUST-01114,CP-00865,CA,FR,CNY,3723019.94,2024-12-22,2025-04-03,CLOSED,CHEMICALS,2,7,9,1,0,4,MEDIUM,0.537723,NORMAL,0.217607,0.469699,10.7,44.97,MEDIUM
TF-2026-0002777,IMPORT_LC,CUST-00516,CP-02513,CA,GB,JPY,841296.27,2026-05-10,2026-09-19,ACTIVE,AGRICULTURE,5,10,15,1,1,2,LOW,0.556364,NORMAL,0.447239,0.800198,14.5,62.03,MEDIUM
TF-2026-0002778,EXPORT_LC,CUST-00403,CP-00861,CA,FR,CNY,830638.15,2025-05-13,2025-07-19,CLOSED,AGRICULTURE,5,6,17,1,1,6,HIGH,0.493433,NORMAL,0.526268,0.80458,14.94,59.44,MEDIUM
TF-2026-0002779,GUARANTEE,CUST-00685,CP-00274,CA,CN,GBP,253898.77,2025-08-19,2025-10-22,ACTIVE,CHEMICALS,2,5,14,0,1,13,LOW,0.499412,NORMAL,0.251641,0.402636,9.69,28.56,LOW
TF-2026-0002780,IMPORT_LC,CUST-00602,CP-03419,CA,FR,EUR,512281.48,2026-03-22,2026-06-27,CLOSED,AUTO_PARTS,5,4,7,0,0,12,MEDIUM,0.520042,NORMAL,0.412875,0.49454,9.89,47.18,MEDIUM
TF-2026-0002781,EXPORT_LC,CUST-01046,CP-00078,CA,AE,CAD,4578546.29,2025-11-25,2026-04-09,SETTLED,INDUSTRIAL_EQUIPMENT,1,3,9,0,0,0,LOW,0.640438,HIGH,0.295475,0.273505,9.48,43.38,MEDIUM
TF-2026-0002782,IMPORT_LC,CUST-00680,CP-01865,CA,SG,USD,3937105.13,2024-12-27,2025-03-19,CLOSED,CHEMICALS,0,3,11,0,1,7,MEDIUM,0.61203,HIGH,0.20202,0.490793,8.44,52.91,MEDIUM
TF-2026-0002783,COLLECTION,CUST-01066,CP-01157,CA,IN,CAD,213053.07,2026-05-31,2026-09-23,SETTLED,INDUSTRIAL_EQUIPMENT,1,9,1,1,0,10,LOW,0.497183,NORMAL,0.525862,0.189397,6.19,28.77,LOW
TF-2026-0002784,GUARANTEE,CUST-00718,CP-02859,CA,AE,JPY,1131712.54,2026-01-11,2026-04-06,SETTLED,AUTO_PARTS,5,4,8,0,0,6,MEDIUM,0.516096,NORMAL,0.512298,0.559378,11.2,51.49,MEDIUM
TF-2026-0002785,EXPORT_LC,CUST-00435,CP-00171,CA,MX,GBP,602975.67,2024-09-08,2025-01-21,ACTIVE,AUTO_PARTS,5,6,13,1,1,15,MEDIUM,0.542564,NORMAL,0.720239,0.769152,13.09,71.6,HIGH
TF-2026-0002786,EXPORT_LC,CUST-00650,CP-02980,CA,BR,JPY,530900.4,2025-01-02,2025-03-26,SETTLED,ELECTRONICS,0,5,11,0,1,12,MEDIUM,0.513309,NORMAL,0.087645,0.465496,8.85,34.59,LOW
TF-2026-0002787,IMPORT_LC,CUST-00959,CP-00452,CA,BR,JPY,508134.85,2025-07-19,2025-12-25,ACTIVE,AGRICULTURE,1,8,1,0,0,13,HIGH,0.488848,NORMAL,0.194322,0.248854,6.79,28.87,LOW
TF-2026-0002788,IMPORT_LC,CUST-00410,CP-02670,CA,US,GBP,206066.9,2024-11-05,2025-01-06,SETTLED,INDUSTRIAL_EQUIPMENT,0,7,5,0,0,5,LOW,0.513177,NORMAL,0.203611,0.149408,6.21,21.96,LOW
TF-2026-0002789,EXPORT_LC,CUST-00994,CP-02912,CA,MX,EUR,397338.79,2024-11-14,2025-05-03,CLOSED,INDUSTRIAL_EQUIPMENT,0,9,1,1,0,11,MEDIUM,0.514293,NORMAL,0.468021,0.171247,3.94,36.03,LOW
TF-2026-0002790,EXPORT_LC,CUST-00571,CP-01905,CA,MX,EUR,180187.75,2026-08-03,2026-10-27,ACTIVE,CHEMICALS,4,8,18,1,1,13,MEDIUM,0.514857,NORMAL,0.686536,0.737248,14.44,62.56,MEDIUM
TF-2026-0002791,GUARANTEE,CUST-00297,CP-00266,CA,CN,EUR,198865.16,2025-01-06,2025-06-09,ACTIVE,ELECTRONICS,2,9,9,1,0,8,MEDIUM,0.488872,NORMAL,0.293535,0.271326,9.19,27.64,LOW
TF-2026-0002792,EXPORT_LC,CUST-00027,CP-02134,CA,SG,GBP,108792.97,2024-12-11,2025-03-03,ACTIVE,TEXTILES,4,6,14,1,1,15,HIGH,0.561873,NORMAL,0.634539,0.697376,12.61,74.83,HIGH
TF-2026-0002793,GUARANTEE,CUST-00125,CP-00391,CA,SG,EUR,418626.8,2025-04-22,2025-10-07,CLOSED,TEXTILES,0,6,1,0,0,6,LOW,0.497765,NORMAL,0.122158,0.218641,4.72,17.85,LOW
TF-2026-0002794,COLLECTION,CUST-01148,CP-00028,CA,CN,JPY,9990319.04,2026-04-16,2026-09-16,SETTLED,INDUSTRIAL_EQUIPMENT,5,4,4,0,0,14,LOW,0.643704,HIGH,0.550687,0.549617,8.34,60.72,MEDIUM
TF-2026-0002795,GUARANTEE,CUST-00078,CP-02289,CA,AE,CAD,515383.47,2025-02-05,2025-05-15,ACTIVE,INDUSTRIAL_EQUIPMENT,1,10,13,0,1,1,HIGH,0.535406,NORMAL,0.162619,0.41148,9.09,45.76,MEDIUM
TF-2026-0002796,COLLECTION,CUST-00476,CP-03491,CA,CN,CAD,294154.36,2025-01-26,2025-07-19,SETTLED,ELECTRONICS,2,9,17,0,1,2,MEDIUM,0.496469,NORMAL,0.28103,0.510343,12.06,37.52,LOW
TF-2026-0002797,EXPORT_LC,CUST-00351,CP-03234,CA,IN,EUR,596378.41,2024-10-21,2024-12-23,SETTLED,CHEMICALS,3,8,8,0,0,2,HIGH,0.483899,NORMAL,0.487081,0.410422,9.43,42.2,MEDIUM
TF-2026-0002798,COLLECTION,CUST-01165,CP-00542,CA,IN,USD,807542.39,2024-09-05,2025-01-29,ACTIVE,AUTO_PARTS,1,4,15,0,1,4,LOW,0.493264,NORMAL,0.219473,0.451053,11.39,27.82,LOW
TF-2026-0002799,COLLECTION,CUST-00122,CP-02778,CA,FR,CAD,143189.05,2026-02-08,2026-08-03,CLOSED,AUTO_PARTS,0,7,7,0,0,8,LOW,0.524132,NORMAL,0.232366,0.133289,6.29,25.25,LOW
TF-2026-0002800,COLLECTION,CUST-00964,CP-00842,CA,MX,GBP,720173.6,2025-06-26,2025-10-24,CLOSED,ELECTRONICS,4,8,13,0,1,11,LOW,0.484704,NORMAL,0.363013,0.833303,13.78,43.47,MEDIUM
TF-2026-0002801,EXPORT_LC,CUST-01136,CP-00218,CA,DE,CAD,518926.48,2024-10-17,2025-01-23,SETTLED,AGRICULTURE,4,4,7,0,0,3,MEDIUM,0.492054,NORMAL,0.409158,0.605553,10.53,43.65,MEDIUM
TF-2026-0002802,IMPORT_LC,CUST-00515,CP-00455,CA,CN,GBP,211906.12,2026-07-09,2026-09-15,ACTIVE,CHEMICALS,1,9,7,0,0,2,HIGH,0.506297,NORMAL,0.17008,0.234335,6.66,32.09,LOW
TF-2026-0002803,IMPORT_LC,CUST-00500,CP-01769,CA,FR,JPY,316060.7,2024-08-13,2024-10-21,ACTIVE,INDUSTRIAL_EQUIPMENT,4,10,16,1,1,13,LOW,0.527867,NORMAL,0.466374,0.675421,12.64,52.22,MEDIUM
TF-2026-0002804,COLLECTION,CUST-00200,CP-01982,CA,AE,CAD,410776.08,2025-11-11,2026-02-26,CLOSED,ELECTRONICS,3,5,16,1,1,10,MEDIUM,0.471752,NORMAL,0.666819,0.632201,12.63,48.13,MEDIUM
TF-2026-0002805,COLLECTION,CUST-00310,CP-03267,CA,SG,CAD,1878126.29,2024-09-07,2025-01-28,CLOSED,INDUSTRIAL_EQUIPMENT,4,8,15,1,1,9,LOW,0.506225,NORMAL,0.70079,0.735284,13.83,55.52,MEDIUM
TF-2026-0002806,GUARANTEE,CUST-00381,CP-00548,CA,GB,CAD,208240.17,2025-11-25,2026-03-14,ACTIVE,TEXTILES,4,6,6,0,0,14,MEDIUM,0.521749,NORMAL,0.644364,0.559091,9.32,56.84,MEDIUM
TF-2026-0002807,GUARANTEE,CUST-00229,CP-00075,CA,JP,JPY,541600.84,2025-07-29,2025-11-06,SETTLED,AUTO_PARTS,1,10,1,0,0,10,LOW,0.51422,NORMAL,0.173699,0.169658,5.73,22.13,LOW
TF-2026-0002808,IMPORT_LC,CUST-00837,CP-01441,CA,JP,EUR,940050.95,2025-09-15,2025-12-17,ACTIVE,CHEMICALS,3,5,11,1,1,12,LOW,0.491483,NORMAL,0.586861,0.707,11.44,47.38,MEDIUM
TF-2026-0002809,COLLECTION,CUST-00933,CP-01430,CA,GB,USD,170729.26,2025-02-24,2025-07-29,SETTLED,ELECTRONICS,2,7,2,0,0,15,HIGH,0.533436,NORMAL,0.230077,0.364912,8.12,45.71,MEDIUM
TF-2026-0002810,IMPORT_LC,CUST-00535,CP-01448,CA,FR,GBP,420475.14,2024-11-13,2025-02-25,CLOSED,INDUSTRIAL_EQUIPMENT,5,7,16,1,1,6,MEDIUM,0.489341,NORMAL,0.679531,0.825814,14.83,58.73,MEDIUM
TF-2026-0002811,EXPORT_LC,CUST-00933,CP-02739,CA,SG,USD,192007.11,2025-01-21,2025-04-19,CLOSED,ELECTRONICS,2,3,10,0,0,1,HIGH,0.550067,NORMAL,0.232772,0.386239,10.46,50.06,MEDIUM
TF-2026-0002812,COLLECTION,CUST-00322,CP-02767,CA,MX,CAD,84249.78,2025-07-14,2025-09-16,CLOSED,ELECTRONICS,2,4,6,0,0,4,HIGH,0.53484,NORMAL,0.246553,0.296598,7.45,44.12,MEDIUM
TF-2026-0002813,IMPORT_LC,CUST-00137,CP-00304,CA,FR,GBP,81471.23,2024-12-25,2025-04-03,CLOSED,CHEMICALS,1,9,6,0,0,6,MEDIUM,0.53712,NORMAL,0.186794,0.311933,7.29,38.39,LOW
TF-2026-0002814,IMPORT_LC,CUST-00154,CP-03393,CA,IN,USD,327407.35,2026-06-10,2026-10-02,SETTLED,AUTO_PARTS,2,3,9,0,0,13,LOW,0.530972,NORMAL,0.396045,0.243703,10.14,35.87,LOW
TF-2026-0002815,COLLECTION,CUST-00594,CP-01448,CA,FR,USD,248402.16,2026-01-18,2026-05-14,SETTLED,CHEMICALS,1,4,12,0,1,6,MEDIUM,0.492323,NORMAL,0.188012,0.501692,10.12,33.42,LOW
TF-2026-0002816,EXPORT_LC,CUST-00753,CP-01010,CA,JP,EUR,535305.14,2025-12-14,2026-04-14,SETTLED,TEXTILES,2,4,11,1,1,15,LOW,0.535668,NORMAL,0.369941,0.546335,10.41,46.74,MEDIUM
TF-2026-0002817,GUARANTEE,CUST-00336,CP-01493,CA,SG,EUR,31445671.21,2026-05-31,2026-07-31,ACTIVE,AGRICULTURE,2,7,13,0,1,4,MEDIUM,0.584945,NORMAL,0.198377,0.589057,11.29,55.09,MEDIUM
TF-2026-0002818,IMPORT_LC,CUST-00393,CP-01124,CA,GB,CAD,290026.64,2026-05-02,2026-07-07,ACTIVE,INDUSTRIAL_EQUIPMENT,0,4,5,1,0,13,LOW,0.529926,NORMAL,0.463735,0.187975,5.34,35.67,LOW
TF-2026-0002819,COLLECTION,CUST-00077,CP-02085,CA,DE,CNY,203416.71,2025-02-13,2025-07-26,SETTLED,INDUSTRIAL_EQUIPMENT,2,4,6,0,0,14,HIGH,0.523978,NORMAL,0.199339,0.30786,7.73,40.33,MEDIUM
TF-2026-0002820,GUARANTEE,CUST-01015,CP-02373,CA,SG,CAD,115621.29,2026-02-23,2026-06-16,SETTLED,AUTO_PARTS,4,6,10,0,0,7,MEDIUM,0.505488,NORMAL,0.495777,0.50047,11.03,45.97,MEDIUM
TF-2026-0002821,EXPORT_LC,CUST-00548,CP-00462,CA,IN,JPY,263948.38,2024-11-28,2025-04-03,SETTLED,CHEMICALS,3,6,16,0,1,10,HIGH,0.470049,NORMAL,0.373077,0.476178,10.38,38.64,LOW
TF-2026-0002822,EXPORT_LC,CUST-00953,CP-02819,CA,FR,GBP,1280963.04,2024-12-10,2025-03-21,CLOSED,AUTO_PARTS,4,3,16,0,1,4,HIGH,0.545976,NORMAL,0.431924,0.518971,10.88,59.83,MEDIUM
TF-2026-0002823,EXPORT_LC,CUST-00623,CP-02154,CA,CN,CNY,743360.69,2025-04-12,2025-08-14,ACTIVE,AGRICULTURE,2,3,12,1,1,9,MEDIUM,0.516374,NORMAL,0.331336,0.626278,11.23,48.51,MEDIUM
TF-2026-0002824,EXPORT_LC,CUST-00104,CP-01498,CA,BR,EUR,145345.99,2025-02-11,2025-04-14,CLOSED,AUTO_PARTS,5,10,17,0,1,3,LOW,0.57043,NORMAL,0.479524,0.81922,15.72,65.5,HIGH
TF-2026-0002825,IMPORT_LC,CUST-00815,CP-00595,CA,AE,GBP,1300384.68,2025-08-03,2025-12-18,ACTIVE,AGRICULTURE,0,4,2,0,0,2,MEDIUM,0.540261,NORMAL,0.281655,0.159726,4.82,36.65,LOW
TF-2026-0002826,COLLECTION,CUST-01005,CP-02840,CA,US,EUR,336523.37,2025-12-10,2026-05-12,CLOSED,CHEMICALS,5,3,10,1,0,13,MEDIUM,0.553134,NORMAL,0.713368,0.537926,10.59,65.36,HIGH
TF-2026-0002827,COLLECTION,CUST-00347,CP-00729,CA,CN,CNY,415606.75,2026-04-18,2026-07-15,ACTIVE,AGRICULTURE,0,6,12,0,1,8,HIGH,0.499258,NORMAL,0.162083,0.403046,9.08,35.86,LOW
TF-2026-0002828,EXPORT_LC,CUST-00512,CP-03204,CA,DE,GBP,156808.03,2026-03-23,2026-08-05,CLOSED,AUTO_PARTS,1,7,8,0,0,1,MEDIUM,0.51664,NORMAL,0.219928,0.190581,7.86,29.97,LOW
TF-2026-0002829,IMPORT_LC,CUST-00358,CP-00607,CA,AE,GBP,213359.44,2025-02-18,2025-05-14,CLOSED,INDUSTRIAL_EQUIPMENT,0,9,14,0,1,13,HIGH,0.536887,NORMAL,0.180175,0.458277,9.5,48.24,MEDIUM
TF-2026-0002830,IMPORT_LC,CUST-01123,CP-02421,CA,AE,CNY,205617.9,2025-11-22,2026-04-19,ACTIVE,AUTO_PARTS,5,10,15,1,1,15,MEDIUM,0.585857,NORMAL,0.547272,0.834134,15.41,74.19,HIGH
TF-2026-0002831,EXPORT_LC,CUST-00451,CP-01846,CA,SG,EUR,828546.73,2024-08-22,2025-01-17,ACTIVE,ELECTRONICS,5,6,16,0,1,10,HIGH,0.496273,NORMAL,0.392462,0.803978,15.57,56.09,MEDIUM
TF-2026-0002832,GUARANTEE,CUST-01093,CP-02509,CA,FR,JPY,628405.4,2025-12-28,2026-03-04,CLOSED,INDUSTRIAL_EQUIPMENT,0,6,15,0,1,14,LOW,0.523003,NORMAL,0.093893,0.422373,9.74,30.85,LOW
TF-2026-0002833,IMPORT_LC,CUST-00787,CP-01421,CA,DE,CAD,427513.4,2025-07-03,2025-09-26,CLOSED,TEXTILES,3,10,6,0,0,4,HIGH,0.501925,NORMAL,0.381731,0.424913,8.23,43.86,MEDIUM
TF-2026-0002834,EXPORT_LC,CUST-00223,CP-01628,CA,FR,USD,478708.98,2024-12-01,2025-05-05,CLOSED,AGRICULTURE,5,10,14,0,1,12,MEDIUM,0.538754,NORMAL,0.457556,0.813332,14.3,64.44,MEDIUM
TF-2026-0002835,COLLECTION,CUST-00650,CP-01592,CA,US,CNY,2711588.02,2025-08-16,2025-12-04,ACTIVE,INDUSTRIAL_EQUIPMENT,5,3,10,0,0,11,MEDIUM,0.597842,HIGH,0.463101,0.727993,14.75,68.62,HIGH
TF-2026-0002836,IMPORT_LC,CUST-00005,CP-00095,CA,JP,JPY,327973.18,2026-05-05,2026-10-23,SETTLED,CHEMICALS,5,10,18,1,1,5,LOW,0.534068,NORMAL,0.653564,0.776756,14.59,62.94,MEDIUM
TF-2026-0002837,EXPORT_LC,CUST-00482,CP-02373,CA,SG,GBP,248197.42,2025-03-23,2025-08-20,CLOSED,AGRICULTURE,2,5,7,1,0,7,MEDIUM,0.476297,NORMAL,0.362632,0.581928,9.45,38.05,LOW
TF-2026-0002838,GUARANTEE,CUST-00776,CP-00866,CA,SG,CNY,99233.56,2026-04-22,2026-08-21,CLOSED,TEXTILES,4,7,8,0,0,8,HIGH,0.509432,NORMAL,0.448337,0.516124,9.4,51.14,MEDIUM
TF-2026-0002839,EXPORT_LC,CUST-01029,CP-00043,CA,US,USD,658804.54,2024-09-16,2024-12-04,CLOSED,AGRICULTURE,0,7,9,0,0,1,LOW,0.530282,NORMAL,0.174197,0.202881,8.24,27.59,LOW
TF-2026-0002840,IMPORT_LC,CUST-01111,CP-01960,CA,FR,EUR,187127.05,2025-02-02,2025-06-16,CLOSED,CHEMICALS,3,10,17,0,1,1,LOW,0.534175,NORMAL,0.328918,0.596964,12.04,46.96,MEDIUM
TF-2026-0002841,IMPORT_LC,CUST-00890,CP-02645,CA,AE,JPY,20146.27,2026-02-05,2026-07-27,ACTIVE,ELECTRONICS,4,10,12,1,1,12,HIGH,0.618397,HIGH,0.694946,0.697175,14.68,80.04,HIGH
TF-2026-0002842,IMPORT_LC,CUST-00171,CP-01807,CA,SG,CNY,643479.22,2026-08-02,2026-10-16,SETTLED,AGRICULTURE,0,8,15,0,1,4,MEDIUM,0.513587,NORMAL,0.146906,0.435132,9.74,35.41,LOW
TF-2026-0002843,IMPORT_LC,CUST-00618,CP-03383,CA,IN,CAD,145231.97,2024-12-23,2025-04-27,SETTLED,AUTO_PARTS,0,3,8,1,0,7,MEDIUM,0.559935,NORMAL,0.523835,0.189345,7.79,48.44,MEDIUM
TF-2026-0002844,IMPORT_LC,CUST-00690,CP-02258,CA,JP,CNY,1557493.72,2025-10-22,2026-03-10,ACTIVE,AGRICULTURE,1,5,7,0,0,9,HIGH,0.503168,NORMAL,0.13182,0.16134,7.58,27.53,LOW
TF-2026-0002845,COLLECTION,CUST-00333,CP-02748,CA,CN,USD,469416.32,2025-11-09,2026-04-14,ACTIVE,ELECTRONICS,2,8,3,0,0,5,MEDIUM,0.465682,NORMAL,0.314651,0.274602,7.01,24.43,LOW
TF-2026-0002846,EXPORT_LC,CUST-01123,CP-02184,CA,US,JPY,444316.69,2026-05-14,2026-09-06,SETTLED,TEXTILES,2,9,10,0,0,8,MEDIUM,0.476349,NORMAL,0.326932,0.349551,9.55,28.86,LOW
TF-2026-0002847,COLLECTION,CUST-00731,CP-03450,CA,US,GBP,947173.64,2024-11-03,2025-02-26,ACTIVE,ELECTRONICS,3,9,13,0,1,9,LOW,0.482467,NORMAL,0.25726,0.687259,12.49,34.66,LOW
TF-2026-0002848,COLLECTION,CUST-01197,CP-02189,CA,IN,EUR,303414.48,2025-03-19,2025-06-15,CLOSED,CHEMICALS,4,6,12,0,1,7,MEDIUM,0.475123,NORMAL,0.602372,0.755746,13.76,51.07,MEDIUM
TF-2026-0002849,GUARANTEE,CUST-01184,CP-02350,CA,JP,CAD,355294.34,2024-09-08,2025-01-24,CLOSED,CHEMICALS,4,7,15,0,1,7,LOW,0.470728,NORMAL,0.434899,0.814452,14.4,42.42,MEDIUM
TF-2026-0002850,IMPORT_LC,CUST-00292,CP-01559,CA,IN,USD,1046885.83,2025-11-27,2026-05-13,ACTIVE,ELECTRONICS,2,5,8,0,0,1,MEDIUM,0.506513,NORMAL,0.364843,0.329566,8.39,36.31,LOW
TF-2026-0002851,IMPORT_LC,CUST-01045,CP-01765,CA,JP,GBP,640423.07,2025-10-31,2026-03-12,CLOSED,ELECTRONICS,0,9,3,0,0,7,LOW,0.511989,NORMAL,0.18414,0.300827,7.63,26.37,LOW
TF-2026-0002852,COLLECTION,CUST-00105,CP-00228,CA,FR,GBP,1787941.05,2024-08-18,2024-12-09,CLOSED,AUTO_PARTS,1,3,5,0,0,9,LOW,0.5545,NORMAL,0.16873,0.26422,8.5,34.64,LOW
TF-2026-0002853,COLLECTION,CUST-00531,CP-00197,CA,MX,JPY,400170.61,2024-12-28,2025-05-07,CLOSED,ELECTRONICS,1,10,13,0,1,5,LOW,0.510854,NORMAL,0.125165,0.339969,8.18,25.68,LOW
TF-2026-0002854,COLLECTION,CUST-00517,CP-02208,CA,DE,GBP,5844892.49,2025-02-16,2025-05-14,SETTLED,ELECTRONICS,4,5,15,0,1,0,MEDIUM,0.608799,HIGH,0.291502,0.728478,14.03,63.78,MEDIUM
TF-2026-0002855,COLLECTION,CUST-00607,CP-02781,CA,BR,CNY,882318.21,2026-02-21,2026-05-09,SETTLED,CHEMICALS,2,6,4,0,0,11,MEDIUM,0.480859,NORMAL,0.173186,0.227807,5.61,20.75,LOW
TF-2026-0002856,IMPORT_LC,CUST-01171,CP-02615,CA,BR,EUR,180076.86,2025-07-30,2025-10-31,CLOSED,TEXTILES,3,3,12,0,1,3,LOW,0.532841,NORMAL,0.417722,0.666133,11.71,51.7,MEDIUM
TF-2026-0002857,EXPORT_LC,CUST-00369,CP-02202,CA,BR,JPY,245650.06,2024-10-31,2025-04-25,CLOSED,CHEMICALS,4,6,17,0,1,7,MEDIUM,0.477088,NORMAL,0.532041,0.829664,14.86,51.91,MEDIUM
TF-2026-0002858,EXPORT_LC,CUST-00416,CP-01053,CA,CN,CNY,854549.46,2025-01-07,2025-06-15,SETTLED,TEXTILES,5,6,20,1,1,14,LOW,0.530794,NORMAL,0.664577,0.798171,16.49,63.31,MEDIUM
TF-2026-0002859,IMPORT_LC,CUST-00430,CP-02063,CA,GB,USD,834428.05,2024-09-20,2025-01-21,CLOSED,AUTO_PARTS,5,4,18,0,1,10,MEDIUM,0.516688,NORMAL,0.502274,0.677089,16.58,55.48,MEDIUM
TF-2026-0002860,COLLECTION,CUST-00777,CP-01009,CA,MX,USD,585791.67,2025-02-28,2025-06-19,ACTIVE,AUTO_PARTS,4,5,8,1,0,4,HIGH,0.478767,NORMAL,0.718269,0.660708,12.89,56.9,MEDIUM
TF-2026-0002861,EXPORT_LC,CUST-01186,CP-03217,CA,CN,GBP,309236.18,2025-03-13,2025-08-05,CLOSED,AGRICULTURE,0,5,8,0,0,13,HIGH,0.522211,NORMAL,0.153771,0.28468,6.72,37.64,LOW
TF-2026-0002862,COLLECTION,CUST-00146,CP-00536,CA,AE,CAD,152844.03,2026-05-30,2026-10-20,CLOSED,AUTO_PARTS,5,5,19,0,1,11,LOW,0.529916,NORMAL,0.555052,0.795781,15.86,59.68,MEDIUM
TF-2026-0002863,GUARANTEE,CUST-01176,CP-00611,CA,CN,EUR,250948.15,2024-10-21,2024-12-27,CLOSED,ELECTRONICS,5,4,17,0,1,2,HIGH,0.526605,NORMAL,0.426151,0.727756,14.36,62.57,MEDIUM
TF-2026-0002864,IMPORT_LC,CUST-01167,CP-01683,CA,FR,EUR,711235.27,2026-06-02,2026-10-16,CLOSED,CHEMICALS,5,6,16,1,1,15,HIGH,0.546538,NORMAL,0.646353,0.632473,12.63,70.38,HIGH
TF-2026-0002865,IMPORT_LC,CUST-00853,CP-02858,CA,JP,GBP,836161.56,2025-08-31,2026-02-01,ACTIVE,AGRICULTURE,1,5,5,0,0,12,HIGH,0.492327,NORMAL,0.187086,0.18649,6.44,27.37,LOW
TF-2026-0002866,IMPORT_LC,CUST-01067,CP-03185,CA,BR,CNY,638834.79,2025-08-04,2025-11-27,CLOSED,ELECTRONICS,3,5,4,0,0,0,HIGH,0.515984,NORMAL,0.349233,0.558988,9.35,51.53,MEDIUM
TF-2026-0002867,GUARANTEE,CUST-00558,CP-01708,CA,DE,GBP,628113.62,2026-05-28,2026-10-19,CLOSED,AUTO_PARTS,2,6,14,0,1,9,MEDIUM,0.466788,NORMAL,0.274663,0.449894,11.77,29.46,LOW
TF-2026-0002868,COLLECTION,CUST-00790,CP-02400,CA,BR,EUR,1105284.7,2024-12-08,2025-02-24,ACTIVE,AGRICULTURE,4,9,13,1,1,14,HIGH,0.533109,NORMAL,0.583927,0.641222,11.23,65.9,HIGH
TF-2026-0002869,COLLECTION,CUST-00256,CP-02182,CA,AE,JPY,93726.8,2026-06-13,2026-10-09,ACTIVE,INDUSTRIAL_EQUIPMENT,4,4,15,0,1,5,LOW,0.531903,NORMAL,0.566253,0.713317,14.74,57.59,MEDIUM
TF-2026-0002870,COLLECTION,CUST-00074,CP-00108,CA,SG,JPY,239081.46,2025-05-04,2025-07-23,ACTIVE,INDUSTRIAL_EQUIPMENT,3,8,4,0,0,12,HIGH,0.483531,NORMAL,0.404989,0.617632,11.51,46.88,MEDIUM
TF-2026-0002871,EXPORT_LC,CUST-00024,CP-02896,CA,US,CNY,166343.03,2024-11-09,2025-05-06,ACTIVE,ELECTRONICS,3,7,16,0,1,14,LOW,0.510637,NORMAL,0.337047,0.567248,10.83,39.92,LOW
TF-2026-0002872,EXPORT_LC,CUST-00954,CP-00593,CA,MX,CNY,429172.36,2025-01-26,2025-05-04,CLOSED,CHEMICALS,5,7,19,0,1,3,HIGH,0.498664,NORMAL,0.476033,0.803604,16.01,59.17,MEDIUM
TF-2026-0002873,IMPORT_LC,CUST-01142,CP-01745,CA,CN,CNY,629076.46,2025-04-26,2025-07-27,ACTIVE,AUTO_PARTS,3,7,13,0,1,11,HIGH,0.469883,NORMAL,0.370786,0.588394,10.87,42.45,MEDIUM
TF-2026-0002874,IMPORT_LC,CUST-00343,CP-02486,CA,BR,CAD,641473.31,2025-05-11,2025-10-23,CLOSED,INDUSTRIAL_EQUIPMENT,1,7,9,0,0,1,MEDIUM,0.501229,NORMAL,0.139386,0.218859,8.08,24.19,LOW
TF-2026-0002875,COLLECTION,CUST-00767,CP-00860,CA,GB,USD,986606.34,2025-05-15,2025-08-13,CLOSED,TEXTILES,3,7,7,0,0,5,LOW,0.473643,NORMAL,0.371234,0.416438,8.07,27.04,LOW
TF-2026-0002876,COLLECTION,CUST-00076,CP-00422,CA,DE,GBP,204244.41,2025-10-16,2026-02-22,CLOSED,AUTO_PARTS,0,8,3,1,0,0,MEDIUM,0.564466,NORMAL,0.51778,0.127983,4.99,46.69,MEDIUM
TF-2026-0002877,EXPORT_LC,CUST-00772,CP-00160,CA,CN,EUR,1571645.74,2025-10-03,2026-01-02,CLOSED,TEXTILES,2,10,7,0,0,11,LOW,0.534253,NORMAL,0.243707,0.389143,8.5,37.15,LOW
TF-2026-0002878,GUARANTEE,CUST-00622,CP-03398,CA,JP,GBP,1529490.03,2025-05-07,2025-07-25,CLOSED,AGRICULTURE,5,3,11,1,1,10,HIGH,0.572626,NORMAL,0.426337,0.709643,15.04,70.21,HIGH
TF-2026-0002879,EXPORT_LC,CUST-00504,CP-01944,CA,JP,CAD,168364.71,2026-04-12,2026-06-17,SETTLED,TEXTILES,3,3,15,1,1,2,MEDIUM,0.541819,NORMAL,0.45149,0.698841,12.95,60.96,MEDIUM
TF-2026-0002880,EXPORT_LC,CUST-00671,CP-00668,CA,AE,EUR,143634.25,2025-10-22,2026-01-10,SETTLED,AUTO_PARTS,1,7,8,0,0,12,MEDIUM,0.503783,NORMAL,0.302123,0.332716,8.42,33.85,LOW
TF-2026-0002881,EXPORT_LC,CUST-00070,CP-00368,CA,MX,JPY,1890511.89,2025-10-27,2026-02-10,ACTIVE,AUTO_PARTS,1,6,13,0,1,2,HIGH,0.527266,NORMAL,0.224789,0.497101,10.41,48.59,MEDIUM
TF-2026-0002882,IMPORT_LC,CUST-00824,CP-01415,CA,FR,EUR,981241.91,2025-09-02,2025-12-01,ACTIVE,AGRICULTURE,0,4,5,0,0,14,HIGH,0.556757,NORMAL,0.2325,0.159353,5.14,43.22,MEDIUM
TF-2026-0002883,GUARANTEE,CUST-00868,CP-03477,CA,MX,CAD,628131.22,2024-09-11,2025-02-27,CLOSED,ELECTRONICS,1,9,13,0,1,6,HIGH,0.488385,NORMAL,0.170401,0.493142,10.47,36.57,LOW
TF-2026-0002884,COLLECTION,CUST-01199,CP-02875,CA,JP,JPY,995548.46,2026-04-18,2026-08-29,ACTIVE,INDUSTRIAL_EQUIPMENT,3,5,12,0,1,14,HIGH,0.517305,NORMAL,0.456634,0.690696,12.01,59.74,MEDIUM
TF-2026-0002885,COLLECTION,CUST-01114,CP-00172,CA,IN,CAD,198852.25,2026-07-12,2026-10-06,CLOSED,AGRICULTURE,2,6,5,1,0,6,MEDIUM,0.479424,NORMAL,0.532251,0.40287,8.73,37.4,LOW
TF-2026-0002886,GUARANTEE,CUST-00030,CP-02674,CA,CN,JPY,1003713.07,2026-04-23,2026-09-13,ACTIVE,AGRICULTURE,4,3,20,0,1,12,HIGH,0.539242,NORMAL,0.302445,0.751603,16.29,62.77,MEDIUM
TF-2026-0002887,GUARANTEE,CUST-00709,CP-02720,CA,SG,USD,1042507.93,2025-11-14,2026-05-11,ACTIVE,ELECTRONICS,2,5,8,0,0,12,LOW,0.494013,NORMAL,0.324013,0.450225,9.84,31.13,LOW
TF-2026-0002888,IMPORT_LC,CUST-00447,CP-01638,CA,CN,CNY,125831.41,2024-11-06,2025-04-26,CLOSED,ELECTRONICS,3,7,8,0,0,15,LOW,0.538748,NORMAL,0.245068,0.422386,9.42,39.38,LOW
TF-2026-0002889,COLLECTION,CUST-00985,CP-02162,CA,SG,USD,98502.93,2025-10-04,2026-01-30,ACTIVE,INDUSTRIAL_EQUIPMENT,5,6,10,1,0,0,LOW,0.589975,HIGH,0.697068,0.66676,14.14,68.06,HIGH
TF-2026-0002890,COLLECTION,CUST-00436,CP-01970,CA,US,EUR,84082.44,2024-08-20,2025-01-11,CLOSED,CHEMICALS,0,4,12,0,1,3,MEDIUM,0.566407,NORMAL,0.179717,0.415083,8.76,46.87,MEDIUM
TF-2026-0002891,GUARANTEE,CUST-00494,CP-00053,CA,JP,GBP,133541.84,2025-12-05,2026-05-27,SETTLED,TEXTILES,0,5,4,0,0,9,MEDIUM,0.529177,NORMAL,0.144085,0.209517,7.26,31.61,LOW
TF-2026-0002892,GUARANTEE,CUST-00029,CP-00067,CA,GB,CAD,790662.79,2024-12-19,2025-05-08,CLOSED,AUTO_PARTS,0,5,8,0,0,4,MEDIUM,0.509496,NORMAL,0.195962,0.127836,6.69,25.01,LOW
TF-2026-0002893,GUARANTEE,CUST-00778,CP-01125,CA,DE,JPY,796745.82,2025-08-14,2025-11-10,ACTIVE,ELECTRONICS,5,4,14,1,1,8,HIGH,0.50526,NORMAL,0.713752,0.806081,14.02,68.11,HIGH
TF-2026-0002894,GUARANTEE,CUST-00418,CP-00892,CA,FR,USD,168135.23,2026-04-04,2026-09-04,SETTLED,ELECTRONICS,0,3,2,0,0,4,HIGH,0.560265,NORMAL,0.167706,0.202483,4.75,43.27,MEDIUM
TF-2026-0002895,EXPORT_LC,CUST-00004,CP-02382,CA,SG,USD,1640768.47,2025-08-31,2026-02-14,ACTIVE,AUTO_PARTS,0,5,11,0,1,4,LOW,0.531267,NORMAL,0.16228,0.333487,6.4,32.05,LOW
TF-2026-0002896,EXPORT_LC,CUST-00457,CP-03343,CA,US,JPY,896880.88,2024-10-28,2025-04-14,SETTLED,ELECTRONICS,3,7,12,0,1,4,LOW,0.475175,NORMAL,0.280739,0.70439,11.87,34.64,LOW
TF-2026-0002897,COLLECTION,CUST-00783,CP-03132,CA,CN,USD,247588.48,2025-12-21,2026-04-30,CLOSED,INDUSTRIAL_EQUIPMENT,4,10,16,0,1,15,LOW,0.567822,NORMAL,0.402275,0.787734,15.14,61.79,MEDIUM
TF-2026-0002898,GUARANTEE,CUST-00509,CP-00287,CA,DE,JPY,486881.95,2025-10-12,2026-01-10,SETTLED,AUTO_PARTS,2,5,7,0,0,1,HIGH,0.489647,NORMAL,0.31239,0.313889,8.85,34.86,LOW
TF-2026-0002899,GUARANTEE,CUST-00025,CP-03245,CA,BR,JPY,949523.98,2025-02-09,2025-07-18,CLOSED,AGRICULTURE,2,9,7,1,0,10,MEDIUM,0.492465,NORMAL,0.199257,0.440377,8.63,31.69,LOW
TF-2026-0002900,GUARANTEE,CUST-01163,CP-01661,CA,IN,CAD,508436.44,2025-11-18,2026-03-17,CLOSED,INDUSTRIAL_EQUIPMENT,1,5,4,0,0,11,HIGH,0.483133,NORMAL,0.11465,0.197686,5.75,23.4,LOW
TF-2026-0002901,GUARANTEE,CUST-00338,CP-03235,CA,CN,EUR,710265.67,2025-12-18,2026-02-21,CLOSED,CHEMICALS,0,5,6,0,0,2,MEDIUM,0.523336,NORMAL,0.099059,0.13129,5.92,25.94,LOW
TF-2026-0002902,EXPORT_LC,CUST-00554,CP-02806,CA,JP,GBP,381388.22,2025-10-22,2026-03-16,SETTLED,CHEMICALS,2,8,8,0,0,13,LOW,0.48696,NORMAL,0.250013,0.313835,8.05,22.36,LOW
TF-2026-0002903,COLLECTION,CUST-00381,CP-01914,CA,AE,EUR,2334996.93,2026-06-30,2026-10-21,ACTIVE,AUTO_PARTS,2,9,12,0,1,11,MEDIUM,0.532622,NORMAL,0.3809,0.465099,8.23,48.5,MEDIUM
TF-2026-0002904,COLLECTION,CUST-00062,CP-00629,CA,CN,CAD,517655.27,2024-10-30,2025-01-01,ACTIVE,CHEMICALS,0,10,8,0,0,2,LOW,0.554663,NORMAL,0.124149,0.215492,6.99,31.62,LOW
TF-2026-0002905,IMPORT_LC,CUST-01111,CP-02194,CA,BR,CNY,254034.11,2026-05-03,2026-09-29,ACTIVE,INDUSTRIAL_EQUIPMENT,4,7,5,1,0,12,LOW,0.490932,NORMAL,0.648288,0.554045,9.31,43.72,MEDIUM
TF-2026-0002906,COLLECTION,CUST-00325,CP-03039,CA,IN,CAD,298369.43,2024-11-11,2025-04-28,CLOSED,ELECTRONICS,4,9,19,0,1,1,LOW,0.520561,NORMAL,0.447679,0.75573,15.77,52.51,MEDIUM
TF-2026-0002907,COLLECTION,CUST-00460,CP-01843,CA,MX,JPY,384985.54,2025-01-19,2025-06-26,ACTIVE,TEXTILES,2,8,6,1,0,7,HIGH,0.465497,NORMAL,0.507861,0.3083,8.87,36.39,LOW
TF-2026-0002908,COLLECTION,CUST-01101,CP-03435,CA,US,CNY,204207.77,2025-05-03,2025-10-16,ACTIVE,CHEMICALS,3,10,9,0,0,5,MEDIUM,0.50822,NORMAL,0.431472,0.333965,9.53,38.89,LOW
TF-2026-0002909,EXPORT_LC,CUST-00095,CP-02863,CA,IN,CNY,1748720.18,2024-11-05,2025-04-04,SETTLED,TEXTILES,0,10,2,0,0,1,HIGH,0.592015,HIGH,0.189796,0.156139,4.06,45.07,MEDIUM
TF-2026-0002910,GUARANTEE,CUST-00347,CP-00336,CA,DE,EUR,468118.49,2025-08-18,2025-11-13,SETTLED,TEXTILES,2,4,22,0,1,11,HIGH,0.490779,NORMAL,0.260602,0.373673,10.1,35.71,LOW
TF-2026-0002911,EXPORT_LC,CUST-00074,CP-01429,CA,SG,CAD,153498.36,2026-06-03,2026-11-01,ACTIVE,TEXTILES,2,7,10,0,0,1,HIGH,0.509438,NORMAL,0.344805,0.326538,10.08,41.4,MEDIUM
TF-2026-0002912,IMPORT_LC,CUST-00914,CP-01976,CA,IN,JPY,688616.93,2024-10-19,2025-02-06,ACTIVE,TEXTILES,3,9,5,0,0,6,HIGH,0.482942,NORMAL,0.28722,0.329248,7.96,33.13,LOW
TF-2026-0002913,EXPORT_LC,CUST-00164,CP-02768,CA,FR,USD,408977.27,2026-04-27,2026-07-16,ACTIVE,CHEMICALS,2,8,12,0,1,3,HIGH,0.47858,NORMAL,0.1731,0.449441,9.73,33.11,LOW
TF-2026-0002914,GUARANTEE,CUST-00403,CP-00373,CA,CN,GBP,671317.41,2025-08-18,2026-02-08,SETTLED,AUTO_PARTS,4,9,9,0,0,9,HIGH,0.482315,NORMAL,0.438465,0.470014,10.86,42.45,MEDIUM
TF-2026-0002915,GUARANTEE,CUST-00037,CP-01165,CA,GB,CNY,306984.55,2025-09-15,2026-02-06,CLOSED,AUTO_PARTS,3,5,8,0,0,1,LOW,0.496053,NORMAL,0.320283,0.392338,9.59,29.46,LOW
TF-2026-0002916,IMPORT_LC,CUST-00414,CP-02899,CA,DE,USD,54705.3,2025-06-18,2025-08-28,ACTIVE,AUTO_PARTS,0,6,6,0,0,4,HIGH,0.578561,NORMAL,0.269005,0.142895,6.2,46.15,MEDIUM
TF-2026-0002917,EXPORT_LC,CUST-01170,CP-03054,CA,DE,JPY,500146.79,2024-10-10,2025-02-22,SETTLED,TEXTILES,3,4,12,1,1,3,LOW,0.48386,NORMAL,0.381346,0.700552,11.75,39.17,LOW
TF-2026-0002918,COLLECTION,CUST-00108,CP-03197,CA,US,JPY,25458.88,2025-05-31,2025-09-29,SETTLED,CHEMICALS,1,3,8,0,0,10,MEDIUM,0.615724,HIGH,0.212658,0.253279,8.02,44.98,MEDIUM
TF-2026-0002919,EXPORT_LC,CUST-00803,CP-00091,CA,IN,GBP,317456.88,2026-06-29,2026-12-16,CLOSED,AUTO_PARTS,1,8,11,0,1,6,MEDIUM,0.474797,NORMAL,0.236592,0.293917,9.47,23.88,LOW
TF-2026-0002920,EXPORT_LC,CUST-00503,CP-03178,CA,BR,USD,323541.83,2024-10-05,2025-03-22,ACTIVE,CHEMICALS,3,6,11,1,1,0,LOW,0.517235,NORMAL,0.64343,0.632922,9.6,53.28,MEDIUM
TF-2026-0002921,EXPORT_LC,CUST-00221,CP-00011,CA,SG,GBP,1061239.3,2025-09-24,2026-01-21,CLOSED,INDUSTRIAL_EQUIPMENT,3,4,11,0,1,0,MEDIUM,0.539837,NORMAL,0.479239,0.650206,9.99,59.67,MEDIUM
TF-2026-0002922,EXPORT_LC,CUST-00219,CP-00234,CA,IN,CNY,166017.91,2024-12-06,2025-04-16,SETTLED,AGRICULTURE,4,5,18,1,1,15,MEDIUM,0.55473,NORMAL,0.653655,0.741308,14.14,70.93,HIGH
TF-2026-0002923,COLLECTION,CUST-00527,CP-01602,CA,MX,GBP,565473.28,2024-12-04,2025-04-30,ACTIVE,ELECTRONICS,0,6,10,0,0,6,LOW,0.498106,NORMAL,0.112389,0.280867,6.8,19.84,LOW
TF-2026-0002924,GUARANTEE,CUST-01018,CP-00557,CA,AE,USD,743153.97,2025-04-23,2025-08-30,ACTIVE,AUTO_PARTS,5,8,11,1,1,9,LOW,0.491855,NORMAL,0.699132,0.794227,13.87,53.9,MEDIUM
TF-2026-0002925,COLLECTION,CUST-01120,CP-03202,CA,MX,CAD,415302.91,2025-03-14,2025-05-13,ACTIVE,INDUSTRIAL_EQUIPMENT,4,7,14,0,1,10,HIGH,0.473921,NORMAL,0.44282,0.755433,13.89,51.1,MEDIUM
TF-2026-0002926,COLLECTION,CUST-00725,CP-01800,CA,JP,USD,447278.18,2025-09-29,2025-11-30,CLOSED,CHEMICALS,3,10,7,0,0,3,LOW,0.509998,NORMAL,0.273839,0.591989,9.91,38.71,LOW
TF-2026-0002927,IMPORT_LC,CUST-00181,CP-01449,CA,BR,CNY,687940.78,2026-01-15,2026-06-24,SETTLED,ELECTRONICS,1,7,7,0,0,12,LOW,0.481917,NORMAL,0.228423,0.235762,6.63,17.88,LOW
TF-2026-0002928,IMPORT_LC,CUST-00201,CP-03171,CA,CN,EUR,766237.08,2025-02-24,2025-07-10,SETTLED,AGRICULTURE,3,4,8,0,0,2,LOW,0.494659,NORMAL,0.50997,0.333961,9.36,32.76,LOW
TF-2026-0002929,EXPORT_LC,CUST-00876,CP-00212,CA,BR,JPY,784957.31,2025-11-19,2026-01-26,ACTIVE,TEXTILES,4,3,12,0,1,11,HIGH,0.525197,NORMAL,0.331685,0.757238,12.76,60.35,MEDIUM
TF-2026-0002930,EXPORT_LC,CUST-00573,CP-03341,CA,GB,CNY,1329770.72,2025-10-02,2026-01-10,ACTIVE,TEXTILES,2,6,17,0,1,7,HIGH,0.48753,NORMAL,0.450399,0.587529,13.66,48.12,MEDIUM
TF-2026-0002931,EXPORT_LC,CUST-01027,CP-00658,CA,SG,JPY,2006641.64,2026-04-29,2026-07-26,SETTLED,AGRICULTURE,3,8,15,1,1,9,MEDIUM,0.500882,NORMAL,0.382456,0.772186,12.84,50.78,MEDIUM
TF-2026-0002932,EXPORT_LC,CUST-00572,CP-03095,CA,JP,JPY,2618230.77,2026-01-10,2026-07-04,SETTLED,CHEMICALS,4,8,17,0,1,12,LOW,0.543726,NORMAL,0.381393,0.774288,15.31,56.84,MEDIUM
TF-2026-0002933,EXPORT_LC,CUST-00806,CP-00645,CA,FR,CAD,1583453.04,2025-07-25,2025-12-08,SETTLED,AGRICULTURE,2,6,11,0,1,10,HIGH,0.502279,NORMAL,0.342296,0.631356,10.0,49.99,MEDIUM
TF-2026-0002934,EXPORT_LC,CUST-00972,CP-00794,CA,JP,CNY,2224708.92,2025-07-10,2025-10-13,SETTLED,TEXTILES,4,4,10,1,0,5,MEDIUM,0.532438,NORMAL,0.657394,0.659285,12.43,63.56,MEDIUM
TF-2026-0002935,GUARANTEE,CUST-00103,CP-02332,CA,CN,JPY,290903.56,2026-07-20,2026-09-20,ACTIVE,ELECTRONICS,3,5,9,0,0,1,HIGH,0.497389,NORMAL,0.42476,0.513439,9.4,47.12,MEDIUM
TF-2026-0002936,GUARANTEE,CUST-00477,CP-00824,CA,MX,CAD,1917935.51,2024-09-09,2025-01-05,CLOSED,TEXTILES,0,9,10,0,0,8,LOW,0.551083,NORMAL,0.150879,0.240012,8.16,32.68,LOW
TF-2026-0002937,COLLECTION,CUST-00724,CP-02072,CA,MX,EUR,4733369.38,2025-09-19,2025-12-14,CLOSED,ELECTRONICS,3,8,10,0,0,3,MEDIUM,0.567048,NORMAL,0.435409,0.444994,9.94,55.66,MEDIUM
TF-2026-0002938,COLLECTION,CUST-00988,CP-02466,CA,DE,CAD,1063401.73,2025-03-08,2025-05-08,ACTIVE,CHEMICALS,2,10,18,0,1,1,LOW,0.535112,NORMAL,0.190361,0.657207,13.77,45.13,MEDIUM
TF-2026-0002939,IMPORT_LC,CUST-00365,CP-00816,CA,DE,CAD,856504.82,2025-01-13,2025-06-18,CLOSED,AUTO_PARTS,5,7,11,0,1,2,HIGH,0.512391,NORMAL,0.543244,0.856236,12.35,66.7,HIGH
TF-2026-0002940,EXPORT_LC,CUST-00145,CP-02994,CA,BR,USD,1490020.66,2026-05-07,2026-08-30,ACTIVE,ELECTRONICS,0,10,3,0,0,4,LOW,0.566347,NORMAL,0.144622,0.235768,4.87,34.53,LOW
TF-2026-0002941,IMPORT_LC,CUST-01109,CP-02741,CA,JP,USD,658203.84,2025-10-28,2026-02-23,CLOSED,AUTO_PARTS,0,8,5,0,0,14,MEDIUM,0.528963,NORMAL,0.2212,0.227577,6.29,34.49,LOW
TF-2026-0002942,IMPORT_LC,CUST-00841,CP-00552,CA,GB,USD,543458.95,2026-06-17,2026-12-14,CLOSED,AUTO_PARTS,5,10,7,0,0,8,HIGH,0.527289,NORMAL,0.474284,0.626474,12.41,60.61,MEDIUM
TF-2026-0002943,EXPORT_LC,CUST-00292,CP-00055,CA,IN,JPY,29592.47,2025-09-18,2026-01-15,CLOSED,TEXTILES,2,8,11,1,1,14,MEDIUM,0.595374,HIGH,0.56499,0.579439,9.85,66.37,HIGH
TF-2026-0002944,IMPORT_LC,CUST-00244,CP-02149,CA,JP,CAD,36364.1,2025-06-16,2025-08-23,SETTLED,ELECTRONICS,5,5,9,1,0,0,LOW,0.62792,HIGH,0.708541,0.518941,11.98,64.32,MEDIUM
TF-2026-0002945,COLLECTION,CUST-01007,CP-00068,CA,JP,GBP,130678.53,2025-04-13,2025-07-01,SETTLED,INDUSTRIAL_EQUIPMENT,1,4,6,0,0,10,LOW,0.521419,NORMAL,0.237699,0.305629,8.34,30.68,LOW
TF-2026-0002946,GUARANTEE,CUST-00235,CP-02716,CA,AE,EUR,768368.5,2025-01-08,2025-06-09,SETTLED,CHEMICALS,4,3,15,0,1,2,LOW,0.535664,NORMAL,0.492709,0.771836,13.49,58.32,MEDIUM
TF-2026-0002947,IMPORT_LC,CUST-01028,CP-02143,CA,BR,CNY,1091681.87,2025-07-12,2025-12-17,CLOSED,TEXTILES,0,10,12,0,1,2,LOW,0.565268,NORMAL,0.246114,0.274378,5.63,38.81,LOW
TF-2026-0002948,COLLECTION,CUST-00946,CP-03277,CA,AE,USD,343257.52,2025-09-22,2026-02-28,SETTLED,AGRICULTURE,5,7,8,0,0,5,LOW,0.492539,NORMAL,0.509976,0.75055,12.42,46.88,MEDIUM
TF-2026-0002949,GUARANTEE,CUST-00761,CP-02554,CA,IN,GBP,753601.14,2025-12-09,2026-02-09,CLOSED,CHEMICALS,2,4,11,0,1,6,LOW,0.482571,NORMAL,0.245364,0.504259,10.37,27.93,LOW
TF-2026-0002950,COLLECTION,CUST-00438,CP-03269,CA,BR,JPY,226425.85,2025-06-15,2025-09-16,ACTIVE,INDUSTRIAL_EQUIPMENT,0,7,5,0,0,11,MEDIUM,0.512489,NORMAL,0.145488,0.241982,5.83,28.3,LOW
TF-2026-0002951,COLLECTION,CUST-00145,CP-02825,CA,CN,JPY,237714.7,2025-03-08,2025-07-29,ACTIVE,ELECTRONICS,0,6,6,0,0,6,LOW,0.503073,NORMAL,0.174343,0.227374,6.87,21.07,LOW
TF-2026-0002952,COLLECTION,CUST-00304,CP-02996,CA,US,CAD,663521.24,2026-06-20,2026-11-14,SETTLED,ELECTRONICS,2,9,8,0,0,3,MEDIUM,0.491252,NORMAL,0.294583,0.393172,6.73,32.56,LOW
TF-2026-0002953,IMPORT_LC,CUST-00387,CP-00141,CA,GB,JPY,177617.03,2024-09-24,2025-01-07,CLOSED,AGRICULTURE,2,5,5,0,0,14,MEDIUM,0.523676,NORMAL,0.377976,0.322312,7.93,41.11,MEDIUM
TF-2026-0002954,EXPORT_LC,CUST-00384,CP-02495,CA,US,CNY,1029901.89,2024-12-28,2025-03-08,CLOSED,CHEMICALS,0,4,10,0,0,2,MEDIUM,0.534147,NORMAL,0.091637,0.209323,8.31,31.26,LOW
TF-2026-0002955,GUARANTEE,CUST-00829,CP-02033,CA,BR,GBP,191346.66,2025-02-27,2025-07-31,CLOSED,AUTO_PARTS,3,9,12,0,1,3,MEDIUM,0.495432,NORMAL,0.379976,0.662807,11.45,45.57,MEDIUM
TF-2026-0002956,GUARANTEE,CUST-01082,CP-00753,CA,FR,CAD,110811.25,2025-10-16,2026-03-03,ACTIVE,AUTO_PARTS,4,3,14,0,1,12,MEDIUM,0.561781,NORMAL,0.351018,0.678686,13.0,60.64,MEDIUM
TF-2026-0002957,EXPORT_LC,CUST-00666,CP-00681,CA,MX,CAD,51355.13,2025-07-09,2025-09-12,ACTIVE,AGRICULTURE,5,7,19,1,1,4,HIGH,0.574001,NORMAL,0.716541,0.68552,13.18,78.24,HIGH
TF-2026-0002958,EXPORT_LC,CUST-00138,CP-02596,CA,US,USD,528197.84,2026-02-11,2026-05-14,CLOSED,CHEMICALS,3,8,4,1,0,2,MEDIUM,0.482634,NORMAL,0.340339,0.487145,10.23,35.21,LOW
TF-2026-0002959,EXPORT_LC,CUST-00171,CP-02782,CA,DE,CNY,911551.62,2026-02-05,2026-04-16,CLOSED,INDUSTRIAL_EQUIPMENT,3,4,9,1,0,10,MEDIUM,0.491899,NORMAL,0.683392,0.510659,10.76,48.51,MEDIUM
TF-2026-0002960,EXPORT_LC,CUST-00180,CP-02862,CA,DE,GBP,140895.77,2026-01-02,2026-05-21,ACTIVE,CHEMICALS,0,6,9,0,0,3,LOW,0.532927,NORMAL,0.158834,0.204199,8.44,27.8,LOW
TF-2026-0002961,COLLECTION,CUST-00547,CP-02133,CA,MX,GBP,506924.99,2026-04-26,2026-07-27,CLOSED,AUTO_PARTS,5,8,17,1,1,0,HIGH,0.552733,NORMAL,0.725672,0.736651,15.66,77.61,HIGH
TF-2026-0002962,EXPORT_LC,CUST-00923,CP-02875,CA,JP,CAD,141548.29,2024-08-14,2024-12-02,ACTIVE,INDUSTRIAL_EQUIPMENT,5,3,17,1,1,14,LOW,0.594924,HIGH,0.677474,0.790414,15.57,72.1,HIGH
TF-2026-0002963,GUARANTEE,CUST-00042,CP-01187,CA,AE,CNY,2108666.65,2024-08-14,2025-01-13,ACTIVE,AUTO_PARTS,3,6,6,0,0,2,LOW,0.524884,NORMAL,0.500871,0.401583,8.54,42.87,MEDIUM
TF-2026-0002964,IMPORT_LC,CUST-00164,CP-01705,CA,JP,USD,252517.49,2024-09-16,2025-03-12,ACTIVE,INDUSTRIAL_EQUIPMENT,4,8,13,0,1,1,HIGH,0.513484,NORMAL,0.273637,0.784707,12.55,56.4,MEDIUM
TF-2026-0002965,COLLECTION,CUST-00105,CP-01660,CA,FR,CNY,880133.26,2025-11-13,2026-02-17,ACTIVE,AGRICULTURE,5,7,16,1,1,10,LOW,0.493285,NORMAL,0.649096,0.792149,15.72,52.66,MEDIUM
TF-2026-0002966,IMPORT_LC,CUST-00353,CP-01708,CA,DE,GBP,1736312.12,2025-09-09,2025-11-21,ACTIVE,AGRICULTURE,3,10,4,0,0,9,MEDIUM,0.533029,NORMAL,0.282801,0.437344,7.82,44.72,MEDIUM
TF-2026-0002967,COLLECTION,CUST-01060,CP-01517,CA,FR,EUR,1236087.01,2026-07-19,2026-09-25,SETTLED,INDUSTRIAL_EQUIPMENT,2,8,4,0,0,13,HIGH,0.502926,NORMAL,0.294356,0.320977,6.4,37.89,LOW
TF-2026-0002968,EXPORT_LC,CUST-00422,CP-01473,CA,BR,USD,170665.38,2024-11-19,2025-02-02,SETTLED,TEXTILES,3,5,14,0,1,10,MEDIUM,0.490198,NORMAL,0.386814,0.776175,13.37,48.45,MEDIUM
TF-2026-0002969,GUARANTEE,CUST-00318,CP-01692,CA,FR,GBP,124054.82,2026-04-18,2026-08-03,SETTLED,CHEMICALS,0,5,12,0,1,3,LOW,0.543713,NORMAL,0.153369,0.447458,8.94,38.55,LOW
TF-2026-0002970,EXPORT_LC,CUST-00891,CP-02268,CA,BR,CNY,318140.85,2024-11-26,2025-01-26,CLOSED,ELECTRONICS,5,10,17,0,1,2,LOW,0.554139,NORMAL,0.478391,0.750972,15.6,60.92,MEDIUM
TF-2026-0002971,EXPORT_LC,CUST-01057,CP-01262,CA,US,CAD,146109.04,2025-07-08,2025-10-30,CLOSED,AUTO_PARTS,3,4,10,1,0,4,MEDIUM,0.501478,NORMAL,0.623195,0.597719,11.63,52.02,MEDIUM
TF-2026-0002972,EXPORT_LC,CUST-00657,CP-02280,CA,FR,JPY,297056.33,2025-11-19,2026-03-20,SETTLED,INDUSTRIAL_EQUIPMENT,4,6,16,1,1,14,MEDIUM,0.513319,NORMAL,0.529647,0.781411,14.14,58.91,MEDIUM
TF-2026-0002973,GUARANTEE,CUST-00927,CP-01904,CA,GB,USD,177148.84,2026-03-14,2026-05-22,CLOSED,AGRICULTURE,4,3,11,0,1,4,HIGH,0.535362,NORMAL,0.340211,0.660818,12.97,59.8,MEDIUM
TF-2026-0002974,COLLECTION,CUST-01110,CP-00411,CA,DE,JPY,259268.19,2025-04-14,2025-07-17,ACTIVE,AGRICULTURE,2,10,8,0,0,14,HIGH,0.536671,NORMAL,0.201916,0.306338,9.03,43.52,MEDIUM
TF-2026-0002975,GUARANTEE,CUST-00517,CP-02583,CA,DE,CAD,1414732.49,2025-01-14,2025-05-27,SETTLED,AGRICULTURE,5,4,13,0,1,2,MEDIUM,0.54302,NORMAL,0.395,0.784313,13.21,62.46,MEDIUM
TF-2026-0002976,GUARANTEE,CUST-00303,CP-01794,CA,FR,GBP,114920.07,2025-06-08,2025-12-04,SETTLED,ELECTRONICS,4,3,11,0,1,6,LOW,0.550702,NORMAL,0.508602,0.748561,11.57,61.12,MEDIUM
TF-2026-0002977,COLLECTION,CUST-00466,CP-02471,CA,AE,GBP,537303.47,2024-11-26,2025-03-18,ACTIVE,AGRICULTURE,5,8,21,0,1,10,MEDIUM,0.493849,NORMAL,0.364411,0.832422,16.91,50.67,MEDIUM
TF-2026-0002978,IMPORT_LC,CUST-01194,CP-00682,CA,FR,EUR,417840.52,2025-07-03,2025-10-24,SETTLED,INDUSTRIAL_EQUIPMENT,4,7,8,1,0,9,LOW,0.464915,NORMAL,0.666413,0.695749,11.17,44.66,MEDIUM
TF-2026-0002979,COLLECTION,CUST-00521,CP-00244,CA,BR,GBP,1504997.07,2024-11-01,2025-03-29,CLOSED,ELECTRONICS,4,8,13,0,1,1,MEDIUM,0.530549,NORMAL,0.276479,0.779354,13.38,55.91,MEDIUM
TF-2026-0002980,COLLECTION,CUST-01120,CP-00248,CA,CN,EUR,755364.52,2026-08-07,2027-01-07,CLOSED,CHEMICALS,3,8,8,1,0,6,HIGH,0.472712,NORMAL,0.532241,0.415232,9.75,41.67,MEDIUM
TF-2026-0002981,IMPORT_LC,CUST-00314,CP-02236,CA,GB,USD,32274.93,2024-09-04,2025-02-14,CLOSED,CHEMICALS,5,10,18,1,1,15,LOW,0.655873,HIGH,0.552573,0.783296,15.58,68.99,HIGH
TF-2026-0002982,EXPORT_LC,CUST-00262,CP-01984,CA,SG,GBP,160492.84,2025-07-08,2025-11-03,ACTIVE,ELECTRONICS,1,7,9,0,0,0,HIGH,0.539511,NORMAL,0.183631,0.265011,8.32,42.23,MEDIUM
TF-2026-0002983,EXPORT_LC,CUST-00368,CP-01261,CA,CN,USD,859744.14,2025-05-26,2025-08-16,SETTLED,INDUSTRIAL_EQUIPMENT,4,4,12,1,1,11,MEDIUM,0.500886,NORMAL,0.649669,0.817053,13.28,60.37,MEDIUM
TF-2026-0002984,GUARANTEE,CUST-01182,CP-03144,CA,JP,GBP,94233.24,2026-01-05,2026-03-10,ACTIVE,CHEMICALS,1,6,8,0,0,9,LOW,0.513059,NORMAL,0.129932,0.232836,7.17,22.65,LOW
TF-2026-0002985,COLLECTION,CUST-01141,CP-00461,CA,AE,USD,270591.94,2026-07-31,2026-11-08,ACTIVE,TEXTILES,2,3,12,1,1,15,MEDIUM,0.567892,NORMAL,0.428144,0.544574,10.24,59.06,MEDIUM
TF-2026-0002986,COLLECTION,CUST-01001,CP-01025,CA,MX,EUR,5988356.18,2026-08-03,2026-10-14,CLOSED,AGRICULTURE,0,7,8,0,0,14,LOW,0.612539,HIGH,0.20688,0.218728,6.91,38.55,LOW
TF-2026-0002987,GUARANTEE,CUST-00082,CP-01521,CA,GB,JPY,317025.63,2026-05-23,2026-08-20,ACTIVE,ELECTRONICS,2,6,14,1,1,13,HIGH,0.487416,NORMAL,0.489371,0.534485,11.72,47.4,MEDIUM
TF-2026-0002988,COLLECTION,CUST-00683,CP-01261,CA,CN,USD,1455403.84,2025-01-20,2025-06-14,ACTIVE,INDUSTRIAL_EQUIPMENT,5,6,24,1,1,11,HIGH,0.529229,NORMAL,0.686477,0.74732,15.46,71.72,HIGH
TF-2026-0002989,COLLECTION,CUST-01163,CP-00544,CA,JP,CNY,140279.04,2025-03-25,2025-08-06,CLOSED,CHEMICALS,0,6,4,0,0,1,HIGH,0.544275,NORMAL,0.095505,0.192026,5.17,37.98,LOW
TF-2026-0002990,COLLECTION,CUST-00966,CP-02529,CA,FR,USD,1664739.94,2024-10-16,2025-03-20,CLOSED,TEXTILES,3,6,12,0,1,0,LOW,0.549832,NORMAL,0.540894,0.577006,10.09,55.93,MEDIUM
TF-2026-0002991,GUARANTEE,CUST-00335,CP-00497,CA,SG,CNY,210239.96,2026-06-10,2026-11-09,CLOSED,ELECTRONICS,0,6,12,0,1,15,MEDIUM,0.551101,NORMAL,0.161822,0.530909,9.8,48.19,MEDIUM
TF-2026-0002992,EXPORT_LC,CUST-00663,CP-02848,CA,CN,EUR,659619.77,2024-09-22,2024-11-26,ACTIVE,AGRICULTURE,4,6,7,0,0,6,MEDIUM,0.473966,NORMAL,0.532634,0.601914,12.0,43.45,MEDIUM
TF-2026-0002993,GUARANTEE,CUST-00086,CP-03028,CA,AE,CNY,1895014.2,2025-11-12,2026-03-30,SETTLED,INDUSTRIAL_EQUIPMENT,3,5,15,0,1,11,MEDIUM,0.517701,NORMAL,0.397917,0.723574,12.89,54.22,MEDIUM
TF-2026-0002994,IMPORT_LC,CUST-00348,CP-00001,CA,GB,GBP,743946.7,2025-07-24,2025-11-04,ACTIVE,INDUSTRIAL_EQUIPMENT,5,7,17,0,1,9,LOW,0.484861,NORMAL,0.429583,0.841798,16.79,45.81,MEDIUM
TF-2026-0002995,IMPORT_LC,CUST-00693,CP-00914,CA,GB,EUR,1416155.71,2026-02-05,2026-07-14,ACTIVE,ELECTRONICS,4,6,6,0,0,15,HIGH,0.554978,NORMAL,0.364177,0.651677,12.43,64.14,MEDIUM
TF-2026-0002996,IMPORT_LC,CUST-00479,CP-02342,CA,US,USD,117812.74,2026-05-08,2026-07-07,ACTIVE,TEXTILES,3,10,6,0,0,5,LOW,0.527774,NORMAL,0.527176,0.382239,8.43,43.76,MEDIUM
TF-2026-0002997,IMPORT_LC,CUST-00884,CP-02906,CA,IN,CNY,895097.38,2025-11-10,2026-03-13,CLOSED,AUTO_PARTS,3,9,10,1,0,5,LOW,0.481182,NORMAL,0.442373,0.290399,10.12,26.07,LOW
TF-2026-0002998,EXPORT_LC,CUST-00010,CP-00128,CA,BR,CAD,868161.17,2026-05-30,2026-08-28,ACTIVE,INDUSTRIAL_EQUIPMENT,1,5,9,0,0,6,LOW,0.485778,NORMAL,0.166123,0.296023,8.95,18.99,LOW
TF-2026-0002999,GUARANTEE,CUST-00786,CP-01740,CA,US,CAD,364781.91,2026-01-19,2026-07-05,SETTLED,AGRICULTURE,5,7,14,0,1,8,MEDIUM,0.485224,NORMAL,0.542483,0.828643,14.0,53.78,MEDIUM
TF-2026-0003000,EXPORT_LC,CUST-00104,CP-00052,CA,SG,EUR,468902.73,2026-03-25,2026-09-04,SETTLED,AGRICULTURE,4,5,9,0,0,6,LOW,0.475374,NORMAL,0.381977,0.55132,10.57,32.35,LOW
TF-2026-0003001,IMPORT_LC,CUST-00402,CP-02916,CA,BR,JPY,2114749.5,2025-03-31,2025-09-13,SETTLED,AGRICULTURE,3,10,9,0,0,15,HIGH,0.586369,NORMAL,0.315903,0.414669,9.7,57.59,MEDIUM
TF-2026-0003002,COLLECTION,CUST-01155,CP-01994,CA,US,JPY,1103249.23,2024-12-23,2025-06-10,ACTIVE,AGRICULTURE,2,9,8,0,0,9,MEDIUM,0.492316,NORMAL,0.201473,0.419929,9.43,30.96,LOW
TF-2026-0003003,GUARANTEE,CUST-01121,CP-00282,CA,BR,CAD,375518.06,2025-09-26,2025-12-17,ACTIVE,AGRICULTURE,0,4,6,0,0,5,MEDIUM,0.511515,NORMAL,0.133306,0.160963,6.17,24.8,LOW
TF-2026-0003004,IMPORT_LC,CUST-00117,CP-00601,CA,BR,JPY,903708.66,2026-08-08,2027-01-14,CLOSED,TEXTILES,3,3,8,0,0,2,LOW,0.533996,NORMAL,0.359326,0.461901,8.65,43.09,MEDIUM
TF-2026-0003005,IMPORT_LC,CUST-00214,CP-03223,CA,IN,USD,822793.34,2025-07-31,2026-01-20,SETTLED,INDUSTRIAL_EQUIPMENT,1,5,10,0,0,14,HIGH,0.51457,NORMAL,0.162485,0.184219,8.21,32.39,LOW
TF-2026-0003006,EXPORT_LC,CUST-00124,CP-02515,CA,CN,JPY,263694.99,2025-01-01,2025-05-31,ACTIVE,TEXTILES,1,3,7,0,0,15,HIGH,0.567981,NORMAL,0.16991,0.25672,7.26,46.26,MEDIUM
TF-2026-0003007,GUARANTEE,CUST-00983,CP-00807,CA,DE,EUR,57177.8,2026-07-20,2026-10-17,SETTLED,ELECTRONICS,4,7,8,1,0,15,HIGH,0.582353,NORMAL,0.52809,0.448481,11.36,64.85,MEDIUM
TF-2026-0003008,EXPORT_LC,CUST-00995,CP-01075,CA,SG,EUR,2023181.75,2026-08-01,2026-11-02,ACTIVE,INDUSTRIAL_EQUIPMENT,5,10,15,0,1,14,HIGH,0.599566,HIGH,0.474385,0.800354,15.29,76.53,HIGH
TF-2026-0003009,GUARANTEE,CUST-01148,CP-00569,CA,FR,CAD,515696.3,2026-05-16,2026-10-06,CLOSED,TEXTILES,3,9,11,0,1,12,LOW,0.490094,NORMAL,0.44131,0.489583,10.5,35.02,LOW
TF-2026-0003010,GUARANTEE,CUST-00676,CP-02417,CA,GB,GBP,730507.38,2024-12-02,2025-05-07,CLOSED,AUTO_PARTS,1,3,5,0,0,2,MEDIUM,0.541479,NORMAL,0.194999,0.21003,6.81,36.08,LOW
TF-2026-0003011,EXPORT_LC,CUST-00005,CP-02484,CA,SG,JPY,838780.46,2026-02-16,2026-04-22,ACTIVE,CHEMICALS,3,10,12,0,1,14,LOW,0.534146,NORMAL,0.405445,0.770185,12.18,55.3,MEDIUM
TF-2026-0003012,EXPORT_LC,CUST-00408,CP-02819,CA,FR,USD,756873.34,2025-03-25,2025-07-12,ACTIVE,CHEMICALS,3,8,7,0,0,4,MEDIUM,0.47865,NORMAL,0.296143,0.454465,9.23,31.99,LOW
TF-2026-0003013,EXPORT_LC,CUST-00344,CP-00930,CA,SG,CNY,589169.45,2024-11-15,2025-01-20,CLOSED,TEXTILES,4,7,13,0,1,9,HIGH,0.463934,NORMAL,0.449288,0.711495,13.23,48.63,MEDIUM
TF-2026-0003014,IMPORT_LC,CUST-00724,CP-02581,CA,FR,CAD,706083.58,2026-07-12,2026-10-05,SETTLED,AUTO_PARTS,4,4,17,0,1,4,MEDIUM,0.490334,NORMAL,0.401122,0.668389,12.68,45.13,MEDIUM
TF-2026-0003015,IMPORT_LC,CUST-00350,CP-02288,CA,US,USD,636735.82,2025-12-22,2026-03-13,SETTLED,AUTO_PARTS,5,7,12,0,1,5,HIGH,0.49007,NORMAL,0.435848,0.808185,13.34,55.99,MEDIUM
TF-2026-0003016,COLLECTION,CUST-01192,CP-00868,CA,DE,JPY,171048.08,2024-09-19,2025-03-08,CLOSED,ELECTRONICS,5,9,11,0,1,12,HIGH,0.537661,NORMAL,0.521157,0.807704,13.07,70.87,HIGH
TF-2026-0003017,EXPORT_LC,CUST-00863,CP-01545,CA,GB,CAD,725845.73,2025-01-06,2025-06-09,ACTIVE,AGRICULTURE,0,8,5,0,0,10,LOW,0.512119,NORMAL,0.17474,0.205506,6.41,22.77,LOW
TF-2026-0003018,EXPORT_LC,CUST-00769,CP-01620,CA,BR,JPY,159365.84,2024-12-12,2025-04-29,SETTLED,AUTO_PARTS,3,5,15,1,1,1,LOW,0.513399,NORMAL,0.43712,0.650248,12.63,46.58,MEDIUM
TF-2026-0003019,COLLECTION,CUST-00729,CP-03462,CA,MX,CAD,190691.49,2026-06-24,2026-12-14,ACTIVE,CHEMICALS,2,3,9,0,0,6,MEDIUM,0.527897,NORMAL,0.330268,0.272298,8.46,39.04,LOW
TF-2026-0003020,COLLECTION,CUST-00984,CP-03453,CA,SG,CAD,194510.46,2024-11-12,2025-04-26,SETTLED,ELECTRONICS,2,10,7,0,0,0,HIGH,0.557479,NORMAL,0.235894,0.356557,9.16,50.34,MEDIUM
TF-2026-0003021,IMPORT_LC,CUST-00156,CP-03259,CA,MX,CAD,81859.32,2026-03-13,2026-07-11,CLOSED,INDUSTRIAL_EQUIPMENT,2,6,8,1,0,5,MEDIUM,0.524997,NORMAL,0.562643,0.245443,8.03,44.31,MEDIUM
TF-2026-0003022,EXPORT_LC,CUST-00371,CP-01126,CA,SG,USD,646543.62,2026-08-04,2026-11-24,ACTIVE,ELECTRONICS,4,6,10,1,0,6,MEDIUM,0.471477,NORMAL,0.415266,0.573399,12.18,38.49,LOW
TF-2026-0003023,EXPORT_LC,CUST-00432,CP-00558,CA,FR,USD,337655.57,2026-03-10,2026-08-19,SETTLED,AGRICULTURE,4,5,14,0,1,13,HIGH,0.501228,NORMAL,0.290854,0.615602,11.63,47.61,MEDIUM
TF-2026-0003024,EXPORT_LC,CUST-01192,CP-02077,CA,IN,CAD,352403.49,2025-06-04,2025-11-13,ACTIVE,INDUSTRIAL_EQUIPMENT,4,3,8,1,0,5,HIGH,0.518209,NORMAL,0.739505,0.657376,11.99,67.24,HIGH
TF-2026-0003025,IMPORT_LC,CUST-01020,CP-01941,CA,AE,JPY,1064917.2,2025-12-17,2026-05-14,CLOSED,AGRICULTURE,1,10,5,0,0,11,MEDIUM,0.528405,NORMAL,0.224989,0.215508,6.73,34.06,LOW
TF-2026-0003026,GUARANTEE,CUST-00623,CP-00997,CA,JP,USD,1321418.15,2026-01-01,2026-05-25,ACTIVE,ELECTRONICS,2,7,10,0,0,0,MEDIUM,0.541002,NORMAL,0.353841,0.459009,9.49,49.45,MEDIUM
TF-2026-0003027,COLLECTION,CUST-01121,CP-02825,CA,CN,CNY,457235.21,2025-07-23,2025-12-24,ACTIVE,INDUSTRIAL_EQUIPMENT,4,8,12,0,1,6,MEDIUM,0.474556,NORMAL,0.548224,0.680122,12.78,46.72,MEDIUM
TF-2026-0003028,GUARANTEE,CUST-00732,CP-01678,CA,GB,CNY,284473.94,2024-08-15,2025-01-11,ACTIVE,TEXTILES,0,7,5,1,0,0,MEDIUM,0.549708,NORMAL,0.479629,0.217254,5.79,46.46,MEDIUM
TF-2026-0003029,EXPORT_LC,CUST-00727,CP-03163,CA,GB,USD,264743.67,2025-03-03,2025-05-06,CLOSED,AUTO_PARTS,5,4,5,0,0,14,MEDIUM,0.548544,NORMAL,0.504925,0.57211,10.43,59.4,MEDIUM
TF-2026-0003030,COLLECTION,CUST-00294,CP-01634,CA,AE,EUR,264092.0,2026-01-30,2026-05-07,ACTIVE,CHEMICALS,3,8,16,0,1,9,HIGH,0.461426,NORMAL,0.473076,0.656928,13.0,47.28,MEDIUM
TF-2026-0003031,IMPORT_LC,CUST-00759,CP-00178,CA,SG,CAD,764186.81,2026-04-11,2026-09-30,SETTLED,CHEMICALS,1,9,2,0,0,4,LOW,0.496002,NORMAL,0.178416,0.255137,5.74,20.36,LOW
TF-2026-0003032,GUARANTEE,CUST-00740,CP-02718,CA,CN,USD,606085.76,2025-05-16,2025-09-09,SETTLED,INDUSTRIAL_EQUIPMENT,0,6,6,0,0,8,HIGH,0.500215,NORMAL,0.118143,0.161648,6.95,26.35,LOW
TF-2026-0003033,EXPORT_LC,CUST-01145,CP-01630,CA,US,CAD,2050513.57,2026-02-23,2026-07-20,CLOSED,CHEMICALS,4,10,11,0,1,6,HIGH,0.555035,NORMAL,0.427158,0.590843,11.44,63.9,MEDIUM
TF-2026-0003034,IMPORT_LC,CUST-00967,CP-00297,CA,IN,EUR,1960413.17,2026-01-14,2026-04-27,CLOSED,AGRICULTURE,3,10,9,0,0,13,LOW,0.552011,NORMAL,0.353915,0.33691,10.01,42.33,MEDIUM
TF-2026-0003035,GUARANTEE,CUST-00833,CP-02839,CA,SG,CAD,789241.95,2026-02-08,2026-07-15,SETTLED,AGRICULTURE,3,9,9,0,0,3,LOW,0.491784,NORMAL,0.309916,0.506789,10.71,32.13,LOW
TF-2026-0003036,IMPORT_LC,CUST-00662,CP-01493,CA,SG,GBP,817423.33,2025-03-29,2025-06-26,ACTIVE,CHEMICALS,4,10,13,0,1,4,MEDIUM,0.521276,NORMAL,0.365089,0.801703,13.38,56.82,MEDIUM
TF-2026-0003037,COLLECTION,CUST-00712,CP-00869,CA,IN,CAD,2818897.32,2024-11-17,2025-05-08,SETTLED,AUTO_PARTS,4,8,12,0,1,12,MEDIUM,0.546376,NORMAL,0.364919,0.751781,13.58,61.07,MEDIUM
TF-2026-0003038,GUARANTEE,CUST-00212,CP-02693,CA,AE,CAD,390749.58,2024-10-12,2025-03-15,SETTLED,TEXTILES,2,7,11,0,1,7,HIGH,0.459253,NORMAL,0.308978,0.365013,9.58,32.09,LOW
TF-2026-0003039,IMPORT_LC,CUST-00505,CP-02943,CA,MX,USD,1235622.62,2024-09-09,2025-02-10,ACTIVE,INDUSTRIAL_EQUIPMENT,2,4,7,0,0,13,MEDIUM,0.520289,NORMAL,0.266622,0.268405,8.27,34.95,LOW
TF-2026-0003040,EXPORT_LC,CUST-01077,CP-00225,CA,IN,CNY,510067.62,2026-04-12,2026-06-24,SETTLED,ELECTRONICS,2,6,13,0,1,9,MEDIUM,0.463367,NORMAL,0.192837,0.396524,9.58,24.88,LOW
TF-2026-0003041,IMPORT_LC,CUST-01070,CP-02334,CA,GB,CAD,652125.11,2024-10-31,2025-01-15,CLOSED,AUTO_PARTS,3,5,13,0,1,15,HIGH,0.524731,NORMAL,0.44375,0.54612,9.82,56.18,MEDIUM
TF-2026-0003042,EXPORT_LC,CUST-00318,CP-00090,CA,US,JPY,131707.89,2025-09-25,2025-12-07,SETTLED,AGRICULTURE,0,6,4,1,0,4,LOW,0.530063,NORMAL,0.481117,0.221403,6.38,37.4,LOW
TF-2026-0003043,IMPORT_LC,CUST-00592,CP-01245,CA,AE,GBP,578257.69,2026-04-26,2026-08-08,CLOSED,INDUSTRIAL_EQUIPMENT,0,4,9,0,0,3,HIGH,0.518456,NORMAL,0.184313,0.29491,5.76,37.98,LOW
TF-2026-0003044,GUARANTEE,CUST-01100,CP-02845,CA,BR,EUR,935959.76,2025-01-22,2025-05-16,ACTIVE,TEXTILES,5,10,24,1,1,12,LOW,0.54797,NORMAL,0.524286,0.858084,18.71,64.89,MEDIUM
TF-2026-0003045,IMPORT_LC,CUST-00980,CP-03388,CA,MX,EUR,32680.37,2025-11-20,2026-02-03,SETTLED,AGRICULTURE,5,4,7,1,0,3,HIGH,0.601852,HIGH,0.715858,0.488867,10.82,72.96,HIGH
TF-2026-0003046,IMPORT_LC,CUST-00021,CP-00447,CA,BR,JPY,201559.49,2026-06-16,2026-10-31,ACTIVE,TEXTILES,5,3,15,1,1,7,LOW,0.548126,NORMAL,0.655899,0.711664,15.24,63.75,MEDIUM
TF-2026-0003047,IMPORT_LC,CUST-00436,CP-02461,CA,GB,CAD,2461719.18,2026-07-06,2026-10-07,ACTIVE,AGRICULTURE,4,10,16,0,1,5,MEDIUM,0.564152,NORMAL,0.516441,0.765292,14.83,68.93,HIGH
TF-2026-0003048,GUARANTEE,CUST-00370,CP-00610,CA,CN,CNY,423934.13,2025-09-14,2025-11-29,CLOSED,INDUSTRIAL_EQUIPMENT,4,6,20,1,1,2,HIGH,0.490849,NORMAL,0.627847,0.70473,13.59,58.34,MEDIUM
TF-2026-0003049,IMPORT_LC,CUST-00141,CP-03458,CA,IN,CNY,46322.85,2024-12-13,2025-04-05,SETTLED,INDUSTRIAL_EQUIPMENT,4,5,15,1,1,14,HIGH,0.594795,HIGH,0.649651,0.716803,13.23,78.66,HIGH
TF-2026-0003050,COLLECTION,CUST-01143,CP-02225,CA,CN,USD,222090.5,2026-03-12,2026-08-09,SETTLED,CHEMICALS,0,7,10,0,0,13,HIGH,0.519944,NORMAL,0.150454,0.261225,6.3,36.1,LOW
TF-2026-0003051,IMPORT_LC,CUST-00218,CP-03394,CA,DE,JPY,408015.45,2025-04-16,2025-07-31,SETTLED,INDUSTRIAL_EQUIPMENT,5,9,18,1,1,3,HIGH,0.524594,NORMAL,0.61486,0.800823,13.24,70.19,HIGH
TF-2026-0003052,IMPORT_LC,CUST-00651,CP-01260,CA,AE,CAD,101917.65,2025-12-05,2026-05-04,ACTIVE,AGRICULTURE,1,10,8,1,0,4,MEDIUM,0.549365,NORMAL,0.549543,0.215401,8.11,48.41,MEDIUM
TF-2026-0003053,GUARANTEE,CUST-01039,CP-03181,CA,FR,USD,770336.32,2025-09-15,2026-03-01,CLOSED,CHEMICALS,4,5,18,0,1,7,MEDIUM,0.47738,NORMAL,0.49263,0.719761,14.53,46.94,MEDIUM
TF-2026-0003054,COLLECTION,CUST-00563,CP-01729,CA,JP,CNY,695608.72,2026-05-19,2026-07-20,SETTLED,AGRICULTURE,5,3,19,1,1,7,MEDIUM,0.535498,NORMAL,0.688829,0.75407,15.8,68.55,HIGH
TF-2026-0003055,COLLECTION,CUST-00141,CP-03462,CA,MX,CAD,5141210.71,2026-05-06,2026-09-02,CLOSED,INDUSTRIAL_EQUIPMENT,5,10,13,1,1,6,HIGH,0.625987,HIGH,0.571018,0.736784,11.65,77.8,HIGH
TF-2026-0003056,COLLECTION,CUST-00534,CP-01873,CA,BR,JPY,112340.3,2025-05-24,2025-10-25,CLOSED,ELECTRONICS,5,6,14,0,1,15,HIGH,0.574916,NORMAL,0.501811,0.700073,13.08,72.38,HIGH
TF-2026-0003057,COLLECTION,CUST-00126,CP-01809,CA,MX,GBP,532833.86,2026-06-06,2026-08-08,CLOSED,ELECTRONICS,2,4,11,0,1,1,LOW,0.498005,NORMAL,0.175597,0.450232,9.65,27.64,LOW
TF-2026-0003058,IMPORT_LC,CUST-00218,CP-03137,CA,BR,CAD,147688.5,2026-06-25,2026-09-09,CLOSED,CHEMICALS,1,10,9,0,0,14,HIGH,0.556899,NORMAL,0.190802,0.243043,8.52,44.93,MEDIUM
TF-2026-0003059,IMPORT_LC,CUST-00121,CP-00993,CA,MX,JPY,264882.29,2026-01-29,2026-05-24,ACTIVE,AGRICULTURE,1,4,6,1,0,13,LOW,0.5029,NORMAL,0.249172,0.215938,7.09,22.85,LOW
TF-2026-0003060,COLLECTION,CUST-00909,CP-02728,CA,AE,GBP,673627.05,2025-02-24,2025-06-13,ACTIVE,ELECTRONICS,4,5,10,0,0,9,MEDIUM,0.474986,NORMAL,0.371773,0.746479,14.7,43.81,MEDIUM
TF-2026-0003061,COLLECTION,CUST-00213,CP-00892,CA,FR,JPY,148485.41,2026-06-04,2026-08-26,CLOSED,INDUSTRIAL_EQUIPMENT,1,8,11,0,1,4,MEDIUM,0.49968,NORMAL,0.10966,0.530349,9.68,33.84,LOW
TF-2026-0003062,GUARANTEE,CUST-00637,CP-03393,CA,IN,USD,1273765.78,2025-04-20,2025-09-02,SETTLED,AUTO_PARTS,1,5,9,1,0,13,MEDIUM,0.513572,NORMAL,0.521996,0.223714,7.84,39.25,LOW
TF-2026-0003063,EXPORT_LC,CUST-00123,CP-01911,CA,AE,CAD,1037965.74,2025-03-04,2025-05-13,CLOSED,CHEMICALS,4,7,12,0,1,5,LOW,0.483972,NORMAL,0.406516,0.78439,12.28,42.9,MEDIUM
TF-2026-0003064,COLLECTION,CUST-00445,CP-02102,CA,DE,EUR,112903.46,2025-07-26,2025-10-30,CLOSED,INDUSTRIAL_EQUIPMENT,3,10,10,0,0,0,MEDIUM,0.57664,NORMAL,0.511978,0.480833,11.79,60.15,MEDIUM
TF-2026-0003065,COLLECTION,CUST-01138,CP-03125,CA,DE,CAD,117461.2,2026-07-04,2026-09-26,SETTLED,AGRICULTURE,5,8,20,1,1,2,HIGH,0.552052,NORMAL,0.520031,0.697157,14.51,69.94,HIGH
TF-2026-0003066,IMPORT_LC,CUST-01113,CP-03148,CA,CN,GBP,244053.48,2026-04-21,2026-08-18,ACTIVE,TEXTILES,3,7,15,0,1,9,HIGH,0.463001,NORMAL,0.40448,0.617847,12.39,43.93,MEDIUM
TF-2026-0003067,EXPORT_LC,CUST-00020,CP-03199,CA,US,EUR,3149368.46,2025-12-06,2026-05-15,ACTIVE,INDUSTRIAL_EQUIPMENT,5,3,16,0,1,9,MEDIUM,0.600627,HIGH,0.387803,0.699032,14.22,65.4,HIGH
TF-2026-0003068,EXPORT_LC,CUST-00285,CP-00343,CA,BR,JPY,341232.51,2026-02-23,2026-07-05,CLOSED,AGRICULTURE,4,3,14,0,1,15,MEDIUM,0.569735,NORMAL,0.329592,0.786208,14.57,64.79,MEDIUM
TF-2026-0003069,COLLECTION,CUST-00193,CP-02912,CA,MX,EUR,787965.47,2025-11-09,2026-03-10,ACTIVE,AUTO_PARTS,1,9,13,0,1,11,MEDIUM,0.496172,NORMAL,0.274164,0.44001,10.47,34.79,LOW
TF-2026-0003070,GUARANTEE,CUST-01119,CP-02374,CA,DE,CAD,349404.87,2025-05-16,2025-09-25,SETTLED,AGRICULTURE,3,3,11,1,1,13,MEDIUM,0.521257,NORMAL,0.621566,0.65804,11.15,59.48,MEDIUM
TF-2026-0003071,IMPORT_LC,CUST-00714,CP-00517,CA,JP,GBP,143356.47,2024-11-15,2025-03-10,CLOSED,CHEMICALS,1,8,6,0,0,9,MEDIUM,0.496121,NORMAL,0.198723,0.245324,7.73,25.68,LOW
TF-2026-0003072,IMPORT_LC,CUST-01137,CP-02573,CA,CN,EUR,259330.91,2025-06-25,2025-08-25,SETTLED,TEXTILES,5,6,19,0,1,11,HIGH,0.504743,NORMAL,0.397663,0.817855,14.81,58.95,MEDIUM
TF-2026-0003073,EXPORT_LC,CUST-00862,CP-03053,CA,BR,CAD,472461.71,2024-11-11,2025-03-24,CLOSED,AUTO_PARTS,2,9,9,0,0,3,LOW,0.488115,NORMAL,0.214332,0.487324,8.42,27.64,LOW
TF-2026-0003074,GUARANTEE,CUST-00838,CP-02454,CA,SG,CNY,120384.42,2026-06-26,2026-10-20,CLOSED,AUTO_PARTS,3,4,11,0,1,4,HIGH,0.509816,NORMAL,0.372333,0.67908,11.32,54.65,MEDIUM
TF-2026-0003075,IMPORT_LC,CUST-00267,CP-02651,CA,AE,CAD,587664.28,2026-07-03,2026-12-04,ACTIVE,AUTO_PARTS,1,6,10,0,0,4,LOW,0.479949,NORMAL,0.240448,0.175005,8.44,15.74,LOW
TF-2026-0003076,GUARANTEE,CUST-01073,CP-01111,CA,AE,CNY,137801.19,2026-03-21,2026-07-17,ACTIVE,CHEMICALS,3,8,8,1,0,14,MEDIUM,0.519289,NORMAL,0.642319,0.4489,10.34,52.29,MEDIUM
TF-2026-0003077,COLLECTION,CUST-00109,CP-02804,CA,DE,USD,204805.2,2024-11-28,2025-05-19,CLOSED,CHEMICALS,1,8,3,0,0,15,HIGH,0.534142,NORMAL,0.225947,0.158143,3.41,38.49,LOW
TF-2026-0003078,EXPORT_LC,CUST-00900,CP-00604,CA,FR,JPY,289797.74,2025-06-20,2025-09-10,CLOSED,AGRICULTURE,1,9,13,0,1,1,MEDIUM,0.509414,NORMAL,0.137313,0.531957,10.54,37.35,LOW
TF-2026-0003079,EXPORT_LC,CUST-00671,CP-03295,CA,JP,CNY,660670.02,2025-01-06,2025-05-26,ACTIVE,AGRICULTURE,1,7,12,0,1,0,MEDIUM,0.525264,NORMAL,0.205865,0.486618,9.81,42.14,MEDIUM
TF-2026-0003080,EXPORT_LC,CUST-00737,CP-01990,CA,BR,EUR,990005.76,2025-05-31,2025-10-15,SETTLED,TEXTILES,0,7,10,0,0,4,HIGH,0.51887,NORMAL,0.154138,0.178879,7.91,33.11,LOW
TF-2026-0003081,EXPORT_LC,CUST-00217,CP-02650,CA,BR,GBP,233862.38,2025-08-06,2025-10-10,CLOSED,CHEMICALS,2,7,2,0,0,7,HIGH,0.469971,NORMAL,0.293482,0.337527,5.92,31.38,LOW
TF-2026-0003082,GUARANTEE,CUST-00843,CP-01549,CA,CN,GBP,1830477.23,2024-09-27,2025-01-03,ACTIVE,AUTO_PARTS,5,8,12,0,1,14,HIGH,0.569218,NORMAL,0.493013,0.7828,13.94,74.5,HIGH
TF-2026-0003083,COLLECTION,CUST-00533,CP-02726,CA,MX,CAD,989457.17,2024-10-01,2024-12-07,CLOSED,INDUSTRIAL_EQUIPMENT,0,7,6,0,0,6,MEDIUM,0.512683,NORMAL,0.286391,0.166889,6.97,29.94,LOW
TF-2026-0003084,EXPORT_LC,CUST-00567,CP-02156,CA,SG,GBP,227959.15,2025-06-29,2025-12-21,ACTIVE,AUTO_PARTS,4,6,14,1,1,9,MEDIUM,0.477059,NORMAL,0.702457,0.744488,13.29,54.04,MEDIUM
TF-2026-0003085,COLLECTION,CUST-00059,CP-00938,CA,US,CAD,975853.74,2024-10-07,2025-03-15,ACTIVE,CHEMICALS,4,5,17,0,1,11,LOW,0.494835,NORMAL,0.47312,0.687068,13.33,44.05,MEDIUM
TF-2026-0003086,COLLECTION,CUST-01024,CP-00083,CA,GB,USD,75308.22,2025-08-26,2025-11-01,ACTIVE,INDUSTRIAL_EQUIPMENT,3,3,8,0,0,7,HIGH,0.557313,NORMAL,0.324962,0.35559,9.46,52.94,MEDIUM
TF-2026-0003087,COLLECTION,CUST-00010,CP-03072,CA,GB,GBP,279581.35,2024-11-29,2025-02-01,SETTLED,AUTO_PARTS,5,9,15,1,1,13,LOW,0.533645,NORMAL,0.708501,0.772117,13.29,64.34,MEDIUM
TF-2026-0003088,EXPORT_LC,CUST-00670,CP-03209,CA,US,USD,1228730.92,2026-04-01,2026-09-26,ACTIVE,AUTO_PARTS,1,8,11,0,1,10,MEDIUM,0.496941,NORMAL,0.16895,0.333232,8.31,28.03,LOW
TF-2026-0003089,COLLECTION,CUST-00868,CP-00624,CA,JP,JPY,250037.43,2026-04-15,2026-08-14,SETTLED,AUTO_PARTS,4,7,10,0,0,8,HIGH,0.47685,NORMAL,0.554483,0.682942,12.84,52.39,MEDIUM
TF-2026-0003090,COLLECTION,CUST-01096,CP-03467,CA,CN,CAD,1110052.45,2026-06-08,2026-10-27,ACTIVE,AGRICULTURE,2,8,5,0,0,0,HIGH,0.536162,NORMAL,0.274312,0.326296,6.86,46.27,MEDIUM
TF-2026-0003091,GUARANTEE,CUST-01200,CP-00372,CA,GB,GBP,744900.17,2026-04-29,2026-09-14,ACTIVE,AGRICULTURE,5,4,15,0,1,4,MEDIUM,0.507389,NORMAL,0.41797,0.779078,14.0,53.87,MEDIUM
TF-2026-0003092,COLLECTION,CUST-00177,CP-02707,CA,SG,EUR,945107.05,2024-11-26,2025-04-23,SETTLED,ELECTRONICS,4,7,19,0,1,12,LOW,0.491959,NORMAL,0.530136,0.650067,12.82,43.82,MEDIUM
TF-2026-0003093,COLLECTION,CUST-00733,CP-02555,CA,AE,CNY,557208.56,2024-12-21,2025-03-31,CLOSED,TEXTILES,2,7,22,0,1,5,LOW,0.462607,NORMAL,0.408907,0.555196,13.96,31.85,LOW
TF-2026-0003094,EXPORT_LC,CUST-00981,CP-01959,CA,IN,JPY,678837.06,2026-03-25,2026-08-07,CLOSED,AGRICULTURE,4,6,13,1,1,6,HIGH,0.474147,NORMAL,0.476741,0.718414,13.22,50.87,MEDIUM
TF-2026-0003095,EXPORT_LC,CUST-00754,CP-01207,CA,FR,CAD,711664.28,2025-11-21,2026-05-10,CLOSED,ELECTRONICS,3,8,13,1,1,6,MEDIUM,0.469573,NORMAL,0.398484,0.655226,11.53,40.58,MEDIUM
TF-2026-0003096,COLLECTION,CUST-01019,CP-02167,CA,GB,JPY,535893.51,2026-03-12,2026-07-09,ACTIVE,TEXTILES,4,10,10,0,0,8,HIGH,0.506163,NORMAL,0.51923,0.543771,12.23,53.35,MEDIUM
TF-2026-0003097,EXPORT_LC,CUST-00417,CP-02569,CA,MX,EUR,223866.19,2025-03-18,2025-06-05,SETTLED,TEXTILES,2,10,11,0,1,14,HIGH,0.539106,NORMAL,0.359218,0.60965,9.82,59.47,MEDIUM
TF-2026-0003098,IMPORT_LC,CUST-00752,CP-00199,CA,JP,CAD,396757.59,2024-09-02,2025-01-07,ACTIVE,AUTO_PARTS,2,5,13,0,1,12,MEDIUM,0.484495,NORMAL,0.222225,0.538203,10.87,33.85,LOW
TF-2026-0003099,GUARANTEE,CUST-00274,CP-02700,CA,IN,CNY,311670.48,2025-04-13,2025-08-14,CLOSED,AUTO_PARTS,1,9,9,0,0,10,LOW,0.490492,NORMAL,0.21055,0.177305,9.4,17.27,LOW
TF-2026-0003100,EXPORT_LC,CUST-01033,CP-00290,CA,DE,GBP,1505793.96,2025-10-14,2025-12-16,SETTLED,INDUSTRIAL_EQUIPMENT,5,5,17,0,1,4,HIGH,0.529661,NORMAL,0.574389,0.770483,15.32,69.28,HIGH
TF-2026-0003101,EXPORT_LC,CUST-00825,CP-00009,CA,AE,JPY,617695.73,2025-05-25,2025-08-24,CLOSED,INDUSTRIAL_EQUIPMENT,4,7,13,0,1,6,HIGH,0.469736,NORMAL,0.547027,0.847509,13.28,56.79,MEDIUM
TF-2026-0003102,EXPORT_LC,CUST-00935,CP-01165,CA,GB,EUR,241997.1,2026-01-02,2026-05-06,ACTIVE,CHEMICALS,3,6,6,0,0,1,LOW,0.493696,NORMAL,0.388958,0.349254,8.47,29.43,LOW
TF-2026-0003103,GUARANTEE,CUST-00114,CP-03341,CA,GB,JPY,1112650.32,2024-12-23,2025-03-18,ACTIVE,CHEMICALS,5,6,12,1,1,7,HIGH,0.499305,NORMAL,0.642695,0.816666,12.82,64.77,MEDIUM
TF-2026-0003104,COLLECTION,CUST-00140,CP-01933,CA,SG,USD,4716313.61,2025-07-28,2025-10-04,ACTIVE,ELECTRONICS,5,10,4,1,0,15,LOW,0.652842,HIGH,0.585336,0.588312,10.95,63.14,MEDIUM
TF-2026-0003105,GUARANTEE,CUST-00594,CP-01345,CA,JP,CNY,147429.66,2026-05-07,2026-08-29,SETTLED,INDUSTRIAL_EQUIPMENT,5,3,21,0,1,3,MEDIUM,0.568434,NORMAL,0.424211,0.82388,17.06,68.79,HIGH
TF-2026-0003106,IMPORT_LC,CUST-00930,CP-00154,CA,BR,CNY,431323.64,2025-03-25,2025-06-04,ACTIVE,ELECTRONICS,2,5,8,0,0,10,MEDIUM,0.471739,NORMAL,0.196966,0.426699,9.11,26.84,LOW
TF-2026-0003107,GUARANTEE,CUST-00551,CP-00522,CA,AE,USD,692209.8,2026-01-20,2026-05-10,SETTLED,CHEMICALS,2,10,9,0,0,4,LOW,0.506239,NORMAL,0.250009,0.437957,10.45,31.6,LOW
TF-2026-0003108,GUARANTEE,CUST-00262,CP-01378,CA,SG,CNY,445211.99,2025-11-02,2026-01-11,ACTIVE,AGRICULTURE,0,8,11,0,1,1,HIGH,0.527481,NORMAL,0.119616,0.443265,8.16,43.61,MEDIUM
TF-2026-0003109,EXPORT_LC,CUST-00699,CP-01231,CA,IN,JPY,211812.98,2024-10-12,2025-02-21,ACTIVE,CHEMICALS,4,3,9,0,0,13,HIGH,0.539736,NORMAL,0.311799,0.519723,10.02,55.07,MEDIUM
TF-2026-0003110,COLLECTION,CUST-01136,CP-01842,CA,IN,CAD,771874.8,2024-09-26,2024-12-05,ACTIVE,INDUSTRIAL_EQUIPMENT,4,10,7,0,0,7,MEDIUM,0.513647,NORMAL,0.351432,0.615623,12.22,47.88,MEDIUM
TF-2026-0003111,GUARANTEE,CUST-00952,CP-02536,CA,US,EUR,620149.34,2026-04-25,2026-10-03,CLOSED,AGRICULTURE,4,9,10,1,0,3,LOW,0.499819,NORMAL,0.652174,0.433635,9.78,41.77,MEDIUM
TF-2026-0003112,IMPORT_LC,CUST-00533,CP-02224,CA,AE,USD,2727373.98,2024-10-02,2024-12-11,ACTIVE,INDUSTRIAL_EQUIPMENT,3,7,10,0,0,14,MEDIUM,0.553491,NORMAL,0.369096,0.522812,11.45,54.54,MEDIUM
TF-2026-0003113,GUARANTEE,CUST-00935,CP-02878,CA,GB,JPY,613749.05,2024-11-29,2025-01-30,SETTLED,INDUSTRIAL_EQUIPMENT,5,6,16,0,1,8,LOW,0.484966,NORMAL,0.446314,0.858422,15.03,46.92,MEDIUM
TF-2026-0003114,COLLECTION,CUST-00179,CP-03393,CA,IN,EUR,547342.69,2025-09-07,2026-01-28,SETTLED,INDUSTRIAL_EQUIPMENT,2,5,5,0,0,13,LOW,0.490828,NORMAL,0.282779,0.252686,6.94,22.15,LOW
TF-2026-0003115,EXPORT_LC,CUST-01033,CP-01824,CA,GB,CAD,111537.22,2025-09-15,2026-01-15,CLOSED,INDUSTRIAL_EQUIPMENT,3,6,9,0,0,6,HIGH,0.497454,NORMAL,0.54054,0.362116,8.91,45.32,MEDIUM
TF-2026-0003116,COLLECTION,CUST-00365,CP-01313,CA,IN,GBP,278139.21,2025-01-12,2025-06-17,CLOSED,ELECTRONICS,1,3,11,0,1,0,HIGH,0.571932,NORMAL,0.215493,0.537997,9.41,57.84,MEDIUM
TF-2026-0003117,IMPORT_LC,CUST-00803,CP-02955,CA,CN,USD,1234025.4,2025-02-11,2025-04-17,CLOSED,ELECTRONICS,3,8,14,0,1,1,MEDIUM,0.515357,NORMAL,0.332179,0.559773,11.92,45.87,MEDIUM
TF-2026-0003118,COLLECTION,CUST-00355,CP-00777,CA,JP,EUR,289314.79,2024-09-12,2024-11-18,CLOSED,INDUSTRIAL_EQUIPMENT,2,10,10,0,0,4,MEDIUM,0.502619,NORMAL,0.290419,0.370239,10.36,34.4,LOW
TF-2026-0003119,EXPORT_LC,CUST-01169,CP-01986,CA,JP,CAD,1017811.89,2025-01-24,2025-04-30,ACTIVE,AGRICULTURE,5,9,22,0,1,10,LOW,0.521442,NORMAL,0.461795,0.811644,17.19,55.13,MEDIUM
TF-2026-0003120,COLLECTION,CUST-00542,CP-00526,CA,BR,EUR,217536.45,2024-09-15,2025-03-08,SETTLED,AUTO_PARTS,4,9,7,1,0,4,HIGH,0.50529,NORMAL,0.788524,0.53849,11.09,61.0,MEDIUM
TF-2026-0003121,GUARANTEE,CUST-00344,CP-01091,CA,US,CAD,471251.42,2026-04-12,2026-09-09,CLOSED,CHEMICALS,2,3,10,0,0,5,HIGH,0.511385,NORMAL,0.248668,0.321028,9.68,38.84,LOW
TF-2026-0003122,EXPORT_LC,CUST-00442,CP-02592,CA,DE,EUR,411201.44,2026-06-20,2026-08-22,SETTLED,ELECTRONICS,1,5,8,0,0,3,MEDIUM,0.487851,NORMAL,0.139386,0.287532,7.52,23.35,LOW
TF-2026-0003123,COLLECTION,CUST-00155,CP-03279,CA,DE,CAD,395753.64,2025-08-09,2026-01-14,CLOSED,CHEMICALS,3,8,11,0,1,4,LOW,0.473964,NORMAL,0.321016,0.736788,10.4,36.81,LOW
TF-2026-0003124,EXPORT_LC,CUST-01198,CP-02111,CA,AE,JPY,217794.81,2024-10-11,2025-02-18,SETTLED,ELECTRONICS,0,8,11,0,1,10,MEDIUM,0.517001,NORMAL,0.120028,0.472843,9.28,36.93,LOW
TF-2026-0003125,COLLECTION,CUST-00628,CP-02135,CA,FR,EUR,823655.17,2026-03-13,2026-07-20,ACTIVE,AUTO_PARTS,5,6,19,0,1,8,HIGH,0.488181,NORMAL,0.548295,0.756536,16.54,57.09,MEDIUM
TF-2026-0003126,IMPORT_LC,CUST-01095,CP-00857,CA,DE,CNY,369843.84,2024-08-24,2025-01-06,SETTLED,AGRICULTURE,3,5,8,1,0,12,HIGH,0.48191,NORMAL,0.571805,0.405894,9.03,44.13,MEDIUM
TF-2026-0003127,COLLECTION,CUST-00196,CP-00261,CA,SG,CNY,614004.03,2026-01-31,2026-07-22,CLOSED,TEXTILES,2,10,10,0,0,6,HIGH,0.504545,NORMAL,0.267761,0.350285,9.84,38.64,LOW
TF-2026-0003128,IMPORT_LC,CUST-00419,CP-00568,CA,BR,USD,1367620.23,2024-10-24,2025-03-06,ACTIVE,INDUSTRIAL_EQUIPMENT,4,9,11,0,1,2,LOW,0.528611,NORMAL,0.322448,0.786669,12.15,52.02,MEDIUM
TF-2026-0003129,COLLECTION,CUST-00438,CP-03080,CA,DE,USD,76775.42,2025-08-30,2026-02-05,CLOSED,ELECTRONICS,5,3,16,0,1,10,MEDIUM,0.589561,HIGH,0.450914,0.759678,14.5,68.9,HIGH
TF-2026-0003130,COLLECTION,CUST-00573,CP-02089,CA,DE,JPY,231778.04,2025-02-15,2025-05-04,SETTLED,INDUSTRIAL_EQUIPMENT,1,6,5,0,0,3,HIGH,0.487553,NORMAL,0.160669,0.413241,8.93,33.34,LOW
TF-2026-0003131,GUARANTEE,CUST-00287,CP-01916,CA,IN,JPY,515149.28,2026-02-16,2026-06-15,ACTIVE,AGRICULTURE,5,3,10,1,0,5,MEDIUM,0.537068,NORMAL,0.417628,0.518363,11.46,52.53,MEDIUM
TF-2026-0003132,COLLECTION,CUST-00985,CP-01002,CA,CN,EUR,481164.68,2025-06-19,2025-11-24,CLOSED,ELECTRONICS,1,6,4,0,0,4,LOW,0.47736,NORMAL,0.167785,0.237452,6.02,15.3,LOW
TF-2026-0003133,IMPORT_LC,CUST-00949,CP-01077,CA,JP,EUR,814444.94,2025-03-27,2025-08-18,CLOSED,AUTO_PARTS,1,9,5,0,0,0,HIGH,0.542355,NORMAL,0.24315,0.179909,6.96,41.64,MEDIUM
TF-2026-0003134,GUARANTEE,CUST-00276,CP-01836,CA,MX,GBP,214797.22,2025-06-23,2025-12-12,SETTLED,AUTO_PARTS,0,6,9,1,0,0,HIGH,0.551823,NORMAL,0.32177,0.174252,7.5,45.66,MEDIUM
TF-2026-0003135,IMPORT_LC,CUST-00532,CP-02958,CA,IN,GBP,249584.98,2024-11-01,2025-01-08,SETTLED,ELECTRONICS,1,7,9,0,0,13,LOW,0.491091,NORMAL,0.218185,0.265596,8.39,20.76,LOW
TF-2026-0003136,IMPORT_LC,CUST-01035,CP-03451,CA,CN,CAD,691498.12,2025-04-12,2025-07-06,CLOSED,AGRICULTURE,3,9,14,0,1,11,LOW,0.485429,NORMAL,0.259086,0.622864,12.45,33.13,LOW
TF-2026-0003137,COLLECTION,CUST-01050,CP-01211,CA,SG,GBP,581343.67,2026-02-11,2026-07-24,SETTLED,AGRICULTURE,5,4,17,0,1,15,MEDIUM,0.557551,NORMAL,0.439757,0.762359,15.87,65.67,HIGH
TF-2026-0003138,GUARANTEE,CUST-01091,CP-02353,CA,MX,JPY,224409.81,2025-12-19,2026-02-24,ACTIVE,ELECTRONICS,0,10,14,0,1,7,LOW,0.542336,NORMAL,0.15336,0.399654,9.18,36.63,LOW
TF-2026-0003139,IMPORT_LC,CUST-00235,CP-00005,CA,GB,CAD,499715.54,2026-02-18,2026-06-16,ACTIVE,INDUSTRIAL_EQUIPMENT,5,5,17,0,1,10,LOW,0.497061,NORMAL,0.350379,0.759203,14.92,43.42,MEDIUM
TF-2026-0003140,EXPORT_LC,CUST-00107,CP-03444,CA,JP,JPY,201738.92,2026-07-31,2026-11-02,ACTIVE,INDUSTRIAL_EQUIPMENT,5,8,18,1,1,6,HIGH,0.511587,NORMAL,0.782394,0.795948,15.73,71.52,HIGH
TF-2026-0003141,EXPORT_LC,CUST-00514,CP-01857,CA,GB,USD,391858.4,2024-09-04,2025-01-19,CLOSED,TEXTILES,4,3,14,1,1,0,LOW,0.562394,NORMAL,0.656626,0.670249,11.76,64.61,MEDIUM
TF-2026-0003142,COLLECTION,CUST-00272,CP-01873,CA,BR,GBP,67050.67,2025-01-25,2025-04-19,CLOSED,AUTO_PARTS,1,8,6,0,0,15,MEDIUM,0.579541,NORMAL,0.210003,0.206068,5.19,41.67,MEDIUM
TF-2026-0003143,GUARANTEE,CUST-00074,CP-02197,CA,DE,CNY,366665.57,2025-08-25,2025-11-08,ACTIVE,ELECTRONICS,0,9,7,0,0,11,HIGH,0.516271,NORMAL,0.138307,0.143228,6.46,30.77,LOW
TF-2026-0003144,COLLECTION,CUST-00488,CP-01080,CA,DE,CAD,517680.05,2024-09-24,2025-03-22,SETTLED,INDUSTRIAL_EQUIPMENT,1,5,5,0,0,13,MEDIUM,0.494152,NORMAL,0.300697,0.315061,7.06,30.74,LOW
TF-2026-0003145,COLLECTION,CUST-00446,CP-02806,CA,JP,CAD,603775.06,2026-01-28,2026-05-13,ACTIVE,ELECTRONICS,2,8,10,0,0,13,LOW,0.486008,NORMAL,0.156298,0.286681,8.38,18.41,LOW
TF-2026-0003146,EXPORT_LC,CUST-00247,CP-02591,CA,AE,GBP,522165.15,2024-09-02,2024-11-04,ACTIVE,ELECTRONICS,1,8,5,0,0,0,MEDIUM,0.525572,NORMAL,0.233672,0.261307,6.91,35.21,LOW
TF-2026-0003147,EXPORT_LC,CUST-00978,CP-03023,CA,IN,CNY,1487766.88,2026-08-11,2026-12-15,ACTIVE,ELECTRONICS,1,10,8,0,0,7,HIGH,0.530515,NORMAL,0.112839,0.201569,7.48,35.77,LOW
TF-2026-0003148,EXPORT_LC,CUST-01146,CP-00690,CA,GB,JPY,1649796.32,2026-04-19,2026-07-01,SETTLED,CHEMICALS,0,8,7,0,0,14,LOW,0.5619,NORMAL,0.121688,0.244548,6.52,33.61,LOW
TF-2026-0003149,GUARANTEE,CUST-00751,CP-01509,CA,BR,GBP,450994.64,2025-12-28,2026-06-23,ACTIVE,AUTO_PARTS,4,4,11,0,1,13,MEDIUM,0.501235,NORMAL,0.418858,0.846633,12.01,54.55,MEDIUM
TF-2026-0003150,IMPORT_LC,CUST-00768,CP-02172,CA,AE,JPY,292938.02,2025-04-06,2025-07-12,ACTIVE,CHEMICALS,3,6,14,1,1,14,MEDIUM,0.502248,NORMAL,0.464458,0.6805,12.62,50.36,MEDIUM
TF-2026-0003151,IMPORT_LC,CUST-00030,CP-00437,CA,DE,GBP,389739.74,2025-10-18,2026-01-17,CLOSED,INDUSTRIAL_EQUIPMENT,5,3,14,1,1,14,HIGH,0.573391,NORMAL,0.65921,0.820716,13.88,81.18,HIGH
TF-2026-0003152,GUARANTEE,CUST-00547,CP-03444,CA,JP,GBP,41855.69,2026-02-14,2026-07-21,CLOSED,INDUSTRIAL_EQUIPMENT,2,4,5,0,0,6,HIGH,0.563174,NORMAL,0.232801,0.311172,7.5,49.4,MEDIUM
TF-2026-0003153,IMPORT_LC,CUST-00573,CP-01809,CA,MX,CAD,1193508.38,2025-12-09,2026-04-20,CLOSED,INDUSTRIAL_EQUIPMENT,2,6,1,0,0,1,HIGH,0.508993,NORMAL,0.334917,0.381871,7.43,42.88,MEDIUM
TF-2026-0003154,IMPORT_LC,CUST-00868,CP-00522,CA,AE,CNY,234038.61,2025-01-21,2025-06-11,ACTIVE,AGRICULTURE,1,9,10,1,0,4,HIGH,0.492812,NORMAL,0.493752,0.215989,9.9,37.73,LOW
TF-2026-0003155,IMPORT_LC,CUST-00687,CP-02984,CA,CN,USD,142210.14,2025-09-19,2026-02-25,SETTLED,AUTO_PARTS,5,5,16,1,1,2,HIGH,0.53973,NORMAL,0.57362,0.765994,15.62,71.53,HIGH
TF-2026-0003156,COLLECTION,CUST-00078,CP-02620,CA,BR,USD,633231.46,2025-03-30,2025-06-25,SETTLED,ELECTRONICS,4,9,14,0,1,3,HIGH,0.500442,NORMAL,0.465172,0.785181,13.93,58.62,MEDIUM
TF-2026-0003157,GUARANTEE,CUST-00342,CP-01453,CA,IN,EUR,264866.44,2025-09-17,2025-12-13,ACTIVE,AGRICULTURE,1,8,8,0,0,2,LOW,0.498263,NORMAL,0.150401,0.241281,7.13,19.62,LOW
TF-2026-0003158,IMPORT_LC,CUST-00380,CP-02582,CA,DE,CNY,327600.74,2025-06-18,2025-11-09,CLOSED,CHEMICALS,2,7,8,1,0,13,LOW,0.480485,NORMAL,0.512768,0.423752,10.41,32.73,LOW
TF-2026-0003159,COLLECTION,CUST-00610,CP-02732,CA,MX,CNY,1375568.68,2025-09-02,2025-11-06,SETTLED,TEXTILES,4,9,20,0,1,8,HIGH,0.505036,NORMAL,0.552028,0.711744,15.09,59.9,MEDIUM
TF-2026-0003160,GUARANTEE,CUST-00980,CP-00384,CA,GB,GBP,2192785.18,2026-06-11,2026-09-05,ACTIVE,INDUSTRIAL_EQUIPMENT,0,6,14,0,1,9,HIGH,0.538847,NORMAL,0.221148,0.383678,10.07,47.34,MEDIUM
TF-2026-0003161,COLLECTION,CUST-00790,CP-01766,CA,GB,CNY,384621.59,2026-08-03,2026-11-05,CLOSED,AUTO_PARTS,5,10,10,0,0,1,HIGH,0.566529,NORMAL,0.57586,0.70847,13.33,74.04,HIGH
TF-2026-0003162,EXPORT_LC,CUST-00971,CP-02835,CA,MX,CAD,947111.67,2025-09-25,2026-02-19,CLOSED,CHEMICALS,3,4,8,0,0,13,HIGH,0.502575,NORMAL,0.397584,0.63273,12.17,51.78,MEDIUM
TF-2026-0003163,EXPORT_LC,CUST-00014,CP-00122,CA,US,USD,1797333.51,2025-10-01,2026-02-03,SETTLED,TEXTILES,0,5,7,0,0,3,HIGH,0.545209,NORMAL,0.141553,0.206938,6.98,40.03,MEDIUM
TF-2026-0003164,EXPORT_LC,CUST-01043,CP-01687,CA,AE,EUR,353953.59,2025-03-23,2025-06-05,ACTIVE,TEXTILES,2,4,10,0,0,10,HIGH,0.486492,NORMAL,0.491185,0.492352,10.05,45.77,MEDIUM
TF-2026-0003165,GUARANTEE,CUST-00259,CP-03136,CA,GB,CAD,747228.15,2025-06-16,2025-09-26,ACTIVE,AGRICULTURE,0,6,6,0,0,4,LOW,0.508231,NORMAL,0.152193,0.160769,6.4,19.45,LOW
TF-2026-0003166,IMPORT_LC,CUST-00292,CP-00472,CA,FR,CAD,246579.06,2026-07-10,2026-10-13,CLOSED,ELECTRONICS,0,5,6,0,0,9,MEDIUM,0.508598,NORMAL,0.160309,0.245555,6.86,27.78,LOW
TF-2026-0003167,EXPORT_LC,CUST-00346,CP-02444,CA,BR,CNY,398551.8,2026-04-09,2026-09-21,SETTLED,AGRICULTURE,1,3,12,0,1,11,MEDIUM,0.522017,NORMAL,0.2091,0.56276,9.98,44.0,MEDIUM
TF-2026-0003168,COLLECTION,CUST-01174,CP-00433,CA,CN,GBP,496579.61,2025-10-30,2026-03-26,SETTLED,TEXTILES,3,8,7,0,0,10,MEDIUM,0.464964,NORMAL,0.332085,0.499586,9.87,32.78,LOW
TF-2026-0003169,COLLECTION,CUST-00788,CP-00329,CA,SG,USD,171001.18,2025-12-16,2026-03-18,CLOSED,CHEMICALS,1,7,10,0,0,4,LOW,0.49204,NORMAL,0.185975,0.30408,9.76,21.4,LOW
TF-2026-0003170,GUARANTEE,CUST-00584,CP-03260,CA,US,GBP,22877.32,2026-05-04,2026-08-04,CLOSED,ELECTRONICS,0,4,4,1,0,3,MEDIUM,0.610003,HIGH,0.246476,0.274837,7.8,46.59,MEDIUM
TF-2026-0003171,COLLECTION,CUST-01092,CP-01714,CA,IN,GBP,100424.94,2026-03-20,2026-07-04,SETTLED,AGRICULTURE,3,5,1,0,0,7,LOW,0.503758,NORMAL,0.329398,0.42242,7.84,32.8,LOW
TF-2026-0003172,GUARANTEE,CUST-00635,CP-01679,CA,SG,GBP,283228.5,2024-12-11,2025-05-19,SETTLED,AUTO_PARTS,2,5,12,1,1,11,MEDIUM,0.486488,NORMAL,0.492041,0.615761,10.56,45.1,MEDIUM
TF-2026-0003173,IMPORT_LC,CUST-00368,CP-00602,CA,US,CAD,2149447.22,2025-06-23,2025-09-29,SETTLED,ELECTRONICS,4,3,15,0,1,2,MEDIUM,0.57292,NORMAL,0.266323,0.735592,13.7,61.35,MEDIUM
TF-2026-0003174,COLLECTION,CUST-00210,CP-03242,CA,BR,USD,522773.63,2026-03-17,2026-09-12,CLOSED,TEXTILES,1,7,5,0,0,8,MEDIUM,0.473925,NORMAL,0.266231,0.21366,6.82,21.85,LOW
TF-2026-0003175,EXPORT_LC,CUST-00246,CP-01133,CA,BR,CNY,143042.58,2026-02-13,2026-05-21,ACTIVE,AGRICULTURE,4,5,8,0,0,14,HIGH,0.545434,NORMAL,0.417325,0.527943,9.08,59.6,MEDIUM
TF-2026-0003176,GUARANTEE,CUST-00974,CP-02611,CA,MX,GBP,424906.0,2026-07-24,2026-10-20,SETTLED,INDUSTRIAL_EQUIPMENT,3,8,12,0,1,13,LOW,0.485527,NORMAL,0.4125,0.612271,12.12,37.4,LOW
TF-2026-0003177,GUARANTEE,CUST-00103,CP-01965,CA,GB,EUR,2710077.69,2026-08-11,2026-11-20,ACTIVE,INDUSTRIAL_EQUIPMENT,0,10,9,0,0,15,HIGH,0.622485,HIGH,0.315538,0.1877,7.66,50.88,MEDIUM
TF-2026-0003178,GUARANTEE,CUST-01179,CP-00270,CA,FR,GBP,1092307.94,2025-11-24,2026-04-19,ACTIVE,TEXTILES,3,9,9,1,0,11,HIGH,0.497109,NORMAL,0.496872,0.547698,11.22,50.42,MEDIUM
TF-2026-0003179,IMPORT_LC,CUST-00558,CP-02633,CA,DE,EUR,859791.13,2026-06-08,2026-10-08,CLOSED,AGRICULTURE,4,9,18,1,1,4,MEDIUM,0.499573,NORMAL,0.653632,0.631227,12.8,53.64,MEDIUM
TF-2026-0003180,IMPORT_LC,CUST-00178,CP-03320,CA,CN,CNY,509252.66,2024-11-05,2025-04-27,CLOSED,INDUSTRIAL_EQUIPMENT,4,10,14,0,1,13,LOW,0.5279,NORMAL,0.337138,0.707053,13.32,49.47,MEDIUM
TF-2026-0003181,GUARANTEE,CUST-00972,CP-02372,CA,AE,JPY,647214.97,2025-05-02,2025-08-01,CLOSED,AUTO_PARTS,4,5,10,1,0,5,MEDIUM,0.477725,NORMAL,0.647749,0.671217,13.44,49.98,MEDIUM
TF-2026-0003182,EXPORT_LC,CUST-00057,CP-01267,CA,JP,CNY,1159436.57,2026-03-28,2026-08-30,SETTLED,CHEMICALS,1,4,10,0,0,6,LOW,0.501513,NORMAL,0.143,0.274179,9.83,21.29,LOW
TF-2026-0003183,IMPORT_LC,CUST-00286,CP-02370,CA,FR,GBP,1254583.26,2025-02-05,2025-05-04,ACTIVE,AUTO_PARTS,4,6,13,1,1,9,MEDIUM,0.488441,NORMAL,0.48937,0.616476,11.1,45.47,MEDIUM
TF-2026-0003184,GUARANTEE,CUST-00355,CP-00431,CA,DE,CNY,472244.62,2024-12-18,2025-04-25,ACTIVE,INDUSTRIAL_EQUIPMENT,1,6,12,0,1,3,MEDIUM,0.481349,NORMAL,0.119627,0.464778,9.58,27.52,LOW
TF-2026-0003185,EXPORT_LC,CUST-00103,CP-01265,CA,IN,CNY,125402.76,2025-11-21,2026-04-02,CLOSED,TEXTILES,1,3,9,0,0,2,HIGH,0.567896,NORMAL,0.122345,0.217258,8.08,43.44,MEDIUM
TF-2026-0003186,EXPORT_LC,CUST-00789,CP-01738,CA,CN,CNY,59685.87,2026-02-08,2026-07-01,CLOSED,CHEMICALS,3,10,9,1,0,7,MEDIUM,0.560182,NORMAL,0.652624,0.401621,10.32,59.77,MEDIUM
TF-2026-0003187,EXPORT_LC,CUST-00554,CP-00482,CA,GB,CNY,300923.92,2025-04-13,2025-09-13,SETTLED,TEXTILES,4,10,8,1,0,5,LOW,0.514875,NORMAL,0.680785,0.545464,11.03,50.69,MEDIUM
TF-2026-0003188,GUARANTEE,CUST-00215,CP-01421,CA,DE,USD,990090.48,2025-10-10,2026-04-07,SETTLED,AUTO_PARTS,5,6,17,1,1,4,HIGH,0.502878,NORMAL,0.660532,0.804844,14.92,65.8,HIGH
TF-2026-0003189,GUARANTEE,CUST-00412,CP-03394,CA,DE,EUR,279021.7,2024-12-31,2025-04-28,ACTIVE,INDUSTRIAL_EQUIPMENT,2,10,11,0,1,3,LOW,0.508084,NORMAL,0.234401,0.629184,11.38,38.26,LOW
TF-2026-0003190,EXPORT_LC,CUST-00423,CP-02133,CA,MX,USD,402408.04,2025-02-18,2025-06-23,SETTLED,AUTO_PARTS,4,5,16,0,1,0,MEDIUM,0.52636,NORMAL,0.481513,0.674524,13.97,57.3,MEDIUM
TF-2026-0003191,IMPORT_LC,CUST-00729,CP-00393,CA,GB,USD,258207.12,2026-01-30,2026-07-17,ACTIVE,TEXTILES,4,10,18,1,1,12,MEDIUM,0.524449,NORMAL,0.630217,0.781762,15.11,64.96,MEDIUM
TF-2026-0003192,EXPORT_LC,CUST-01033,CP-02500,CA,JP,CAD,272193.04,2024-11-26,2025-04-23,SETTLED,TEXTILES,0,8,10,0,0,1,HIGH,0.531614,NORMAL,0.091379,0.182123,8.2,34.67,LOW
TF-2026-0003193,IMPORT_LC,CUST-00241,CP-00637,CA,SG,CNY,171341.44,2025-03-10,2025-06-14,CLOSED,INDUSTRIAL_EQUIPMENT,2,3,18,0,1,3,MEDIUM,0.542077,NORMAL,0.269414,0.411929,8.59,45.48,MEDIUM
TF-2026-0003194,IMPORT_LC,CUST-00125,CP-01882,CA,SG,JPY,300055.89,2026-07-03,2026-09-11,SETTLED,TEXTILES,3,5,18,0,1,15,LOW,0.527329,NORMAL,0.378727,0.60258,13.87,46.91,MEDIUM
TF-2026-0003195,EXPORT_LC,CUST-00831,CP-00219,CA,SG,USD,1424227.69,2024-11-24,2025-04-29,SETTLED,AUTO_PARTS,5,10,12,0,1,1,LOW,0.584041,NORMAL,0.360098,0.769813,13.49,61.18,MEDIUM
TF-2026-0003196,GUARANTEE,CUST-01139,CP-02197,CA,DE,USD,748840.77,2024-09-23,2025-01-17,ACTIVE,CHEMICALS,1,8,5,1,0,11,HIGH,0.487059,NORMAL,0.453809,0.1829,6.55,33.9,LOW
TF-2026-0003197,IMPORT_LC,CUST-00014,CP-01720,CA,DE,GBP,104671.08,2025-03-02,2025-07-31,ACTIVE,INDUSTRIAL_EQUIPMENT,3,5,11,0,1,5,HIGH,0.511936,NORMAL,0.367718,0.680979,11.01,55.16,MEDIUM
TF-2026-0003198,EXPORT_LC,CUST-00021,CP-03450,CA,US,EUR,170932.34,2025-03-19,2025-05-20,SETTLED,ELECTRONICS,4,4,14,1,1,9,LOW,0.508171,NORMAL,0.627067,0.72029,11.48,53.24,MEDIUM
TF-2026-0003199,GUARANTEE,CUST-00497,CP-01586,CA,JP,EUR,187353.57,2026-04-19,2026-08-24,ACTIVE,INDUSTRIAL_EQUIPMENT,4,5,12,0,1,9,LOW,0.489957,NORMAL,0.51668,0.800734,12.04,48.12,MEDIUM
TF-2026-0003200,EXPORT_LC,CUST-01180,CP-00338,CA,MX,CNY,2634407.8,2025-06-19,2025-12-06,CLOSED,AUTO_PARTS,2,3,13,1,1,7,HIGH,0.563866,NORMAL,0.537776,0.637278,11.12,70.04,HIGH
TF-2026-0003201,IMPORT_LC,CUST-01076,CP-02195,CA,AE,EUR,142358.84,2026-07-02,2026-09-18,CLOSED,INDUSTRIAL_EQUIPMENT,3,5,12,0,1,10,HIGH,0.495977,NORMAL,0.384866,0.715072,12.12,52.65,MEDIUM
TF-2026-0003202,IMPORT_LC,CUST-00363,CP-01797,CA,DE,CAD,343616.86,2026-05-19,2026-09-26,CLOSED,INDUSTRIAL_EQUIPMENT,5,9,9,0,0,1,HIGH,0.54654,NORMAL,0.434723,0.63731,11.9,64.2,MEDIUM
TF-2026-0003203,IMPORT_LC,CUST-00281,CP-01456,CA,IN,USD,1218079.0,2025-02-06,2025-06-19,CLOSED,AUTO_PARTS,1,10,10,0,0,8,LOW,0.522983,NORMAL,0.250865,0.142638,8.47,25.76,LOW
TF-2026-0003204,IMPORT_LC,CUST-00441,CP-01925,CA,DE,CAD,50349.91,2024-08-29,2024-10-30,SETTLED,TEXTILES,2,4,5,0,0,4,MEDIUM,0.560942,NORMAL,0.341688,0.337703,7.42,48.31,MEDIUM
TF-2026-0003205,EXPORT_LC,CUST-00829,CP-00490,CA,MX,EUR,130525.14,2026-04-21,2026-09-17,ACTIVE,AGRICULTURE,5,10,14,0,1,14,MEDIUM,0.588997,NORMAL,0.612846,0.754746,14.03,73.53,HIGH
TF-2026-0003206,GUARANTEE,CUST-00931,CP-03293,CA,CN,EUR,2892286.89,2025-09-24,2026-02-08,CLOSED,CHEMICALS,1,6,4,0,0,13,MEDIUM,0.547989,NORMAL,0.198086,0.183143,5.97,36.49,LOW
TF-2026-0003207,IMPORT_LC,CUST-00204,CP-00014,CA,BR,EUR,369818.21,2025-02-27,2025-08-25,CLOSED,AUTO_PARTS,2,3,11,1,1,7,HIGH,0.508624,NORMAL,0.61958,0.560228,10.11,57.58,MEDIUM
TF-2026-0003208,GUARANTEE,CUST-00604,CP-02268,CA,BR,CNY,121902.28,2025-12-26,2026-03-22,SETTLED,AGRICULTURE,4,8,7,0,0,2,MEDIUM,0.527819,NORMAL,0.448187,0.549464,9.78,52.26,MEDIUM
TF-2026-0003209,EXPORT_LC,CUST-00776,CP-02803,CA,US,JPY,499368.23,2025-05-02,2025-08-23,ACTIVE,ELECTRONICS,4,5,15,1,1,8,HIGH,0.470982,NORMAL,0.670194,0.681317,12.29,54.85,MEDIUM
TF-2026-0003210,EXPORT_LC,CUST-00105,CP-03040,CA,US,GBP,896993.29,2026-04-22,2026-08-12,CLOSED,TEXTILES,1,6,6,0,0,11,LOW,0.484962,NORMAL,0.149993,0.265189,8.26,17.26,LOW
TF-2026-0003211,IMPORT_LC,CUST-00729,CP-02805,CA,BR,CAD,880601.43,2025-12-10,2026-02-12,SETTLED,AGRICULTURE,4,3,12,0,1,13,MEDIUM,0.539868,NORMAL,0.331741,0.818668,13.16,61.16,MEDIUM
TF-2026-0003212,GUARANTEE,CUST-00780,CP-03084,CA,US,CAD,268161.51,2024-11-19,2025-01-19,SETTLED,TEXTILES,5,4,20,1,1,4,MEDIUM,0.517022,NORMAL,0.671631,0.788163,16.0,64.51,MEDIUM
TF-2026-0003213,GUARANTEE,CUST-00193,CP-02590,CA,DE,CAD,411480.95,2025-01-21,2025-04-20,SETTLED,TEXTILES,5,7,13,0,1,9,MEDIUM,0.48211,NORMAL,0.496227,0.840928,13.78,52.12,MEDIUM
TF-2026-0003214,COLLECTION,CUST-01171,CP-00188,CA,AE,CNY,958559.49,2024-08-29,2024-12-09,ACTIVE,AGRICULTURE,3,6,15,0,1,9,LOW,0.469907,NORMAL,0.369275,0.687291,12.62,35.87,LOW
TF-2026-0003215,IMPORT_LC,CUST-00004,CP-01694,CA,DE,USD,3175254.67,2024-10-07,2025-01-16,ACTIVE,INDUSTRIAL_EQUIPMENT,0,8,9,0,0,1,LOW,0.581018,NORMAL,0.27032,0.149914,6.64,36.59,LOW
TF-2026-0003216,EXPORT_LC,CUST-00067,CP-00987,CA,US,CNY,210423.07,2024-12-14,2025-02-12,CLOSED,AUTO_PARTS,5,4,19,0,1,14,MEDIUM,0.554092,NORMAL,0.482987,0.664081,14.83,63.01,MEDIUM
TF-2026-0003217,GUARANTEE,CUST-00662,CP-01896,CA,BR,CAD,483442.53,2026-06-02,2026-10-12,SETTLED,INDUSTRIAL_EQUIPMENT,0,5,7,0,0,12,MEDIUM,0.514075,NORMAL,0.149903,0.205917,6.35,27.62,LOW
TF-2026-0003218,IMPORT_LC,CUST-00960,CP-01623,CA,CN,JPY,63763.13,2024-12-18,2025-04-17,ACTIVE,CHEMICALS,0,5,6,0,0,12,MEDIUM,0.578866,NORMAL,0.121976,0.158337,6.02,37.31,LOW
TF-2026-0003219,EXPORT_LC,CUST-01030,CP-02431,CA,BR,USD,2496169.36,2025-10-19,2026-03-18,SETTLED,CHEMICALS,0,8,2,0,0,11,MEDIUM,0.558157,NORMAL,0.096456,0.222354,5.08,36.58,LOW
TF-2026-0003220,EXPORT_LC,CUST-00591,CP-00086,CA,BR,EUR,1564753.83,2024-10-28,2025-04-04,CLOSED,TEXTILES,1,9,12,0,1,10,MEDIUM,0.517588,NORMAL,0.152751,0.520811,10.37,39.74,LOW
TF-2026-0003221,EXPORT_LC,CUST-01031,CP-03301,CA,FR,GBP,71939.52,2026-04-13,2026-06-17,SETTLED,ELECTRONICS,4,9,12,0,1,5,LOW,0.553732,NORMAL,0.577664,0.752065,12.67,63.88,MEDIUM
TF-2026-0003222,IMPORT_LC,CUST-01104,CP-00911,CA,AE,CAD,458644.79,2026-07-31,2026-11-16,SETTLED,INDUSTRIAL_EQUIPMENT,4,5,14,0,1,0,HIGH,0.524253,NORMAL,0.500524,0.777133,13.48,65.84,HIGH
TF-2026-0003223,EXPORT_LC,CUST-00403,CP-02336,CA,GB,CAD,221712.11,2024-10-27,2025-01-28,CLOSED,AGRICULTURE,1,8,5,0,0,1,HIGH,0.509346,NORMAL,0.239405,0.22367,6.18,34.6,LOW
TF-2026-0003224,IMPORT_LC,CUST-00660,CP-02691,CA,JP,CNY,1792411.64,2025-10-22,2026-02-14,CLOSED,CHEMICALS,3,9,12,1,1,13,LOW,0.529364,NORMAL,0.423233,0.643813,11.13,50.26,MEDIUM
TF-2026-0003225,GUARANTEE,CUST-00220,CP-02811,CA,BR,CAD,1984788.35,2025-09-10,2026-01-08,CLOSED,AUTO_PARTS,0,8,8,0,0,0,LOW,0.58803,NORMAL,0.18434,0.154325,6.72,34.62,LOW
TF-2026-0003226,IMPORT_LC,CUST-00084,CP-02519,CA,MX,USD,690809.63,2025-09-02,2026-01-19,SETTLED,AUTO_PARTS,5,6,12,1,1,8,LOW,0.486715,NORMAL,0.743094,0.788839,14.23,53.75,MEDIUM
TF-2026-0003227,GUARANTEE,CUST-00188,CP-01285,CA,SG,USD,97829.56,2024-10-12,2025-02-14,SETTLED,TEXTILES,1,9,12,0,1,4,HIGH,0.52662,NORMAL,0.174223,0.471689,10.22,46.05,MEDIUM
TF-2026-0003228,EXPORT_LC,CUST-00779,CP-03353,CA,MX,CNY,380719.74,2024-09-17,2025-01-06,CLOSED,TEXTILES,1,8,14,1,1,11,MEDIUM,0.483837,NORMAL,0.583234,0.474417,11.44,42.31,MEDIUM
TF-2026-0003229,COLLECTION,CUST-01094,CP-00025,CA,IN,EUR,1482672.26,2025-03-22,2025-07-14,CLOSED,INDUSTRIAL_EQUIPMENT,2,8,8,0,0,3,MEDIUM,0.509677,NORMAL,0.206879,0.405324,8.46,35.08,LOW
TF-2026-0003230,IMPORT_LC,CUST-00130,CP-01726,CA,IN,CAD,292731.97,2026-01-17,2026-04-10,SETTLED,AUTO_PARTS,1,9,2,0,0,10,LOW,0.492513,NORMAL,0.238296,0.139069,5.93,17.32,LOW
TF-2026-0003231,GUARANTEE,CUST-00427,CP-03138,CA,GB,EUR,1553745.13,2025-09-17,2026-03-10,ACTIVE,ELECTRONICS,1,9,11,0,1,3,HIGH,0.521475,NORMAL,0.192743,0.303707,8.96,39.3,LOW
TF-2026-0003232,GUARANTEE,CUST-00454,CP-00367,CA,CN,JPY,798965.47,2026-07-09,2026-12-05,SETTLED,CHEMICALS,0,7,4,0,0,13,LOW,0.513764,NORMAL,0.15713,0.177469,5.37,21.76,LOW
TF-2026-0003233,GUARANTEE,CUST-00846,CP-03379,CA,FR,JPY,860345.2,2024-12-26,2025-03-15,CLOSED,CHEMICALS,2,10,10,1,0,6,MEDIUM,0.512743,NORMAL,0.477585,0.375522,8.54,43.0,MEDIUM
TF-2026-0003234,GUARANTEE,CUST-00923,CP-03159,CA,SG,USD,132733.58,2025-07-02,2025-12-25,ACTIVE,ELECTRONICS,5,5,12,1,1,9,LOW,0.526557,NORMAL,0.678441,0.831845,14.62,63.75,MEDIUM
TF-2026-0003235,EXPORT_LC,CUST-01094,CP-00188,CA,AE,EUR,159214.9,2025-01-25,2025-06-25,CLOSED,TEXTILES,5,4,8,1,0,9,MEDIUM,0.531974,NORMAL,0.755425,0.535052,10.92,62.04,MEDIUM
TF-2026-0003236,EXPORT_LC,CUST-00743,CP-01239,CA,SG,CNY,212038.53,2026-07-09,2026-09-10,SETTLED,AUTO_PARTS,3,7,13,1,1,7,HIGH,0.465311,NORMAL,0.695641,0.666694,11.65,54.56,MEDIUM
TF-2026-0003237,IMPORT_LC,CUST-00685,CP-02046,CA,US,JPY,367728.02,2024-09-11,2025-02-28,SETTLED,ELECTRONICS,1,5,6,0,0,15,LOW,0.527432,NORMAL,0.203981,0.288285,6.98,30.71,LOW
TF-2026-0003238,GUARANTEE,CUST-00192,CP-02145,CA,FR,CAD,695479.6,2025-11-06,2026-03-09,CLOSED,AUTO_PARTS,2,5,13,0,1,15,HIGH,0.529156,NORMAL,0.169626,0.344935,9.88,42.11,MEDIUM
TF-2026-0003239,EXPORT_LC,CUST-00181,CP-00441,CA,US,CNY,458442.82,2024-10-23,2025-02-27,ACTIVE,AGRICULTURE,1,6,11,0,1,10,LOW,0.474856,NORMAL,0.12786,0.47266,8.88,21.88,LOW
TF-2026-0003240,GUARANTEE,CUST-00750,CP-01749,CA,SG,CNY,1415045.55,2024-10-26,2025-02-21,ACTIVE,ELECTRONICS,1,10,4,0,0,12,HIGH,0.543733,NORMAL,0.161203,0.292055,5.75,43.36,MEDIUM
TF-2026-0003241,COLLECTION,CUST-00073,CP-01432,CA,FR,CAD,4254548.84,2026-07-26,2026-12-31,CLOSED,ELECTRONICS,4,5,9,0,0,9,HIGH,0.552339,NORMAL,0.352765,0.463261,11.01,56.78,MEDIUM
TF-2026-0003242,GUARANTEE,CUST-00724,CP-02687,CA,JP,GBP,1650748.49,2025-07-29,2026-01-21,CLOSED,ELECTRONICS,3,7,17,0,1,0,MEDIUM,0.544412,NORMAL,0.384505,0.574572,10.22,55.07,MEDIUM
TF-2026-0003243,IMPORT_LC,CUST-00403,CP-00033,CA,FR,USD,655834.75,2026-02-04,2026-05-09,ACTIVE,AGRICULTURE,0,7,5,0,0,5,HIGH,0.500773,NORMAL,0.118655,0.247467,7.14,29.46,LOW
TF-2026-0003244,COLLECTION,CUST-00315,CP-01983,CA,JP,EUR,259775.99,2026-02-13,2026-05-17,ACTIVE,TEXTILES,3,10,14,1,1,12,HIGH,0.512404,NORMAL,0.290879,0.622937,12.7,50.98,MEDIUM
TF-2026-0003245,EXPORT_LC,CUST-01017,CP-01431,CA,BR,JPY,320634.8,2024-12-29,2025-06-04,CLOSED,TEXTILES,3,9,12,0,1,0,HIGH,0.52522,NORMAL,0.369977,0.677069,11.35,58.71,MEDIUM
TF-2026-0003246,IMPORT_LC,CUST-00808,CP-02310,CA,AE,CNY,1159137.23,2026-01-06,2026-06-01,SETTLED,AGRICULTURE,2,7,1,0,0,12,MEDIUM,0.488425,NORMAL,0.196009,0.328346,6.9,26.58,LOW
TF-2026-0003247,COLLECTION,CUST-00290,CP-01146,CA,JP,CAD,1192533.24,2025-09-26,2026-03-10,SETTLED,CHEMICALS,1,10,8,0,0,9,LOW,0.523737,NORMAL,0.124535,0.268177,7.78,26.64,LOW
TF-2026-0003248,EXPORT_LC,CUST-00902,CP-00165,CA,AE,EUR,336100.49,2025-08-01,2025-11-28,CLOSED,AGRICULTURE,4,7,9,1,0,9,HIGH,0.467619,NORMAL,0.673879,0.650075,11.41,53.53,MEDIUM
TF-2026-0003249,COLLECTION,CUST-00771,CP-02110,CA,MX,CNY,92427.64,2026-05-17,2026-10-01,SETTLED,TEXTILES,4,4,12,0,1,12,LOW,0.541832,NORMAL,0.450174,0.644279,11.09,54.01,MEDIUM
TF-2026-0003250,GUARANTEE,CUST-01034,CP-02752,CA,FR,GBP,963141.69,2025-06-02,2025-08-02,CLOSED,AUTO_PARTS,5,5,15,1,1,0,LOW,0.54979,NORMAL,0.621138,0.771133,14.24,65.12,HIGH
TF-2026-0003251,COLLECTION,CUST-00658,CP-00700,CA,FR,EUR,446001.2,2026-02-25,2026-05-25,CLOSED,AUTO_PARTS,0,8,1,0,0,10,HIGH,0.502175,NORMAL,0.23633,0.180493,5.73,31.0,LOW
TF-2026-0003252,GUARANTEE,CUST-00286,CP-03410,CA,AE,CNY,430563.02,2025-06-14,2025-10-25,ACTIVE,TEXTILES,5,10,18,0,1,11,MEDIUM,0.535516,NORMAL,0.524119,0.817276,15.86,65.82,HIGH
TF-2026-0003253,COLLECTION,CUST-00739,CP-02914,CA,JP,CAD,2559943.18,2026-01-23,2026-05-15,SETTLED,AUTO_PARTS,4,4,12,1,1,4,HIGH,0.539701,NORMAL,0.45728,0.696843,11.48,65.6,HIGH
TF-2026-0003254,GUARANTEE,CUST-01119,CP-00809,CA,GB,USD,257153.13,2026-06-22,2026-12-09,SETTLED,ELECTRONICS,5,3,13,0,1,14,MEDIUM,0.578462,NORMAL,0.472054,0.657928,12.12,65.26,HIGH
TF-2026-0003255,IMPORT_LC,CUST-00191,CP-01981,CA,US,JPY,1097519.46,2025-12-22,2026-04-13,CLOSED,TEXTILES,3,5,11,0,1,3,LOW,0.494428,NORMAL,0.391199,0.542169,10.91,36.46,LOW
TF-2026-0003256,GUARANTEE,CUST-00285,CP-03269,CA,BR,CNY,74046.22,2026-02-15,2026-07-19,CLOSED,INDUSTRIAL_EQUIPMENT,0,7,3,0,0,11,MEDIUM,0.562122,NORMAL,0.108382,0.194824,4.61,36.49,LOW
TF-2026-0003257,IMPORT_LC,CUST-00233,CP-02662,CA,BR,USD,1142894.34,2026-04-29,2026-07-15,ACTIVE,AUTO_PARTS,2,9,8,0,0,8,HIGH,0.492455,NORMAL,0.27239,0.348077,8.91,35.64,LOW
TF-2026-0003258,COLLECTION,CUST-00175,CP-02007,CA,BR,GBP,487140.46,2026-03-22,2026-06-06,ACTIVE,AGRICULTURE,0,5,3,0,0,7,LOW,0.506134,NORMAL,0.135566,0.234755,7.16,21.02,LOW
TF-2026-0003259,IMPORT_LC,CUST-00374,CP-01848,CA,FR,USD,536120.89,2026-04-22,2026-10-05,CLOSED,AGRICULTURE,0,4,11,0,1,4,HIGH,0.511759,NORMAL,0.130751,0.224594,5.56,32.03,LOW
TF-2026-0003260,EXPORT_LC,CUST-00568,CP-03061,CA,DE,EUR,339032.17,2025-09-23,2026-02-05,CLOSED,CHEMICALS,4,7,13,0,1,4,LOW,0.4836,NORMAL,0.454038,0.735277,12.41,42.49,MEDIUM
TF-2026-0003261,COLLECTION,CUST-00444,CP-00755,CA,GB,CNY,303611.42,2025-05-24,2025-09-09,SETTLED,TEXTILES,0,5,3,0,0,7,HIGH,0.509511,NORMAL,0.216984,0.209268,4.6,33.49,LOW
TF-2026-0003262,COLLECTION,CUST-00882,CP-00747,CA,US,EUR,181538.71,2025-06-02,2025-08-04,SETTLED,AGRICULTURE,2,7,7,0,0,15,MEDIUM,0.530313,NORMAL,0.380839,0.42877,10.85,46.7,MEDIUM
TF-2026-0003263,GUARANTEE,CUST-00958,CP-00730,CA,BR,USD,165939.49,2024-10-10,2024-12-30,ACTIVE,CHEMICALS,1,10,11,0,1,4,HIGH,0.527746,NORMAL,0.254561,0.507614,9.6,49.94,MEDIUM
TF-2026-0003264,IMPORT_LC,CUST-00535,CP-02658,CA,SG,CNY,137778.01,2026-03-12,2026-06-28,ACTIVE,AUTO_PARTS,3,4,12,0,1,3,MEDIUM,0.505476,NORMAL,0.463061,0.603602,11.17,48.59,MEDIUM
TF-2026-0003265,GUARANTEE,CUST-01052,CP-00030,CA,DE,USD,654234.36,2026-01-12,2026-05-29,CLOSED,CHEMICALS,0,4,8,0,0,1,MEDIUM,0.536312,NORMAL,0.2255,0.251473,7.38,37.22,LOW
TF-2026-0003266,IMPORT_LC,CUST-00180,CP-01951,CA,CN,CAD,1981906.43,2025-03-29,2025-07-07,ACTIVE,TEXTILES,0,5,15,0,1,10,LOW,0.539022,NORMAL,0.139342,0.430099,9.99,36.56,LOW
TF-2026-0003267,COLLECTION,CUST-01023,CP-02731,CA,FR,CNY,808583.47,2026-07-21,2026-10-01,ACTIVE,INDUSTRIAL_EQUIPMENT,4,3,14,1,1,13,LOW,0.53485,NORMAL,0.490108,0.628499,12.72,53.05,MEDIUM
TF-2026-0003268,IMPORT_LC,CUST-01199,CP-02239,CA,FR,GBP,519163.33,2025-08-31,2025-11-24,SETTLED,TEXTILES,5,3,9,0,0,3,HIGH,0.545959,NORMAL,0.481808,0.625326,12.92,65.05,HIGH
TF-2026-0003269,IMPORT_LC,CUST-00241,CP-02102,CA,DE,JPY,182904.6,2025-04-04,2025-06-27,ACTIVE,CHEMICALS,1,6,9,0,0,0,MEDIUM,0.532688,NORMAL,0.312235,0.27837,9.1,39.93,LOW
TF-2026-0003270,IMPORT_LC,CUST-00939,CP-02254,CA,IN,EUR,2715769.56,2026-06-12,2026-11-14,ACTIVE,AUTO_PARTS,3,9,7,1,0,7,LOW,0.527637,NORMAL,0.686341,0.296789,9.14,45.5,MEDIUM
TF-2026-0003271,GUARANTEE,CUST-00754,CP-02923,CA,AE,CAD,229284.41,2024-09-02,2025-01-24,CLOSED,AUTO_PARTS,5,5,9,1,0,9,MEDIUM,0.502448,NORMAL,0.580967,0.609313,12.53,51.43,MEDIUM
TF-2026-0003272,EXPORT_LC,CUST-00171,CP-01951,CA,CN,USD,388769.85,2024-10-30,2025-03-22,CLOSED,CHEMICALS,0,10,2,0,0,10,MEDIUM,0.536171,NORMAL,0.125802,0.195633,4.33,32.25,LOW
TF-2026-0003273,EXPORT_LC,CUST-00891,CP-01726,CA,IN,GBP,188042.12,2026-03-05,2026-05-04,ACTIVE,ELECTRONICS,0,6,13,0,1,10,LOW,0.515307,NORMAL,0.154125,0.244166,6.95,24.47,LOW
TF-2026-0003274,GUARANTEE,CUST-00163,CP-00144,CA,GB,EUR,964258.39,2025-08-12,2025-12-11,CLOSED,ELECTRONICS,0,10,5,0,0,14,HIGH,0.569914,NORMAL,0.252043,0.195228,6.01,46.78,MEDIUM
TF-2026-0003275,GUARANTEE,CUST-00100,CP-00171,CA,MX,CNY,145656.52,2026-06-23,2026-09-20,ACTIVE,CHEMICALS,4,4,22,1,1,15,LOW,0.556749,NORMAL,0.647872,0.558429,10.66,59.64,MEDIUM
TF-2026-0003276,COLLECTION,CUST-00147,CP-00691,CA,BR,USD,99211.42,2025-06-27,2025-11-11,SETTLED,CHEMICALS,5,7,21,0,1,10,MEDIUM,0.53214,NORMAL,0.470002,0.777665,14.64,62.04,MEDIUM
TF-2026-0003277,IMPORT_LC,CUST-00555,CP-01099,CA,MX,JPY,512595.37,2025-06-26,2025-09-01,ACTIVE,ELECTRONICS,2,5,11,0,1,7,MEDIUM,0.465241,NORMAL,0.344223,0.537024,10.02,34.47,LOW
TF-2026-0003278,IMPORT_LC,CUST-00673,CP-01324,CA,US,EUR,1663763.4,2026-06-26,2026-10-24,ACTIVE,AGRICULTURE,0,5,12,0,1,6,MEDIUM,0.528089,NORMAL,0.193611,0.402039,8.74,39.56,LOW
TF-2026-0003279,EXPORT_LC,CUST-00981,CP-01425,CA,JP,USD,513384.01,2025-07-27,2025-10-05,CLOSED,AGRICULTURE,5,5,8,1,0,2,HIGH,0.503599,NORMAL,0.463472,0.69415,13.97,56.28,MEDIUM
TF-2026-0003280,GUARANTEE,CUST-00521,CP-03001,CA,FR,JPY,148484.08,2025-05-19,2025-11-11,ACTIVE,TEXTILES,1,7,13,0,1,9,MEDIUM,0.490939,NORMAL,0.140475,0.35709,6.89,26.6,LOW
TF-2026-0003281,EXPORT_LC,CUST-00297,CP-03172,CA,GB,CAD,164077.18,2026-04-14,2026-09-27,SETTLED,AUTO_PARTS,2,6,13,1,1,0,MEDIUM,0.537952,NORMAL,0.616504,0.576045,11.19,60.72,MEDIUM
TF-2026-0003282,EXPORT_LC,CUST-00519,CP-00693,CA,IN,CAD,128702.79,2026-07-17,2026-11-13,CLOSED,TEXTILES,0,7,1,0,0,11,MEDIUM,0.530171,NORMAL,0.275251,0.249227,5.43,37.22,LOW
TF-2026-0003283,EXPORT_LC,CUST-00731,CP-01703,CA,AE,GBP,179111.77,2026-02-08,2026-05-21,CLOSED,AGRICULTURE,2,4,15,0,1,1,LOW,0.516378,NORMAL,0.227875,0.633373,12.13,40.66,MEDIUM
TF-2026-0003284,COLLECTION,CUST-00254,CP-02757,CA,FR,EUR,4272908.26,2025-06-08,2025-09-26,SETTLED,AGRICULTURE,4,9,9,1,0,5,MEDIUM,0.569019,NORMAL,0.539303,0.593813,13.8,64.26,MEDIUM
TF-2026-0003285,GUARANTEE,CUST-00788,CP-01127,CA,FR,CNY,6798892.89,2025-02-13,2025-06-06,SETTLED,ELECTRONICS,3,4,13,1,1,3,LOW,0.593407,HIGH,0.442118,0.619671,11.27,58.96,MEDIUM
TF-2026-0003286,EXPORT_LC,CUST-00212,CP-03247,CA,AE,GBP,99925.1,2026-03-16,2026-07-12,SETTLED,ELECTRONICS,1,8,6,0,0,0,HIGH,0.565782,NORMAL,0.197831,0.301406,6.83,48.35,MEDIUM
TF-2026-0003287,GUARANTEE,CUST-00771,CP-00096,CA,BR,CNY,1393252.08,2024-11-29,2025-02-12,SETTLED,AUTO_PARTS,5,8,14,0,1,10,LOW,0.519876,NORMAL,0.548021,0.820816,15.08,57.57,MEDIUM
TF-2026-0003288,COLLECTION,CUST-00257,CP-00631,CA,BR,EUR,3630361.59,2025-12-01,2026-05-25,ACTIVE,AUTO_PARTS,5,5,16,1,1,14,LOW,0.600828,HIGH,0.681611,0.724275,15.18,70.13,HIGH
TF-2026-0003289,GUARANTEE,CUST-01164,CP-02299,CA,AE,JPY,574105.07,2024-10-31,2025-02-15,CLOSED,TEXTILES,4,6,16,0,1,4,MEDIUM,0.477663,NORMAL,0.483367,0.750622,15.07,47.81,MEDIUM
TF-2026-0003290,IMPORT_LC,CUST-00525,CP-02762,CA,BR,GBP,619074.29,2026-07-29,2026-10-06,SETTLED,AGRICULTURE,3,3,7,0,0,0,MEDIUM,0.556274,NORMAL,0.43043,0.39354,8.48,52.27,MEDIUM
TF-2026-0003291,GUARANTEE,CUST-00512,CP-02802,CA,AE,CNY,182689.02,2025-07-14,2025-11-07,ACTIVE,AGRICULTURE,0,10,9,0,0,13,MEDIUM,0.563899,NORMAL,0.184669,0.236721,6.85,40.44,MEDIUM
TF-2026-0003292,GUARANTEE,CUST-01102,CP-02505,CA,US,EUR,310620.73,2025-09-07,2026-03-02,CLOSED,TEXTILES,3,7,6,1,0,9,LOW,0.460912,NORMAL,0.450273,0.549201,11.22,32.82,LOW
TF-2026-0003293,IMPORT_LC,CUST-00741,CP-02792,CA,CN,USD,5424134.4,2026-02-26,2026-04-27,ACTIVE,CHEMICALS,2,10,16,1,1,11,MEDIUM,0.602821,HIGH,0.248137,0.461373,11.29,52.99,MEDIUM
TF-2026-0003294,IMPORT_LC,CUST-00331,CP-03223,CA,IN,JPY,149488.91,2024-08-13,2024-12-17,ACTIVE,ELECTRONICS,0,9,12,0,1,14,HIGH,0.567295,NORMAL,0.148013,0.507589,9.96,54.27,MEDIUM
TF-2026-0003295,COLLECTION,CUST-00097,CP-00877,CA,CN,CNY,160226.65,2025-06-23,2025-12-04,CLOSED,CHEMICALS,5,10,13,0,1,11,MEDIUM,0.55799,NORMAL,0.481429,0.711413,14.72,65.22,HIGH
TF-2026-0003296,GUARANTEE,CUST-00623,CP-00535,CA,DE,EUR,1427296.23,2026-05-02,2026-10-18,ACTIVE,AUTO_PARTS,5,8,16,0,1,14,MEDIUM,0.555147,NORMAL,0.452159,0.738371,14.4,64.84,MEDIUM
TF-2026-0003297,GUARANTEE,CUST-00555,CP-02306,CA,IN,CAD,316604.32,2024-11-28,2025-04-30,CLOSED,TEXTILES,5,7,14,1,1,5,MEDIUM,0.493946,NORMAL,0.710607,0.733724,13.22,57.63,MEDIUM
TF-2026-0003298,EXPORT_LC,CUST-01011,CP-00789,CA,SG,CNY,150609.9,2024-12-14,2025-05-21,SETTLED,AUTO_PARTS,3,9,11,0,1,7,LOW,0.492697,NORMAL,0.459196,0.712837,10.91,44.07,MEDIUM
TF-2026-0003299,GUARANTEE,CUST-00573,CP-02549,CA,US,EUR,125449.09,2025-03-23,2025-07-29,ACTIVE,CHEMICALS,4,10,9,1,0,8,HIGH,0.541387,NORMAL,0.665678,0.473022,10.11,64.39,MEDIUM
TF-2026-0003300,EXPORT_LC,CUST-00694,CP-01485,CA,SG,JPY,643930.08,2025-07-14,2025-09-18,SETTLED,TEXTILES,5,5,16,0,1,0,MEDIUM,0.544044,NORMAL,0.562185,0.805979,15.01,68.45,HIGH
TF-2026-0003301,COLLECTION,CUST-00095,CP-02182,CA,AE,EUR,387740.33,2025-02-20,2025-04-23,ACTIVE,ELECTRONICS,4,4,9,0,0,5,HIGH,0.493449,NORMAL,0.610573,0.489332,11.61,50.95,MEDIUM
TF-2026-0003302,EXPORT_LC,CUST-00293,CP-03040,CA,US,CAD,339813.43,2026-08-02,2026-11-13,SETTLED,TEXTILES,4,7,8,0,0,11,HIGH,0.480164,NORMAL,0.491133,0.470511,9.88,43.64,MEDIUM
TF-2026-0003303,COLLECTION,CUST-00018,CP-01707,CA,IN,EUR,543754.38,2024-08-26,2024-11-14,ACTIVE,INDUSTRIAL_EQUIPMENT,3,5,7,0,0,1,LOW,0.491774,NORMAL,0.417194,0.277995,7.91,27.34,LOW
TF-2026-0003304,GUARANTEE,CUST-00549,CP-02226,CA,AE,GBP,106281.38,2024-08-14,2024-11-14,CLOSED,INDUSTRIAL_EQUIPMENT,2,3,7,0,0,10,HIGH,0.556143,NORMAL,0.204768,0.482341,9.32,53.58,MEDIUM
TF-2026-0003305,COLLECTION,CUST-00418,CP-00877,CA,CN,JPY,863747.13,2026-07-09,2026-10-01,SETTLED,INDUSTRIAL_EQUIPMENT,5,7,17,0,1,11,HIGH,0.49778,NORMAL,0.536755,0.843107,15.56,62.15,MEDIUM
TF-2026-0003306,GUARANTEE,CUST-00635,CP-02810,CA,SG,CNY,511516.21,2025-04-15,2025-08-14,SETTLED,AUTO_PARTS,5,3,9,0,0,10,MEDIUM,0.535675,NORMAL,0.432306,0.800555,16.02,62.52,MEDIUM
TF-2026-0003307,IMPORT_LC,CUST-00317,CP-02700,CA,IN,USD,457016.3,2024-10-12,2025-02-21,SETTLED,AGRICULTURE,3,5,10,1,0,10,HIGH,0.471933,NORMAL,0.638238,0.327427,9.67,41.66,MEDIUM
TF-2026-0003308,EXPORT_LC,CUST-00159,CP-01016,CA,SG,CNY,387795.73,2026-04-12,2026-09-18,CLOSED,TEXTILES,0,6,3,0,0,5,LOW,0.500193,NORMAL,0.119751,0.213824,5.96,18.22,LOW
TF-2026-0003309,COLLECTION,CUST-00518,CP-02544,CA,CN,GBP,376273.75,2025-08-14,2025-11-04,ACTIVE,ELECTRONICS,3,6,9,0,0,5,HIGH,0.464689,NORMAL,0.515581,0.455504,10.07,41.7,MEDIUM
TF-2026-0003310,GUARANTEE,CUST-00804,CP-00328,CA,US,USD,81836.87,2025-01-19,2025-07-07,SETTLED,ELECTRONICS,1,7,10,0,0,6,HIGH,0.523088,NORMAL,0.197992,0.267247,9.29,38.57,LOW
TF-2026-0003311,IMPORT_LC,CUST-00981,CP-00679,CA,AE,GBP,77851.9,2024-09-10,2024-11-25,ACTIVE,TEXTILES,4,4,11,1,1,12,HIGH,0.551635,NORMAL,0.612063,0.709572,11.43,73.05,HIGH
TF-2026-0003312,IMPORT_LC,CUST-00524,CP-02877,CA,JP,CNY,772032.13,2024-10-21,2025-03-01,CLOSED,AUTO_PARTS,5,9,14,0,1,13,HIGH,0.53589,NORMAL,0.290433,0.806744,14.07,63.52,MEDIUM
TF-2026-0003313,COLLECTION,CUST-00858,CP-02392,CA,MX,CAD,187143.26,2025-08-31,2026-02-13,SETTLED,CHEMICALS,4,4,14,1,1,6,LOW,0.505222,NORMAL,0.680173,0.593103,11.5,49.63,MEDIUM
TF-2026-0003314,COLLECTION,CUST-00110,CP-03253,CA,AE,JPY,436363.99,2025-04-24,2025-07-16,ACTIVE,TEXTILES,1,5,6,0,0,2,LOW,0.492145,NORMAL,0.281618,0.282043,7.33,23.52,LOW
TF-2026-0003315,GUARANTEE,CUST-01078,CP-01249,CA,DE,CAD,342195.16,2026-04-09,2026-08-03,ACTIVE,CHEMICALS,4,6,18,1,1,11,MEDIUM,0.483205,NORMAL,0.659904,0.788651,15.86,55.45,MEDIUM
TF-2026-0003316,EXPORT_LC,CUST-00268,CP-00099,CA,SG,CAD,85933.98,2026-01-02,2026-04-29,ACTIVE,TEXTILES,2,10,15,1,1,15,MEDIUM,0.594213,HIGH,0.399972,0.639195,12.04,63.43,MEDIUM
TF-2026-0003317,EXPORT_LC,CUST-00382,CP-00728,CA,FR,CNY,814602.59,2025-12-23,2026-04-18,SETTLED,INDUSTRIAL_EQUIPMENT,4,3,13,1,1,5,MEDIUM,0.520862,NORMAL,0.609252,0.74465,12.44,62.06,MEDIUM
TF-2026-0003318,COLLECTION,CUST-01060,CP-02156,CA,SG,JPY,1161793.49,2024-10-01,2025-02-06,SETTLED,AUTO_PARTS,4,10,11,0,1,9,HIGH,0.520283,NORMAL,0.404029,0.771667,12.39,61.68,MEDIUM
TF-2026-0003319,IMPORT_LC,CUST-00735,CP-01703,CA,AE,GBP,1673549.42,2026-03-10,2026-06-12,ACTIVE,AGRICULTURE,1,5,10,1,0,1,MEDIUM,0.530759,NORMAL,0.48967,0.195247,9.4,41.94,MEDIUM
TF-2026-0003320,GUARANTEE,CUST-00795,CP-03114,CA,SG,GBP,182361.18,2024-10-05,2024-12-21,CLOSED,TEXTILES,3,5,9,0,0,0,LOW,0.53311,NORMAL,0.374653,0.449091,8.84,42.9,MEDIUM
TF-2026-0003321,EXPORT_LC,CUST-01085,CP-00576,CA,SG,CNY,1400739.88,2025-10-07,2026-03-04,CLOSED,TEXTILES,5,3,16,1,1,5,HIGH,0.56629,NORMAL,0.696364,0.749258,15.0,79.04,HIGH
TF-2026-0003322,COLLECTION,CUST-00896,CP-01218,CA,MX,JPY,383870.74,2026-05-16,2026-09-25,CLOSED,AGRICULTURE,2,8,12,0,1,8,MEDIUM,0.468576,NORMAL,0.274273,0.571047,10.59,33.83,LOW
TF-2026-0003323,EXPORT_LC,CUST-00226,CP-01201,CA,DE,CNY,667101.13,2025-06-18,2025-09-21,CLOSED,ELECTRONICS,2,8,6,0,0,10,MEDIUM,0.472187,NORMAL,0.165921,0.321869,8.27,22.35,LOW
TF-2026-0003324,EXPORT_LC,CUST-00770,CP-01301,CA,DE,CNY,629861.33,2026-04-17,2026-06-16,SETTLED,ELECTRONICS,2,8,7,0,0,0,LOW,0.52255,NORMAL,0.199242,0.387399,9.64,32.67,LOW
TF-2026-0003325,GUARANTEE,CUST-00958,CP-00017,CA,DE,EUR,9686.76,2025-04-04,2025-08-25,CLOSED,CHEMICALS,4,4,13,1,1,1,HIGH,0.614084,HIGH,0.659537,0.686508,12.39,78.51,HIGH
TF-2026-0003326,IMPORT_LC,CUST-01153,CP-00268,CA,BR,GBP,335495.55,2026-03-11,2026-07-26,SETTLED,CHEMICALS,1,5,9,0,0,3,LOW,0.488921,NORMAL,0.189961,0.284057,9.42,19.99,LOW
TF-2026-0003327,EXPORT_LC,CUST-00885,CP-02400,CA,BR,CNY,105188.89,2026-07-03,2026-09-21,SETTLED,INDUSTRIAL_EQUIPMENT,1,9,8,0,0,14,HIGH,0.553656,NORMAL,0.147433,0.268175,7.87,44.02,MEDIUM
TF-2026-0003328,GUARANTEE,CUST-00934,CP-02534,CA,MX,EUR,1835826.56,2025-06-20,2025-08-29,CLOSED,CHEMICALS,4,6,16,1,1,5,MEDIUM,0.511304,NORMAL,0.596719,0.679156,14.19,56.79,MEDIUM
TF-2026-0003329,EXPORT_LC,CUST-00198,CP-01225,CA,DE,JPY,318579.4,2025-04-24,2025-07-31,SETTLED,CHEMICALS,5,3,14,0,1,5,LOW,0.543518,NORMAL,0.485081,0.70258,13.9,57.41,MEDIUM
TF-2026-0003330,COLLECTION,CUST-00231,CP-02105,CA,US,JPY,1223973.91,2026-01-10,2026-05-09,SETTLED,ELECTRONICS,4,8,11,0,1,11,HIGH,0.497528,NORMAL,0.395545,0.78677,11.52,55.85,MEDIUM
TF-2026-0003331,EXPORT_LC,CUST-00389,CP-00826,CA,CN,JPY,253044.78,2025-02-28,2025-05-27,CLOSED,INDUSTRIAL_EQUIPMENT,0,6,4,1,0,7,LOW,0.503398,NORMAL,0.15477,0.222143,6.17,20.42,LOW
TF-2026-0003332,GUARANTEE,CUST-00076,CP-02047,CA,AE,EUR,1491974.17,2026-06-27,2026-12-05,SETTLED,AUTO_PARTS,0,8,1,0,0,1,MEDIUM,0.555551,NORMAL,0.269105,0.182476,3.38,39.95,LOW
TF-2026-0003333,IMPORT_LC,CUST-00398,CP-03022,CA,BR,CAD,3313458.06,2026-02-15,2026-07-26,CLOSED,CHEMICALS,0,4,8,0,0,7,HIGH,0.573363,NORMAL,0.16808,0.240208,7.3,46.12,MEDIUM
TF-2026-0003334,GUARANTEE,CUST-00752,CP-02467,CA,JP,EUR,2558512.81,2024-11-26,2025-03-11,CLOSED,TEXTILES,5,5,6,0,0,4,MEDIUM,0.554939,NORMAL,0.42727,0.520503,10.69,56.44,MEDIUM
TF-2026-0003335,EXPORT_LC,CUST-00091,CP-01983,CA,JP,JPY,120863.13,2025-12-13,2026-06-02,ACTIVE,AUTO_PARTS,4,8,7,1,0,12,MEDIUM,0.524375,NORMAL,0.611214,0.523424,9.73,55.32,MEDIUM
TF-2026-0003336,IMPORT_LC,CUST-00127,CP-02852,CA,CN,CAD,250365.52,2025-11-06,2026-03-20,ACTIVE,INDUSTRIAL_EQUIPMENT,0,8,8,0,0,7,LOW,0.506658,NORMAL,0.226943,0.228611,7.79,23.69,LOW
TF-2026-0003337,EXPORT_LC,CUST-01181,CP-03285,CA,US,GBP,82499.82,2026-01-24,2026-07-01,ACTIVE,AUTO_PARTS,2,5,11,0,1,13,MEDIUM,0.552679,NORMAL,0.359191,0.542912,9.98,54.82,MEDIUM
TF-2026-0003338,COLLECTION,CUST-00413,CP-01889,CA,IN,CNY,264582.62,2026-03-24,2026-06-14,CLOSED,AUTO_PARTS,5,4,13,0,1,3,HIGH,0.522714,NORMAL,0.43695,0.775474,13.07,63.44,MEDIUM
TF-2026-0003339,EXPORT_LC,CUST-00752,CP-03326,CA,SG,JPY,539762.16,2025-07-22,2025-10-21,ACTIVE,ELECTRONICS,4,4,9,0,0,13,MEDIUM,0.502875,NORMAL,0.468461,0.55622,11.76,46.33,MEDIUM
TF-2026-0003340,IMPORT_LC,CUST-00083,CP-03043,CA,GB,JPY,554857.56,2025-09-06,2026-02-16,SETTLED,AGRICULTURE,5,4,15,1,1,1,HIGH,0.527265,NORMAL,0.439727,0.735138,14.03,63.36,MEDIUM
TF-2026-0003341,COLLECTION,CUST-00253,CP-00792,CA,JP,GBP,266370.19,2025-08-08,2025-10-16,CLOSED,INDUSTRIAL_EQUIPMENT,1,10,6,0,0,2,LOW,0.52636,NORMAL,0.226701,0.259886,6.89,30.15,LOW
TF-2026-0003342,COLLECTION,CUST-00724,CP-00122,CA,US,GBP,508191.5,2026-03-10,2026-06-11,SETTLED,AGRICULTURE,1,6,11,0,1,3,MEDIUM,0.482558,NORMAL,0.15919,0.44882,9.2,28.4,LOW
TF-2026-0003343,COLLECTION,CUST-00951,CP-02266,CA,CN,JPY,84661.19,2026-01-23,2026-05-11,ACTIVE,AGRICULTURE,5,9,11,0,1,12,LOW,0.56801,NORMAL,0.666149,0.705067,10.85,66.85,HIGH
TF-2026-0003344,GUARANTEE,CUST-00132,CP-01344,CA,GB,CNY,371376.68,2026-06-03,2026-11-12,CLOSED,AGRICULTURE,1,10,9,0,0,5,HIGH,0.509136,NORMAL,0.195541,0.2773,9.03,35.11,LOW
TF-2026-0003345,EXPORT_LC,CUST-00451,CP-02852,CA,CN,JPY,183650.83,2025-05-16,2025-10-10,CLOSED,INDUSTRIAL_EQUIPMENT,1,6,11,0,1,7,HIGH,0.486494,NORMAL,0.165477,0.407625,8.67,33.04,LOW
TF-2026-0003346,IMPORT_LC,CUST-00962,CP-00625,CA,GB,JPY,953421.84,2025-12-25,2026-03-30,SETTLED,INDUSTRIAL_EQUIPMENT,5,7,14,1,1,11,MEDIUM,0.500869,NORMAL,0.598651,0.789524,14.74,57.87,MEDIUM
TF-2026-0003347,IMPORT_LC,CUST-00094,CP-01465,CA,MX,CNY,6056784.84,2025-04-20,2025-08-24,CLOSED,AUTO_PARTS,2,7,9,0,0,7,MEDIUM,0.56544,NORMAL,0.264729,0.237106,9.6,43.07,MEDIUM
TF-2026-0003348,EXPORT_LC,CUST-00312,CP-03203,CA,CN,CAD,122948.51,2026-06-24,2026-10-06,SETTLED,CHEMICALS,3,5,10,0,0,12,LOW,0.513534,NORMAL,0.314416,0.545598,11.08,39.27,LOW
TF-2026-0003349,EXPORT_LC,CUST-01135,CP-01240,CA,CN,CAD,572667.31,2025-04-02,2025-09-17,CLOSED,INDUSTRIAL_EQUIPMENT,1,5,1,0,0,13,HIGH,0.491677,NORMAL,0.186744,0.304744,5.8,31.33,LOW
TF-2026-0003350,EXPORT_LC,CUST-00164,CP-01423,CA,DE,CAD,618235.47,2025-04-26,2025-09-16,ACTIVE,CHEMICALS,1,8,9,0,0,2,HIGH,0.494952,NORMAL,0.151772,0.308492,8.35,31.21,LOW
TF-2026-0003351,IMPORT_LC,CUST-00785,CP-01796,CA,GB,CNY,936254.29,2024-10-27,2025-02-05,ACTIVE,ELECTRONICS,0,10,7,0,0,2,HIGH,0.561867,NORMAL,0.219981,0.218303,6.07,45.62,MEDIUM
TF-2026-0003352,COLLECTION,CUST-00640,CP-03010,CA,IN,USD,418225.94,2025-11-08,2026-03-24,ACTIVE,INDUSTRIAL_EQUIPMENT,2,4,8,0,0,15,HIGH,0.531693,NORMAL,0.236694,0.326813,8.51,44.11,MEDIUM
TF-2026-0003353,EXPORT_LC,CUST-00855,CP-03264,CA,US,CAD,2793914.39,2026-05-31,2026-11-14,SETTLED,CHEMICALS,4,7,8,0,0,8,HIGH,0.520632,NORMAL,0.316886,0.453603,10.48,48.03,MEDIUM
TF-2026-0003354,EXPORT_LC,CUST-00746,CP-03482,CA,SG,EUR,190559.47,2025-04-06,2025-08-28,CLOSED,AUTO_PARTS,3,5,11,0,1,14,LOW,0.518989,NORMAL,0.29146,0.72712,11.32,46.44,MEDIUM
TF-2026-0003355,IMPORT_LC,CUST-00035,CP-00046,CA,CN,GBP,1143839.13,2025-12-14,2026-04-15,ACTIVE,CHEMICALS,2,3,8,0,0,0,HIGH,0.581829,NORMAL,0.38332,0.357895,8.05,57.32,MEDIUM
TF-2026-0003356,EXPORT_LC,CUST-00832,CP-01329,CA,DE,JPY,198240.57,2025-04-16,2025-09-12,SETTLED,ELECTRONICS,3,8,9,0,0,8,HIGH,0.472641,NORMAL,0.48819,0.607157,10.0,47.06,MEDIUM
TF-2026-0003357,IMPORT_LC,CUST-00519,CP-00603,CA,US,CAD,7090435.93,2024-12-13,2025-04-05,CLOSED,ELECTRONICS,0,9,5,0,0,8,MEDIUM,0.611481,HIGH,0.223275,0.261151,6.64,45.5,MEDIUM
TF-2026-0003358,COLLECTION,CUST-01017,CP-02486,CA,BR,EUR,633676.52,2025-04-23,2025-09-17,SETTLED,TEXTILES,1,4,1,0,0,1,HIGH,0.513109,NORMAL,0.258964,0.248836,5.16,37.08,LOW
TF-2026-0003359,IMPORT_LC,CUST-00462,CP-02148,CA,SG,EUR,823682.58,2026-07-29,2026-11-23,CLOSED,ELECTRONICS,5,7,12,1,1,1,HIGH,0.525394,NORMAL,0.662536,0.806684,13.57,72.09,HIGH
TF-2026-0003360,EXPORT_LC,CUST-00311,CP-02160,CA,SG,JPY,235447.26,2026-01-11,2026-03-23,SETTLED,AGRICULTURE,2,3,11,0,1,1,MEDIUM,0.543903,NORMAL,0.309048,0.622583,10.5,54.41,MEDIUM
TF-2026-0003361,EXPORT_LC,CUST-00628,CP-03390,CA,CN,USD,1797136.19,2025-01-06,2025-05-16,ACTIVE,AUTO_PARTS,2,5,12,0,1,14,HIGH,0.54798,NORMAL,0.209165,0.615679,10.81,56.95,MEDIUM
TF-2026-0003362,GUARANTEE,CUST-01125,CP-01205,CA,MX,EUR,736783.03,2025-06-19,2025-08-18,CLOSED,ELECTRONICS,2,9,14,0,1,12,HIGH,0.497303,NORMAL,0.337012,0.509166,10.73,44.31,MEDIUM
TF-2026-0003363,COLLECTION,CUST-00983,CP-01518,CA,MX,GBP,270603.67,2025-06-09,2025-08-15,SETTLED,AGRICULTURE,1,6,11,0,1,6,HIGH,0.475445,NORMAL,0.167204,0.312322,8.51,27.56,LOW
TF-2026-0003364,IMPORT_LC,CUST-00555,CP-03122,CA,JP,EUR,407817.04,2026-01-06,2026-07-04,SETTLED,ELECTRONICS,0,7,11,0,1,14,MEDIUM,0.522669,NORMAL,0.204119,0.401029,8.82,38.33,LOW
TF-2026-0003365,COLLECTION,CUST-00844,CP-02489,CA,MX,CAD,110291.03,2025-02-01,2025-05-04,SETTLED,ELECTRONICS,5,9,14,0,1,7,HIGH,0.549397,NORMAL,0.549694,0.745605,13.99,71.98,HIGH
TF-2026-0003366,IMPORT_LC,CUST-00887,CP-01391,CA,CN,GBP,447428.59,2024-10-15,2025-01-16,SETTLED,AUTO_PARTS,0,4,8,0,0,15,MEDIUM,0.56015,NORMAL,0.278771,0.136896,6.86,39.28,LOW
TF-2026-0003367,COLLECTION,CUST-00088,CP-01766,CA,GB,CNY,2360510.21,2025-07-20,2025-11-27,ACTIVE,TEXTILES,2,8,16,1,1,1,MEDIUM,0.538511,NORMAL,0.586133,0.435577,11.08,55.0,MEDIUM
TF-2026-0003368,EXPORT_LC,CUST-01141,CP-02548,CA,JP,EUR,260258.0,2025-10-02,2026-03-21,ACTIVE,INDUSTRIAL_EQUIPMENT,2,7,13,0,1,5,MEDIUM,0.468644,NORMAL,0.291299,0.578155,11.38,34.6,LOW
TF-2026-0003369,IMPORT_LC,CUST-00715,CP-01804,CA,IN,GBP,573974.59,2026-07-27,2026-11-20,SETTLED,ELECTRONICS,2,9,15,0,1,6,LOW,0.482353,NORMAL,0.215152,0.5093,11.51,27.14,LOW
TF-2026-0003370,COLLECTION,CUST-00627,CP-03121,CA,IN,JPY,701747.32,2025-04-04,2025-08-07,ACTIVE,AUTO_PARTS,3,9,7,0,0,6,LOW,0.483394,NORMAL,0.285841,0.349524,8.26,23.89,LOW
TF-2026-0003371,GUARANTEE,CUST-01141,CP-00121,CA,AE,EUR,2271240.56,2025-07-01,2025-10-20,CLOSED,AGRICULTURE,5,4,16,1,1,7,MEDIUM,0.553846,NORMAL,0.712164,0.75129,14.32,72.9,HIGH
TF-2026-0003372,COLLECTION,CUST-00214,CP-01873,CA,BR,CAD,90792.15,2025-05-02,2025-09-18,ACTIVE,ELECTRONICS,1,6,1,0,0,15,HIGH,0.563239,NORMAL,0.123708,0.303308,5.65,45.86,MEDIUM
TF-2026-0003373,COLLECTION,CUST-00278,CP-01157,CA,IN,CAD,1094626.37,2025-10-12,2025-12-31,SETTLED,AGRICULTURE,4,3,13,1,1,10,HIGH,0.53804,NORMAL,0.602699,0.633762,11.83,67.34,HIGH
TF-2026-0003374,IMPORT_LC,CUST-00653,CP-02645,CA,AE,USD,289617.63,2025-02-07,2025-08-01,CLOSED,AGRICULTURE,5,7,16,1,1,12,MEDIUM,0.500559,NORMAL,0.648805,0.74268,13.72,57.68,MEDIUM
TF-2026-0003375,COLLECTION,CUST-00008,CP-00480,CA,IN,GBP,1097295.09,2024-10-09,2025-02-12,SETTLED,AGRICULTURE,4,7,7,1,0,5,MEDIUM,0.485552,NORMAL,0.40949,0.525897,10.07,39.3,LOW
TF-2026-0003376,GUARANTEE,CUST-01039,CP-00502,CA,BR,GBP,460119.27,2024-10-22,2025-01-19,ACTIVE,ELECTRONICS,2,10,7,0,0,6,MEDIUM,0.502532,NORMAL,0.238112,0.329295,8.15,31.35,LOW
TF-2026-0003377,COLLECTION,CUST-00959,CP-00479,CA,BR,USD,537746.16,2024-10-22,2025-03-24,CLOSED,INDUSTRIAL_EQUIPMENT,1,9,3,0,0,5,HIGH,0.484285,NORMAL,0.206309,0.262416,6.52,28.68,LOW
TF-2026-0003378,IMPORT_LC,CUST-01013,CP-01900,CA,SG,USD,766853.6,2025-08-17,2025-12-05,CLOSED,TEXTILES,4,5,11,0,1,1,MEDIUM,0.507401,NORMAL,0.446915,0.802919,12.55,55.57,MEDIUM
TF-2026-0003379,COLLECTION,CUST-00012,CP-02673,CA,MX,JPY,201814.41,2025-11-28,2026-02-25,SETTLED,AGRICULTURE,4,8,9,1,0,4,LOW,0.496853,NORMAL,0.65304,0.490669,10.63,43.04,MEDIUM
TF-2026-0003380,GUARANTEE,CUST-00816,CP-02795,CA,BR,JPY,1845633.18,2026-05-24,2026-09-11,CLOSED,INDUSTRIAL_EQUIPMENT,3,8,11,0,1,12,HIGH,0.51388,NORMAL,0.498072,0.693253,11.49,60.08,MEDIUM
TF-2026-0003381,EXPORT_LC,CUST-00790,CP-02258,CA,JP,CNY,1799865.95,2026-03-23,2026-08-20,SETTLED,INDUSTRIAL_EQUIPMENT,2,6,6,0,0,9,HIGH,0.503541,NORMAL,0.331115,0.279649,7.87,37.76,LOW
TF-2026-0003382,IMPORT_LC,CUST-00002,CP-02534,CA,MX,EUR,74508.38,2025-04-14,2025-08-21,SETTLED,ELECTRONICS,1,7,9,0,0,5,HIGH,0.527537,NORMAL,0.236239,0.261619,8.63,40.75,MEDIUM
TF-2026-0003383,GUARANTEE,CUST-00672,CP-01670,CA,IN,JPY,78992.39,2024-12-18,2025-05-16,ACTIVE,TEXTILES,3,7,4,1,0,11,MEDIUM,0.519109,NORMAL,0.634979,0.462637,8.56,52.51,MEDIUM
TF-2026-0003384,EXPORT_LC,CUST-00459,CP-01689,CA,IN,JPY,644910.58,2026-02-24,2026-07-24,SETTLED,INDUSTRIAL_EQUIPMENT,2,8,14,1,1,2,MEDIUM,0.487259,NORMAL,0.217603,0.49944,10.11,32.96,LOW
TF-2026-0003385,EXPORT_LC,CUST-00072,CP-03386,CA,CN,CNY,126641.63,2024-10-02,2025-01-20,CLOSED,AGRICULTURE,1,5,9,0,0,3,LOW,0.515944,NORMAL,0.179683,0.359988,8.98,29.46,LOW
TF-2026-0003386,COLLECTION,CUST-00078,CP-01225,CA,DE,USD,317873.77,2024-11-24,2025-03-10,ACTIVE,AGRICULTURE,0,10,6,0,0,5,HIGH,0.53657,NORMAL,0.198165,0.170978,6.06,38.64,LOW
TF-2026-0003387,EXPORT_LC,CUST-00763,CP-00404,CA,BR,USD,663507.1,2026-03-31,2026-08-12,ACTIVE,TEXTILES,0,9,4,0,0,9,LOW,0.516426,NORMAL,0.157022,0.240821,6.42,24.8,LOW
TF-2026-0003388,GUARANTEE,CUST-00530,CP-00493,CA,FR,GBP,176373.9,2025-09-20,2026-03-03,SETTLED,INDUSTRIAL_EQUIPMENT,0,5,4,0,0,9,LOW,0.522848,NORMAL,0.160728,0.245287,6.06,26.63,LOW
TF-2026-0003389,COLLECTION,CUST-00012,CP-02450,CA,MX,CNY,434880.74,2026-04-29,2026-08-08,CLOSED,CHEMICALS,2,3,12,0,1,10,LOW,0.51885,NORMAL,0.273591,0.557712,10.59,39.95,LOW
TF-2026-0003390,EXPORT_LC,CUST-01176,CP-02403,CA,AE,CAD,86841.8,2026-05-08,2026-09-13,ACTIVE,ELECTRONICS,3,9,14,0,1,14,HIGH,0.553021,NORMAL,0.364612,0.686013,12.72,65.06,HIGH
TF-2026-0003391,IMPORT_LC,CUST-00961,CP-00192,CA,US,CAD,388200.45,2025-09-29,2025-12-09,SETTLED,ELECTRONICS,1,4,5,0,0,13,MEDIUM,0.499064,NORMAL,0.232436,0.30855,7.06,29.62,LOW
TF-2026-0003392,COLLECTION,CUST-01037,CP-00677,CA,DE,JPY,748964.27,2025-04-07,2025-06-22,SETTLED,INDUSTRIAL_EQUIPMENT,4,9,15,0,1,3,MEDIUM,0.503596,NORMAL,0.387005,0.863647,14.89,54.91,MEDIUM
TF-2026-0003393,EXPORT_LC,CUST-00691,CP-00703,CA,MX,JPY,2397994.01,2026-01-30,2026-06-29,SETTLED,CHEMICALS,4,9,19,0,1,1,LOW,0.558683,NORMAL,0.27258,0.800554,15.12,57.16,MEDIUM
TF-2026-0003394,IMPORT_LC,CUST-01197,CP-01880,CA,FR,USD,1166915.18,2025-01-09,2025-06-09,SETTLED,AGRICULTURE,1,3,16,0,1,2,MEDIUM,0.55123,NORMAL,0.191464,0.379537,9.48,43.81,MEDIUM
TF-2026-0003395,COLLECTION,CUST-00605,CP-03403,CA,GB,GBP,542431.75,2025-07-10,2025-12-01,ACTIVE,AUTO_PARTS,0,7,5,0,0,10,HIGH,0.500089,NORMAL,0.176243,0.165968,5.89,28.2,LOW
TF-2026-0003396,GUARANTEE,CUST-00937,CP-01845,CA,MX,USD,2062473.05,2026-03-16,2026-06-11,SETTLED,AGRICULTURE,1,6,9,0,0,9,MEDIUM,0.512319,NORMAL,0.179623,0.215158,7.66,28.33,LOW
TF-2026-0003397,EXPORT_LC,CUST-00764,CP-02934,CA,BR,CNY,271003.14,2025-04-08,2025-06-24,SETTLED,CHEMICALS,3,3,5,1,0,13,MEDIUM,0.524281,NORMAL,0.421999,0.396376,8.34,45.16,MEDIUM
TF-2026-0003398,COLLECTION,CUST-00060,CP-00337,CA,US,EUR,364578.13,2025-12-01,2026-04-24,CLOSED,AUTO_PARTS,4,6,8,0,0,3,MEDIUM,0.483548,NORMAL,0.414572,0.440906,9.99,35.99,LOW
TF-2026-0003399,IMPORT_LC,CUST-00598,CP-02404,CA,AE,CNY,504333.72,2025-01-27,2025-05-22,CLOSED,AUTO_PARTS,0,9,5,0,0,0,HIGH,0.556413,NORMAL,0.235087,0.179234,6.0,43.94,MEDIUM
TF-2026-0003400,EXPORT_LC,CUST-00661,CP-00419,CA,GB,GBP,1062390.68,2025-07-20,2025-11-07,ACTIVE,ELECTRONICS,5,4,14,1,1,1,MEDIUM,0.538887,NORMAL,0.397884,0.706545,13.13,58.96,MEDIUM
TF-2026-0003401,EXPORT_LC,CUST-00009,CP-00027,CA,BR,EUR,1069227.11,2024-12-30,2025-05-22,CLOSED,AUTO_PARTS,4,4,3,1,0,3,LOW,0.503651,NORMAL,0.659159,0.725914,11.56,53.28,MEDIUM
TF-2026-0003402,IMPORT_LC,CUST-00351,CP-03449,CA,IN,JPY,104395.12,2026-07-16,2026-12-16,ACTIVE,CHEMICALS,5,5,11,0,1,8,HIGH,0.536066,NORMAL,0.511533,0.668782,13.48,65.36,HIGH
TF-2026-0003403,COLLECTION,CUST-00723,CP-03161,CA,JP,EUR,107551.9,2025-11-22,2026-02-28,CLOSED,AGRICULTURE,4,5,16,1,1,12,HIGH,0.53419,NORMAL,0.672655,0.508606,10.77,64.18,MEDIUM
TF-2026-0003404,GUARANTEE,CUST-00148,CP-01661,CA,IN,EUR,1924524.09,2025-08-11,2025-10-24,SETTLED,CHEMICALS,4,4,17,0,1,11,MEDIUM,0.540895,NORMAL,0.486452,0.763522,14.45,64.03,MEDIUM
TF-2026-0003405,EXPORT_LC,CUST-00563,CP-02478,CA,GB,JPY,305179.05,2025-01-11,2025-03-13,ACTIVE,TEXTILES,1,5,8,0,0,14,MEDIUM,0.510092,NORMAL,0.198863,0.330924,7.48,32.36,LOW
TF-2026-0003406,EXPORT_LC,CUST-00328,CP-00864,CA,AE,EUR,284807.59,2024-09-22,2024-11-21,CLOSED,INDUSTRIAL_EQUIPMENT,1,7,15,0,1,13,LOW,0.491419,NORMAL,0.186247,0.51897,11.6,28.76,LOW
TF-2026-0003407,COLLECTION,CUST-00334,CP-02216,CA,US,GBP,245628.68,2026-06-13,2026-08-25,SETTLED,CHEMICALS,2,9,12,0,1,6,HIGH,0.486249,NORMAL,0.253437,0.503437,10.25,38.95,LOW
TF-2026-0003408,EXPORT_LC,CUST-01025,CP-03425,CA,GB,JPY,253436.06,2024-09-11,2024-12-20,SETTLED,ELECTRONICS,0,9,2,0,0,2,MEDIUM,0.529449,NORMAL,0.166751,0.307776,7.8,35.83,LOW
TF-2026-0003409,GUARANTEE,CUST-00109,CP-02701,CA,US,GBP,122615.21,2026-08-05,2026-11-25,ACTIVE,TEXTILES,2,9,5,0,0,14,HIGH,0.544365,NORMAL,0.2792,0.367157,8.58,49.64,MEDIUM
TF-2026-0003410,EXPORT_LC,CUST-00474,CP-01721,CA,GB,CNY,2186728.72,2026-07-25,2026-11-30,SETTLED,CHEMICALS,4,10,13,0,1,12,HIGH,0.561298,NORMAL,0.527352,0.747862,13.98,73.27,HIGH
TF-2026-0003411,GUARANTEE,CUST-00873,CP-00640,CA,FR,EUR,252409.75,2026-06-24,2026-11-28,ACTIVE,INDUSTRIAL_EQUIPMENT,5,9,13,0,1,1,MEDIUM,0.554319,NORMAL,0.400338,0.624334,12.89,59.17,MEDIUM
TF-2026-0003412,IMPORT_LC,CUST-00899,CP-03025,CA,SG,GBP,540720.8,2025-08-04,2025-11-20,SETTLED,TEXTILES,4,10,15,0,1,14,MEDIUM,0.544608,NORMAL,0.497376,0.776547,14.39,65.56,HIGH
TF-2026-0003413,GUARANTEE,CUST-00641,CP-02298,CA,JP,EUR,387925.92,2025-08-29,2025-11-07,CLOSED,INDUSTRIAL_EQUIPMENT,1,6,8,0,0,3,MEDIUM,0.482481,NORMAL,0.131,0.265876,8.22,21.13,LOW
TF-2026-0003414,GUARANTEE,CUST-00527,CP-03452,CA,MX,JPY,758306.54,2025-05-04,2025-07-30,ACTIVE,INDUSTRIAL_EQUIPMENT,1,3,14,0,1,12,LOW,0.529233,NORMAL,0.177611,0.332828,8.49,31.95,LOW
TF-2026-0003415,EXPORT_LC,CUST-00217,CP-02490,CA,BR,GBP,1497737.88,2026-05-01,2026-10-05,CLOSED,AGRICULTURE,5,10,15,1,1,11,HIGH,0.560477,NORMAL,0.592418,0.785626,15.59,76.44,HIGH
TF-2026-0003416,EXPORT_LC,CUST-00967,CP-03095,CA,JP,CAD,48359.75,2025-03-04,2025-06-11,ACTIVE,AGRICULTURE,5,6,14,1,1,12,LOW,0.581345,NORMAL,0.691285,0.789709,13.96,71.64,HIGH
TF-2026-0003417,IMPORT_LC,CUST-00210,CP-02063,CA,GB,USD,193109.34,2024-09-17,2024-11-24,CLOSED,INDUSTRIAL_EQUIPMENT,3,7,10,0,0,10,MEDIUM,0.476103,NORMAL,0.493443,0.385999,9.75,35.08,LOW
TF-2026-0003418,GUARANTEE,CUST-00224,CP-01422,CA,BR,CNY,409182.98,2025-07-12,2025-10-18,CLOSED,CHEMICALS,5,3,15,0,1,13,HIGH,0.549455,NORMAL,0.355061,0.829852,14.6,69.11,HIGH
TF-2026-0003419,COLLECTION,CUST-00339,CP-03079,CA,IN,GBP,386886.44,2025-12-01,2026-04-02,ACTIVE,TEXTILES,3,4,17,1,1,2,LOW,0.49015,NORMAL,0.330633,0.471331,9.25,31.07,LOW
TF-2026-0003420,GUARANTEE,CUST-00965,CP-00320,CA,SG,JPY,510413.95,2025-05-01,2025-08-21,CLOSED,ELECTRONICS,3,7,13,0,1,3,HIGH,0.471727,NORMAL,0.395318,0.588162,11.58,43.44,MEDIUM
TF-2026-0003421,GUARANTEE,CUST-00718,CP-00273,CA,GB,CNY,103678.28,2025-12-26,2026-03-07,CLOSED,AGRICULTURE,3,6,18,1,1,0,MEDIUM,0.557352,NORMAL,0.423414,0.656428,13.51,61.44,MEDIUM
TF-2026-0003422,COLLECTION,CUST-00434,CP-02475,CA,IN,USD,290637.73,2024-08-24,2024-11-01,CLOSED,ELECTRONICS,4,8,16,0,1,9,LOW,0.472371,NORMAL,0.59087,0.771557,15.77,45.86,MEDIUM
TF-2026-0003423,EXPORT_LC,CUST-00540,CP-02161,CA,AE,CAD,134290.27,2026-01-09,2026-03-23,CLOSED,ELECTRONICS,3,10,13,0,1,9,HIGH,0.519345,NORMAL,0.36765,0.602815,11.03,54.45,MEDIUM
TF-2026-0003424,COLLECTION,CUST-00257,CP-01269,CA,GB,USD,996535.96,2024-09-01,2024-11-25,ACTIVE,AUTO_PARTS,3,10,13,0,1,5,LOW,0.507093,NORMAL,0.306964,0.566466,10.82,38.02,LOW
TF-2026-0003425,IMPORT_LC,CUST-00397,CP-02604,CA,FR,EUR,117297.22,2024-09-30,2024-12-04,ACTIVE,AUTO_PARTS,3,4,4,0,0,9,HIGH,0.5107,NORMAL,0.317813,0.40489,7.96,43.7,MEDIUM
TF-2026-0003426,COLLECTION,CUST-00402,CP-01197,CA,US,USD,984110.86,2025-09-26,2026-01-10,ACTIVE,ELECTRONICS,4,10,9,1,0,4,HIGH,0.526114,NORMAL,0.470815,0.612122,11.34,59.71,MEDIUM
TF-2026-0003427,IMPORT_LC,CUST-00270,CP-01148,CA,GB,USD,154667.29,2025-03-29,2025-09-20,SETTLED,TEXTILES,5,6,14,0,1,13,MEDIUM,0.532097,NORMAL,0.558565,0.761888,13.87,64.13,MEDIUM
TF-2026-0003428,EXPORT_LC,CUST-00623,CP-00615,CA,CN,GBP,141433.8,2025-03-10,2025-06-09,CLOSED,INDUSTRIAL_EQUIPMENT,1,10,10,0,0,13,MEDIUM,0.542755,NORMAL,0.227204,0.243963,9.4,38.47,LOW
TF-2026-0003429,EXPORT_LC,CUST-01151,CP-00785,CA,GB,EUR,3198529.75,2025-05-31,2025-08-30,SETTLED,AUTO_PARTS,5,8,11,0,1,0,MEDIUM,0.602562,HIGH,0.527544,0.71638,12.87,70.28,HIGH
TF-2026-0003430,IMPORT_LC,CUST-01055,CP-03031,CA,CN,CNY,913901.11,2026-02-27,2026-07-13,SETTLED,INDUSTRIAL_EQUIPMENT,1,5,3,0,0,2,HIGH,0.501563,NORMAL,0.197844,0.216479,5.98,30.94,LOW
TF-2026-0003431,GUARANTEE,CUST-00303,CP-01532,CA,JP,EUR,954573.25,2025-03-09,2025-05-26,ACTIVE,ELECTRONICS,5,5,21,0,1,8,LOW,0.497753,NORMAL,0.612296,0.830009,17.06,53.94,MEDIUM
TF-2026-0003432,COLLECTION,CUST-00481,CP-00354,CA,JP,USD,89883.57,2025-12-23,2026-05-31,SETTLED,AUTO_PARTS,5,8,9,0,0,3,HIGH,0.554658,NORMAL,0.462186,0.5347,11.43,62.93,MEDIUM
TF-2026-0003433,GUARANTEE,CUST-00764,CP-02569,CA,MX,CAD,7453493.32,2024-08-25,2025-01-25,CLOSED,TEXTILES,0,10,9,0,0,14,MEDIUM,0.645501,HIGH,0.209916,0.246562,6.75,44.89,MEDIUM
TF-2026-0003434,GUARANTEE,CUST-00010,CP-00474,CA,JP,CAD,2199422.4,2025-01-17,2025-07-13,CLOSED,ELECTRONICS,0,10,11,0,1,4,LOW,0.584339,NORMAL,0.144061,0.426444,8.01,42.73,MEDIUM
TF-2026-0003435,IMPORT_LC,CUST-00363,CP-02892,CA,US,USD,160744.0,2025-08-14,2025-10-22,CLOSED,ELECTRONICS,5,3,16,0,1,15,HIGH,0.605718,HIGH,0.301069,0.794642,15.47,71.31,HIGH
TF-2026-0003436,EXPORT_LC,CUST-01111,CP-03010,CA,IN,CNY,147148.38,2025-09-01,2026-01-30,SETTLED,ELECTRONICS,3,9,10,0,0,15,LOW,0.551151,NORMAL,0.384389,0.475075,10.98,47.94,MEDIUM
TF-2026-0003437,GUARANTEE,CUST-00807,CP-02114,CA,IN,EUR,328954.45,2026-01-17,2026-06-28,CLOSED,AUTO_PARTS,0,8,10,0,0,6,LOW,0.502143,NORMAL,0.223822,0.107605,7.28,18.07,LOW
TF-2026-0003438,IMPORT_LC,CUST-01154,CP-00562,CA,DE,GBP,497835.97,2024-12-07,2025-03-21,ACTIVE,ELECTRONICS,5,8,15,0,1,4,MEDIUM,0.49855,NORMAL,0.488064,0.860835,14.67,56.5,MEDIUM
TF-2026-0003439,COLLECTION,CUST-00545,CP-00551,CA,GB,EUR,870820.58,2025-11-13,2026-04-27,ACTIVE,AGRICULTURE,3,9,6,0,0,9,MEDIUM,0.478517,NORMAL,0.472687,0.401742,8.09,35.41,LOW
TF-2026-0003440,COLLECTION,CUST-00197,CP-02789,CA,AE,GBP,529199.73,2026-04-04,2026-08-24,ACTIVE,CHEMICALS,0,9,7,0,0,1,LOW,0.537702,NORMAL,0.251799,0.190641,6.36,31.22,LOW
TF-2026-0003441,GUARANTEE,CUST-01071,CP-00195,CA,DE,EUR,480532.24,2026-03-07,2026-05-22,CLOSED,AGRICULTURE,5,10,14,1,1,15,HIGH,0.57924,NORMAL,0.675076,0.622245,13.84,75.16,HIGH
TF-2026-0003442,EXPORT_LC,CUST-00974,CP-03048,CA,BR,CNY,83391.52,2026-08-04,2026-12-14,SETTLED,ELECTRONICS,5,8,17,1,1,8,LOW,0.542752,NORMAL,0.585252,0.810443,15.4,64.03,MEDIUM
TF-2026-0003443,IMPORT_LC,CUST-00145,CP-02027,CA,IN,JPY,641418.95,2026-03-14,2026-08-04,CLOSED,INDUSTRIAL_EQUIPMENT,3,6,16,0,1,9,LOW,0.462387,NORMAL,0.28451,0.612232,12.75,30.11,LOW
TF-2026-0003444,GUARANTEE,CUST-00709,CP-01746,CA,SG,CNY,180293.66,2025-04-27,2025-10-23,SETTLED,ELECTRONICS,0,4,1,0,0,7,LOW,0.529771,NORMAL,0.173863,0.394808,7.06,34.17,LOW
TF-2026-0003445,EXPORT_LC,CUST-00349,CP-03033,CA,GB,EUR,395132.4,2025-05-22,2025-08-28,SETTLED,AUTO_PARTS,4,7,3,0,0,5,LOW,0.475972,NORMAL,0.471994,0.496629,9.38,33.24,LOW
TF-2026-0003446,EXPORT_LC,CUST-00338,CP-02149,CA,JP,GBP,265233.43,2026-03-10,2026-08-13,SETTLED,TEXTILES,3,6,10,0,0,0,MEDIUM,0.52034,NORMAL,0.343085,0.457087,10.51,43.86,MEDIUM
TF-2026-0003447,GUARANTEE,CUST-00973,CP-02549,CA,US,CAD,587369.27,2025-09-19,2026-03-06,CLOSED,CHEMICALS,3,9,7,0,0,8,HIGH,0.470398,NORMAL,0.440136,0.330257,9.3,35.59,LOW
TF-2026-0003448,EXPORT_LC,CUST-00400,CP-02189,CA,IN,CAD,72635.9,2025-01-24,2025-07-22,CLOSED,AGRICULTURE,5,4,14,0,1,7,MEDIUM,0.554112,NORMAL,0.383453,0.82477,13.48,65.65,HIGH
TF-2026-0003449,IMPORT_LC,CUST-00447,CP-01295,CA,CN,EUR,616496.11,2025-06-02,2025-11-23,SETTLED,CHEMICALS,2,8,4,0,0,15,LOW,0.521001,NORMAL,0.244003,0.350652,7.56,32.34,LOW
TF-2026-0003450,GUARANTEE,CUST-00824,CP-02767,CA,MX,EUR,554249.01,2026-04-24,2026-10-06,CLOSED,CHEMICALS,1,7,9,0,0,4,HIGH,0.477741,NORMAL,0.180822,0.245991,8.39,26.09,LOW
TF-2026-0003451,GUARANTEE,CUST-01126,CP-00944,CA,CN,JPY,166695.53,2025-01-11,2025-05-20,ACTIVE,INDUSTRIAL_EQUIPMENT,1,4,1,0,0,8,LOW,0.508209,NORMAL,0.14637,0.191158,5.43,20.32,LOW
TF-2026-0003452,COLLECTION,CUST-01186,CP-02399,CA,SG,EUR,117232.7,2025-06-02,2025-11-18,CLOSED,TEXTILES,0,9,6,0,0,0,HIGH,0.582451,NORMAL,0.218564,0.188518,5.41,46.5,MEDIUM
TF-2026-0003453,IMPORT_LC,CUST-01186,CP-02531,CA,CN,CNY,353004.64,2026-05-19,2026-10-02,CLOSED,AUTO_PARTS,1,6,7,0,0,9,HIGH,0.470042,NORMAL,0.172377,0.266408,8.36,25.27,LOW
TF-2026-0003454,COLLECTION,CUST-00068,CP-01461,CA,BR,USD,601040.47,2025-07-27,2026-01-02,ACTIVE,AUTO_PARTS,3,4,4,0,0,14,MEDIUM,0.5082,NORMAL,0.509289,0.580921,11.95,49.83,MEDIUM
TF-2026-0003455,IMPORT_LC,CUST-00694,CP-03487,CA,US,GBP,157149.45,2026-01-19,2026-06-14,CLOSED,AGRICULTURE,2,10,9,1,0,5,MEDIUM,0.516755,NORMAL,0.645671,0.258081,9.34,45.13,MEDIUM
TF-2026-0003456,GUARANTEE,CUST-00027,CP-00425,CA,BR,CNY,632096.25,2025-02-27,2025-06-30,ACTIVE,INDUSTRIAL_EQUIPMENT,2,10,13,1,1,11,HIGH,0.507741,NORMAL,0.213568,0.462195,9.1,41.71,MEDIUM
TF-2026-0003457,COLLECTION,CUST-00353,CP-01765,CA,JP,JPY,247569.31,2026-05-15,2026-08-10,ACTIVE,INDUSTRIAL_EQUIPMENT,1,7,12,0,1,7,MEDIUM,0.473268,NORMAL,0.177932,0.497527,9.88,29.03,LOW
TF-2026-0003458,GUARANTEE,CUST-00742,CP-00380,CA,CN,USD,1023502.78,2025-04-23,2025-07-10,CLOSED,ELECTRONICS,2,5,12,0,1,7,LOW,0.480139,NORMAL,0.286683,0.609162,10.62,32.36,LOW
TF-2026-0003459,COLLECTION,CUST-00780,CP-03363,CA,BR,JPY,418900.93,2026-01-22,2026-05-02,CLOSED,TEXTILES,1,10,7,0,0,1,MEDIUM,0.533205,NORMAL,0.177323,0.253547,7.9,35.17,LOW
TF-2026-0003460,GUARANTEE,CUST-00564,CP-02012,CA,JP,GBP,824380.39,2025-06-02,2025-10-09,CLOSED,CHEMICALS,1,10,18,1,1,1,MEDIUM,0.540499,NORMAL,0.420475,0.35448,8.38,47.65,MEDIUM
TF-2026-0003461,GUARANTEE,CUST-00417,CP-00704,CA,AE,GBP,285479.33,2025-07-07,2025-12-21,CLOSED,AGRICULTURE,4,5,11,0,1,9,HIGH,0.479115,NORMAL,0.331419,0.77428,11.82,49.33,MEDIUM
TF-2026-0003462,EXPORT_LC,CUST-00526,CP-02577,CA,US,USD,2162976.52,2025-01-25,2025-06-25,CLOSED,ELECTRONICS,3,7,16,0,1,3,HIGH,0.516933,NORMAL,0.309736,0.634838,12.93,53.27,MEDIUM
TF-2026-0003463,COLLECTION,CUST-00989,CP-00884,CA,US,CAD,96841.26,2025-01-03,2025-03-13,ACTIVE,INDUSTRIAL_EQUIPMENT,4,10,16,0,1,12,MEDIUM,0.55849,NORMAL,0.42978,0.554236,11.05,58.23,MEDIUM
TF-2026-0003464,COLLECTION,CUST-01007,CP-01410,CA,IN,EUR,1647118.48,2026-07-21,2026-10-05,CLOSED,AGRICULTURE,3,4,19,0,1,15,LOW,0.561658,NORMAL,0.393994,0.418076,11.66,47.77,MEDIUM
TF-2026-0003465,EXPORT_LC,CUST-00876,CP-02922,CA,FR,GBP,275230.49,2025-10-03,2026-01-29,ACTIVE,CHEMICALS,0,7,13,0,1,1,HIGH,0.528808,NORMAL,0.10708,0.384472,9.23,41.53,MEDIUM
TF-2026-0003466,EXPORT_LC,CUST-00930,CP-02991,CA,AE,USD,510705.89,2026-01-29,2026-04-23,ACTIVE,INDUSTRIAL_EQUIPMENT,5,9,14,0,1,7,MEDIUM,0.507326,NORMAL,0.506282,0.851902,14.16,59.05,MEDIUM
TF-2026-0003467,EXPORT_LC,CUST-01197,CP-00010,CA,SG,EUR,724361.26,2026-07-29,2026-10-10,SETTLED,TEXTILES,5,4,7,1,0,13,MEDIUM,0.529239,NORMAL,0.663482,0.693665,11.73,64.16,MEDIUM
TF-2026-0003468,IMPORT_LC,CUST-00968,CP-03488,CA,FR,USD,763698.81,2024-10-17,2024-12-31,SETTLED,INDUSTRIAL_EQUIPMENT,1,8,1,0,0,2,HIGH,0.501625,NORMAL,0.190298,0.251894,5.68,31.99,LOW
TF-2026-0003469,EXPORT_LC,CUST-00232,CP-01262,CA,US,JPY,342515.75,2025-05-03,2025-09-22,ACTIVE,INDUSTRIAL_EQUIPMENT,5,5,13,1,1,4,MEDIUM,0.502204,NORMAL,0.513252,0.723769,13.58,53.33,MEDIUM
TF-2026-0003470,GUARANTEE,CUST-01166,CP-02407,CA,IN,CNY,472600.73,2026-01-02,2026-05-30,CLOSED,AUTO_PARTS,3,8,9,0,0,1,HIGH,0.493876,NORMAL,0.346441,0.44956,10.03,41.74,MEDIUM
TF-2026-0003471,IMPORT_LC,CUST-01057,CP-01336,CA,JP,USD,755580.71,2026-07-18,2026-09-25,CLOSED,CHEMICALS,2,3,9,0,0,11,MEDIUM,0.523634,NORMAL,0.286212,0.354306,9.65,39.46,LOW
TF-2026-0003472,IMPORT_LC,CUST-01081,CP-01589,CA,CN,CAD,260733.83,2026-02-18,2026-04-25,CLOSED,AUTO_PARTS,5,4,14,1,1,0,HIGH,0.560679,NORMAL,0.709572,0.7796,14.32,79.77,HIGH
TF-2026-0003473,COLLECTION,CUST-00829,CP-02668,CA,MX,EUR,1752111.84,2025-09-02,2026-02-15,CLOSED,INDUSTRIAL_EQUIPMENT,0,7,6,0,0,14,MEDIUM,0.56117,NORMAL,0.257127,0.166552,5.56,39.8,LOW
TF-2026-0003474,GUARANTEE,CUST-01113,CP-00449,CA,GB,GBP,1215176.57,2025-05-23,2025-08-24,CLOSED,AGRICULTURE,5,10,12,0,1,13,HIGH,0.56306,NORMAL,0.564813,0.703993,13.78,73.1,HIGH
TF-2026-0003475,GUARANTEE,CUST-00328,CP-00580,CA,FR,JPY,267133.26,2026-08-01,2026-10-29,ACTIVE,INDUSTRIAL_EQUIPMENT,1,10,1,0,0,2,LOW,0.526046,NORMAL,0.104017,0.307623,5.71,28.02,LOW
TF-2026-0003476,EXPORT_LC,CUST-00307,CP-01789,CA,SG,USD,3934060.5,2025-03-11,2025-08-01,SETTLED,CHEMICALS,2,8,11,0,1,0,HIGH,0.583125,NORMAL,0.349082,0.608201,10.8,65.14,HIGH
TF-2026-0003477,GUARANTEE,CUST-00963,CP-02572,CA,BR,GBP,247574.34,2026-04-22,2026-07-12,SETTLED,AUTO_PARTS,5,5,16,1,1,11,HIGH,0.514432,NORMAL,0.62754,0.85217,14.7,69.69,HIGH
TF-2026-0003478,GUARANTEE,CUST-00804,CP-01335,CA,IN,EUR,228156.19,2025-09-14,2026-03-11,ACTIVE,AUTO_PARTS,3,6,9,0,0,12,HIGH,0.483127,NORMAL,0.435395,0.356922,9.88,38.58,LOW
TF-2026-0003479,COLLECTION,CUST-01017,CP-00473,CA,DE,JPY,213567.59,2024-11-14,2025-03-10,ACTIVE,ELECTRONICS,1,5,10,0,0,5,HIGH,0.490379,NORMAL,0.174154,0.260805,9.1,29.07,LOW
TF-2026-0003480,EXPORT_LC,CUST-01003,CP-01766,CA,GB,JPY,868140.74,2025-03-25,2025-06-04,CLOSED,INDUSTRIAL_EQUIPMENT,2,8,9,0,0,1,LOW,0.503027,NORMAL,0.225067,0.355752,9.48,27.07,LOW
TF-2026-0003481,EXPORT_LC,CUST-00912,CP-03444,CA,JP,EUR,223486.2,2025-02-23,2025-06-17,ACTIVE,TEXTILES,4,8,23,0,1,6,LOW,0.487126,NORMAL,0.364764,0.760137,16.77,41.46,MEDIUM
TF-2026-0003482,GUARANTEE,CUST-01025,CP-03463,CA,BR,CAD,905789.15,2025-10-02,2026-03-20,ACTIVE,TEXTILES,5,8,14,1,1,14,MEDIUM,0.538586,NORMAL,0.653226,0.756623,15.24,68.27,HIGH
TF-2026-0003483,COLLECTION,CUST-00286,CP-01689,CA,IN,JPY,540867.89,2024-12-17,2025-04-22,SETTLED,AGRICULTURE,5,4,16,0,1,2,MEDIUM,0.510186,NORMAL,0.394254,0.622584,11.91,48.45,MEDIUM
TF-2026-0003484,GUARANTEE,CUST-01073,CP-00734,CA,IN,USD,364777.17,2024-11-07,2025-03-19,ACTIVE,INDUSTRIAL_EQUIPMENT,1,6,6,0,0,15,MEDIUM,0.521277,NORMAL,0.212506,0.262032,9.08,33.36,LOW
TF-2026-0003485,IMPORT_LC,CUST-00281,CP-01494,CA,US,USD,115394.98,2025-05-03,2025-07-31,CLOSED,ELECTRONICS,0,3,4,0,0,13,LOW,0.588688,NORMAL,0.332737,0.42434,8.42,48.55,MEDIUM
TF-2026-0003486,COLLECTION,CUST-00965,CP-00075,CA,JP,USD,899345.37,2025-08-26,2025-12-15,SETTLED,AGRICULTURE,2,6,13,0,1,10,HIGH,0.475186,NORMAL,0.138929,0.620123,11.59,37.44,LOW
TF-2026-0003487,GUARANTEE,CUST-00985,CP-03219,CA,AE,CAD,522931.67,2025-11-08,2026-03-15,ACTIVE,CHEMICALS,0,3,3,0,0,6,LOW,0.536645,NORMAL,0.292055,0.309302,6.49,36.32,LOW
TF-2026-0003488,COLLECTION,CUST-00747,CP-01754,CA,SG,JPY,150831.06,2025-04-30,2025-09-22,ACTIVE,ELECTRONICS,4,3,7,0,0,9,MEDIUM,0.539706,NORMAL,0.417756,0.522464,10.31,53.32,MEDIUM
TF-2026-0003489,EXPORT_LC,CUST-00383,CP-00451,CA,SG,GBP,1144550.36,2025-08-13,2025-11-17,ACTIVE,AGRICULTURE,1,9,11,0,1,6,MEDIUM,0.503607,NORMAL,0.151155,0.497817,9.54,35.05,LOW
TF-2026-0003490,GUARANTEE,CUST-00469,CP-00984,CA,BR,CNY,525523.4,2025-03-16,2025-06-07,ACTIVE,CHEMICALS,0,8,7,0,0,10,LOW,0.503094,NORMAL,0.185787,0.183151,5.76,19.88,LOW
TF-2026-0003491,GUARANTEE,CUST-00445,CP-01651,CA,JP,USD,2879582.58,2026-01-11,2026-03-27,CLOSED,CHEMICALS,1,7,12,0,1,2,MEDIUM,0.546861,NORMAL,0.157815,0.49068,9.64,45.84,MEDIUM
TF-2026-0003492,IMPORT_LC,CUST-01056,CP-01983,CA,JP,CNY,4472925.86,2026-01-11,2026-03-31,SETTLED,CHEMICALS,3,10,10,0,0,12,LOW,0.597408,HIGH,0.410843,0.586117,10.1,57.06,MEDIUM
TF-2026-0003493,EXPORT_LC,CUST-00507,CP-00235,CA,US,CNY,161773.48,2025-01-17,2025-06-21,ACTIVE,AUTO_PARTS,3,5,16,0,1,11,MEDIUM,0.495754,NORMAL,0.49377,0.535859,11.43,44.6,MEDIUM
TF-2026-0003494,EXPORT_LC,CUST-00508,CP-01655,CA,AE,GBP,141993.44,2025-03-28,2025-08-12,SETTLED,INDUSTRIAL_EQUIPMENT,1,9,1,0,0,1,HIGH,0.527015,NORMAL,0.187969,0.309211,5.45,40.83,MEDIUM
TF-2026-0003495,EXPORT_LC,CUST-00311,CP-00381,CA,AE,USD,413104.27,2024-11-14,2025-02-10,ACTIVE,AGRICULTURE,4,5,13,1,1,15,MEDIUM,0.533894,NORMAL,0.679399,0.736504,14.36,67.28,HIGH
TF-2026-0003496,IMPORT_LC,CUST-00103,CP-01432,CA,FR,CNY,271535.52,2026-06-12,2026-10-03,SETTLED,AUTO_PARTS,5,3,18,0,1,9,HIGH,0.541676,NORMAL,0.426088,0.775079,15.41,67.84,HIGH
TF-2026-0003497,COLLECTION,CUST-00689,CP-01066,CA,DE,CAD,103980.78,2025-08-16,2025-11-21,SETTLED,AGRICULTURE,4,3,5,0,0,12,HIGH,0.566682,NORMAL,0.399299,0.482385,9.57,60.86,MEDIUM
TF-2026-0003498,IMPORT_LC,CUST-01050,CP-00911,CA,AE,CNY,22927.08,2026-02-08,2026-07-08,CLOSED,TEXTILES,3,9,9,1,0,0,MEDIUM,0.617212,HIGH,0.679328,0.560724,10.5,69.78,HIGH
TF-2026-0003499,GUARANTEE,CUST-00447,CP-01329,CA,DE,EUR,1304755.92,2026-07-24,2026-10-02,ACTIVE,TEXTILES,4,8,13,0,1,8,LOW,0.488747,NORMAL,0.537617,0.788978,13.37,48.05,MEDIUM
TF-2026-0003500,GUARANTEE,CUST-00921,CP-01819,CA,CN,GBP,236467.17,2026-01-23,2026-04-23,SETTLED,AUTO_PARTS,0,3,13,0,1,12,HIGH,0.556358,NORMAL,0.288033,0.246672,6.88,47.87,MEDIUM
TF-2026-0003501,COLLECTION,CUST-00899,CP-00666,CA,AE,GBP,88118.75,2025-07-23,2026-01-18,ACTIVE,AGRICULTURE,3,5,17,0,1,0,MEDIUM,0.568256,NORMAL,0.368054,0.631336,13.43,60.34,MEDIUM
TF-2026-0003502,EXPORT_LC,CUST-00910,CP-00704,CA,AE,GBP,1011802.39,2025-10-29,2026-03-01,ACTIVE,INDUSTRIAL_EQUIPMENT,5,8,21,1,1,9,MEDIUM,0.496454,NORMAL,0.444291,0.816599,15.29,53.12,MEDIUM
TF-2026-0003503,GUARANTEE,CUST-00816,CP-00587,CA,FR,EUR,333660.14,2025-09-03,2026-01-19,ACTIVE,AUTO_PARTS,2,6,9,0,0,9,HIGH,0.463379,NORMAL,0.254807,0.271817,9.0,27.38,LOW
TF-2026-0003504,IMPORT_LC,CUST-00040,CP-00451,CA,SG,EUR,470791.35,2025-01-16,2025-04-29,ACTIVE,CHEMICALS,5,5,20,1,1,6,MEDIUM,0.491669,NORMAL,0.644039,0.759935,15.34,55.97,MEDIUM
TF-2026-0003505,EXPORT_LC,CUST-00183,CP-01844,CA,SG,EUR,151088.16,2025-05-14,2025-10-04,SETTLED,AGRICULTURE,3,5,15,1,1,4,HIGH,0.494914,NORMAL,0.618016,0.660319,13.09,57.5,MEDIUM
TF-2026-0003506,IMPORT_LC,CUST-01186,CP-02189,CA,IN,CNY,677283.43,2024-08-27,2025-01-01,SETTLED,AGRICULTURE,5,10,9,1,0,7,HIGH,0.531084,NORMAL,0.43877,0.520244,11.05,56.85,MEDIUM
TF-2026-0003507,COLLECTION,CUST-01017,CP-01409,CA,GB,EUR,693496.91,2025-11-14,2026-04-30,CLOSED,AGRICULTURE,5,10,10,0,0,11,HIGH,0.537704,NORMAL,0.498617,0.488979,12.4,59.07,MEDIUM
TF-2026-0003508,IMPORT_LC,CUST-00229,CP-03124,CA,MX,CNY,1171587.53,2024-11-06,2025-05-01,ACTIVE,INDUSTRIAL_EQUIPMENT,0,7,10,0,0,13,LOW,0.52494,NORMAL,0.273884,0.213252,5.51,29.49,LOW
TF-2026-0003509,COLLECTION,CUST-00654,CP-03308,CA,DE,EUR,489294.23,2025-10-09,2025-12-16,CLOSED,AGRICULTURE,2,3,5,1,0,15,HIGH,0.566623,NORMAL,0.569219,0.304777,7.81,59.73,MEDIUM
TF-2026-0003510,IMPORT_LC,CUST-00185,CP-01624,CA,DE,USD,28764.93,2025-04-15,2025-07-09,SETTLED,TEXTILES,3,4,13,0,1,15,HIGH,0.617182,HIGH,0.425611,0.482622,10.02,64.43,MEDIUM
TF-2026-0003511,EXPORT_LC,CUST-01066,CP-02995,CA,BR,USD,723619.26,2026-05-13,2026-08-04,ACTIVE,INDUSTRIAL_EQUIPMENT,2,9,11,0,1,13,LOW,0.50314,NORMAL,0.179202,0.564962,9.76,33.07,LOW
TF-2026-0003512,IMPORT_LC,CUST-00035,CP-02449,CA,FR,CNY,328003.73,2024-12-03,2025-03-09,CLOSED,TEXTILES,1,8,11,1,1,10,HIGH,0.480619,NORMAL,0.452244,0.491173,9.94,43.31,MEDIUM
TF-2026-0003513,GUARANTEE,CUST-00284,CP-00909,CA,BR,GBP,110556.44,2025-06-17,2025-09-03,ACTIVE,AGRICULTURE,2,6,9,0,0,12,LOW,0.521441,NORMAL,0.222446,0.343882,9.38,31.57,LOW
TF-2026-0003514,EXPORT_LC,CUST-00235,CP-00488,CA,IN,CNY,562364.48,2025-11-11,2026-04-30,CLOSED,CHEMICALS,1,3,11,0,1,15,LOW,0.566581,NORMAL,0.254433,0.32486,8.93,40.98,MEDIUM
TF-2026-0003515,EXPORT_LC,CUST-00661,CP-00400,CA,SG,EUR,78912.02,2025-07-24,2026-01-20,SETTLED,TEXTILES,5,4,12,1,1,6,MEDIUM,0.555734,NORMAL,0.596633,0.79795,12.64,71.35,HIGH
TF-2026-0003516,EXPORT_LC,CUST-01098,CP-00481,CA,BR,GBP,198746.97,2026-03-31,2026-06-03,CLOSED,AGRICULTURE,3,6,9,0,0,9,HIGH,0.470082,NORMAL,0.407711,0.447701,9.83,38.69,LOW
TF-2026-0003517,IMPORT_LC,CUST-00871,CP-03489,CA,MX,GBP,115957.35,2026-01-20,2026-03-28,SETTLED,CHEMICALS,5,9,16,1,1,9,LOW,0.542291,NORMAL,0.67426,0.738501,15.19,64.11,MEDIUM
TF-2026-0003518,COLLECTION,CUST-00828,CP-01889,CA,IN,JPY,1916435.64,2025-01-07,2025-04-06,ACTIVE,INDUSTRIAL_EQUIPMENT,3,9,2,0,0,3,HIGH,0.523636,NORMAL,0.242861,0.521354,10.32,49.01,MEDIUM
TF-2026-0003519,EXPORT_LC,CUST-00963,CP-01622,CA,GB,CNY,229746.66,2026-02-20,2026-06-23,ACTIVE,TEXTILES,0,4,6,0,0,1,HIGH,0.534616,NORMAL,0.160006,0.143516,6.31,36.13,LOW
TF-2026-0003520,IMPORT_LC,CUST-00885,CP-01953,CA,DE,JPY,202412.26,2024-09-15,2025-01-06,SETTLED,TEXTILES,1,10,1,0,0,13,HIGH,0.535643,NORMAL,0.312419,0.162278,4.02,41.56,MEDIUM
TF-2026-0003521,COLLECTION,CUST-01067,CP-02823,CA,CN,USD,386434.02,2024-10-22,2025-04-09,SETTLED,CHEMICALS,4,4,15,0,1,5,HIGH,0.493449,NORMAL,0.535844,0.605049,13.03,52.76,MEDIUM
TF-2026-0003522,GUARANTEE,CUST-00837,CP-02318,CA,GB,GBP,96952.57,2026-07-21,2027-01-17,SETTLED,INDUSTRIAL_EQUIPMENT,4,4,8,0,0,8,LOW,0.526955,NORMAL,0.309393,0.557719,10.85,43.16,MEDIUM
TF-2026-0003523,IMPORT_LC,CUST-00237,CP-02911,CA,CN,JPY,624577.01,2025-12-31,2026-05-24,CLOSED,CHEMICALS,1,6,9,0,0,3,MEDIUM,0.484662,NORMAL,0.099201,0.187088,7.98,17.92,LOW
TF-2026-0003524,COLLECTION,CUST-00174,CP-02813,CA,AE,GBP,733745.72,2025-12-01,2026-02-22,SETTLED,AUTO_PARTS,5,8,15,0,1,14,HIGH,0.533841,NORMAL,0.450626,0.865692,14.54,69.92,HIGH
TF-2026-0003525,IMPORT_LC,CUST-00716,CP-00198,CA,GB,JPY,1976807.5,2025-05-17,2025-07-24,SETTLED,ELECTRONICS,0,7,1,0,0,13,MEDIUM,0.552759,NORMAL,0.173394,0.244369,4.47,38.81,LOW
TF-2026-0003526,COLLECTION,CUST-00849,CP-01903,CA,DE,CNY,114541.22,2024-12-09,2025-03-13,CLOSED,CHEMICALS,3,4,12,0,1,3,LOW,0.515226,NORMAL,0.376858,0.617404,11.31,44.19,MEDIUM
TF-2026-0003527,IMPORT_LC,CUST-00211,CP-03020,CA,CN,GBP,286949.44,2024-12-31,2025-06-07,SETTLED,ELECTRONICS,2,6,11,0,1,6,LOW,0.468543,NORMAL,0.210299,0.396349,10.03,20.8,LOW
TF-2026-0003528,GUARANTEE,CUST-00532,CP-00645,CA,FR,CAD,803301.12,2025-04-20,2025-08-13,ACTIVE,TEXTILES,4,8,16,0,1,10,LOW,0.480983,NORMAL,0.433998,0.754684,14.11,42.03,MEDIUM
TF-2026-0003529,GUARANTEE,CUST-01058,CP-02839,CA,SG,CNY,192035.13,2026-07-07,2026-11-12,SETTLED,CHEMICALS,3,4,15,0,1,3,HIGH,0.497918,NORMAL,0.394824,0.602443,11.02,49.52,MEDIUM
TF-2026-0003530,COLLECTION,CUST-00236,CP-02744,CA,MX,USD,130455.81,2025-02-16,2025-07-05,ACTIVE,INDUSTRIAL_EQUIPMENT,0,7,8,0,0,13,MEDIUM,0.541375,NORMAL,0.281644,0.219223,4.98,38.97,LOW
TF-2026-0003531,EXPORT_LC,CUST-00513,CP-02126,CA,GB,CNY,2029399.22,2024-11-12,2025-02-12,ACTIVE,AUTO_PARTS,1,10,9,0,0,13,LOW,0.561718,NORMAL,0.315272,0.224761,8.2,38.65,LOW
TF-2026-0003532,EXPORT_LC,CUST-01091,CP-00195,CA,DE,USD,1105031.62,2025-02-03,2025-04-27,SETTLED,ELECTRONICS,2,4,14,0,1,15,LOW,0.546691,NORMAL,0.222455,0.546548,10.94,44.69,MEDIUM
TF-2026-0003533,IMPORT_LC,CUST-00219,CP-00005,CA,GB,USD,181245.96,2026-04-05,2026-08-29,SETTLED,CHEMICALS,2,3,8,0,0,10,MEDIUM,0.538849,NORMAL,0.280593,0.253751,8.73,39.58,LOW
TF-2026-0003534,GUARANTEE,CUST-00747,CP-02791,CA,CN,CNY,503129.98,2025-12-10,2026-04-15,ACTIVE,CHEMICALS,5,9,14,1,1,12,MEDIUM,0.523186,NORMAL,0.589717,0.758701,13.95,62.55,MEDIUM
TF-2026-0003535,EXPORT_LC,CUST-00870,CP-03496,CA,GB,USD,409494.01,2025-04-05,2025-08-13,SETTLED,AUTO_PARTS,0,3,12,0,1,3,LOW,0.552416,NORMAL,0.254378,0.317192,7.03,38.73,LOW
TF-2026-0003536,GUARANTEE,CUST-00838,CP-01955,CA,CN,CAD,374991.63,2024-11-08,2025-04-13,SETTLED,AGRICULTURE,1,4,15,0,1,15,HIGH,0.53147,NORMAL,0.127363,0.382316,9.62,42.73,MEDIUM
TF-2026-0003537,GUARANTEE,CUST-00915,CP-03132,CA,CN,EUR,504564.34,2024-11-29,2025-04-01,SETTLED,TEXTILES,2,10,8,0,0,15,LOW,0.554457,NORMAL,0.191319,0.489919,9.79,43.21,MEDIUM
TF-2026-0003538,COLLECTION,CUST-00496,CP-02920,CA,AE,USD,484579.93,2026-06-21,2026-09-17,SETTLED,INDUSTRIAL_EQUIPMENT,5,3,16,1,1,14,HIGH,0.571825,NORMAL,0.706557,0.821027,14.94,82.46,HIGH
TF-2026-0003539,EXPORT_LC,CUST-00341,CP-00673,CA,CN,GBP,1328393.31,2025-11-27,2026-03-26,ACTIVE,TEXTILES,0,9,6,0,0,2,MEDIUM,0.550712,NORMAL,0.198093,0.148557,6.14,35.81,LOW
TF-2026-0003540,COLLECTION,CUST-01033,CP-00196,CA,US,CNY,379311.8,2025-04-27,2025-09-20,ACTIVE,AUTO_PARTS,2,6,19,0,1,9,HIGH,0.462205,NORMAL,0.233996,0.466254,12.31,33.47,LOW
TF-2026-0003541,GUARANTEE,CUST-01076,CP-02733,CA,SG,JPY,850571.2,2024-11-19,2025-04-03,ACTIVE,AGRICULTURE,5,9,22,1,1,14,HIGH,0.551729,NORMAL,0.654219,0.765925,14.84,76.32,HIGH
TF-2026-0003542,IMPORT_LC,CUST-01015,CP-03456,CA,FR,GBP,452457.82,2024-08-26,2024-12-22,CLOSED,ELECTRONICS,5,5,13,0,1,6,MEDIUM,0.491598,NORMAL,0.475313,0.814416,14.18,52.81,MEDIUM
TF-2026-0003543,EXPORT_LC,CUST-00671,CP-00547,CA,US,JPY,443846.79,2025-09-15,2026-01-21,CLOSED,AUTO_PARTS,3,6,12,0,1,3,MEDIUM,0.4732,NORMAL,0.299369,0.64914,11.62,37.96,LOW
TF-2026-0003544,EXPORT_LC,CUST-00651,CP-00207,CA,FR,CNY,112013.97,2026-05-11,2026-09-08,CLOSED,ELECTRONICS,4,8,13,0,1,0,MEDIUM,0.568571,NORMAL,0.397518,0.735066,12.82,64.89,MEDIUM
TF-2026-0003545,EXPORT_LC,CUST-00355,CP-01214,CA,BR,CAD,309894.38,2025-04-27,2025-08-10,CLOSED,TEXTILES,2,5,17,0,1,7,MEDIUM,0.4699,NORMAL,0.335775,0.65852,12.5,38.86,LOW
TF-2026-0003546,COLLECTION,CUST-01112,CP-01624,CA,DE,CNY,875357.21,2026-06-02,2026-10-19,CLOSED,CHEMICALS,5,6,13,0,1,15,HIGH,0.548522,NORMAL,0.522028,0.774349,13.67,71.99,HIGH
TF-2026-0003547,GUARANTEE,CUST-00035,CP-02142,CA,IN,JPY,439634.58,2026-02-14,2026-06-14,CLOSED,ELECTRONICS,4,4,9,1,0,8,HIGH,0.486767,NORMAL,0.712334,0.635719,12.55,57.49,MEDIUM
TF-2026-0003548,IMPORT_LC,CUST-00464,CP-02494,CA,CN,USD,1500220.51,2026-06-25,2026-10-26,SETTLED,ELECTRONICS,0,7,8,0,0,6,HIGH,0.529066,NORMAL,0.122917,0.131777,7.54,33.21,LOW
TF-2026-0003549,EXPORT_LC,CUST-00080,CP-02127,CA,BR,CAD,399643.75,2024-11-13,2025-04-14,ACTIVE,CHEMICALS,5,7,13,0,1,13,HIGH,0.503857,NORMAL,0.375199,0.797767,13.51,57.34,MEDIUM
TF-2026-0003550,GUARANTEE,CUST-00520,CP-00493,CA,FR,CNY,186748.49,2024-10-19,2025-03-08,SETTLED,AUTO_PARTS,5,9,16,1,1,9,LOW,0.522051,NORMAL,0.636094,0.815451,15.67,60.67,MEDIUM
TF-2026-0003551,EXPORT_LC,CUST-00937,CP-02880,CA,US,CAD,178730.87,2025-04-30,2025-10-25,ACTIVE,TEXTILES,3,9,4,0,0,4,MEDIUM,0.493835,NORMAL,0.560585,0.579478,10.53,47.69,MEDIUM
TF-2026-0003552,COLLECTION,CUST-00609,CP-00682,CA,FR,GBP,803207.35,2025-10-12,2026-03-24,CLOSED,CHEMICALS,1,7,13,0,1,9,MEDIUM,0.477298,NORMAL,0.129924,0.362349,8.7,23.52,LOW
TF-2026-0003553,IMPORT_LC,CUST-00857,CP-02446,CA,AE,CAD,1559840.6,2026-07-04,2026-10-16,CLOSED,TEXTILES,1,4,8,0,0,0,MEDIUM,0.557537,NORMAL,0.314414,0.273749,8.86,44.8,MEDIUM
TF-2026-0003554,IMPORT_LC,CUST-00266,CP-02160,CA,SG,JPY,662829.02,2025-02-27,2025-07-29,ACTIVE,INDUSTRIAL_EQUIPMENT,2,10,5,0,0,1,MEDIUM,0.526047,NORMAL,0.202871,0.290824,7.25,35.4,LOW
TF-2026-0003555,COLLECTION,CUST-00963,CP-01368,CA,SG,EUR,235816.23,2026-08-07,2027-02-03,ACTIVE,CHEMICALS,5,6,13,1,1,5,HIGH,0.500985,NORMAL,0.732631,0.767877,14.07,66.16,HIGH
TF-2026-0003556,GUARANTEE,CUST-00462,CP-01964,CA,CN,GBP,133837.87,2025-05-01,2025-08-12,CLOSED,INDUSTRIAL_EQUIPMENT,4,6,8,1,0,11,HIGH,0.509712,NORMAL,0.693149,0.483389,9.82,57.4,MEDIUM
TF-2026-0003557,IMPORT_LC,CUST-00125,CP-01536,CA,SG,JPY,472763.37,2025-10-10,2026-01-07,SETTLED,TEXTILES,0,8,4,0,0,5,LOW,0.498827,NORMAL,0.11474,0.291356,6.3,20.42,LOW
TF-2026-0003558,GUARANTEE,CUST-00092,CP-03436,CA,BR,JPY,358310.03,2026-02-20,2026-06-17,CLOSED,ELECTRONICS,3,3,15,0,1,7,HIGH,0.506556,NORMAL,0.467604,0.668701,12.48,56.28,MEDIUM
TF-2026-0003559,IMPORT_LC,CUST-00099,CP-02180,CA,MX,EUR,20658.62,2025-01-26,2025-05-15,CLOSED,ELECTRONICS,0,3,8,0,0,7,MEDIUM,0.629602,HIGH,0.388171,0.227119,6.43,49.52,MEDIUM
TF-2026-0003560,COLLECTION,CUST-00741,CP-00347,CA,AE,USD,118997.8,2025-11-20,2026-01-20,SETTLED,CHEMICALS,5,5,14,0,1,12,MEDIUM,0.545835,NORMAL,0.443966,0.790252,14.17,64.65,MEDIUM
TF-2026-0003561,GUARANTEE,CUST-00921,CP-02968,CA,CN,GBP,747814.43,2024-11-29,2025-05-24,ACTIVE,TEXTILES,1,8,10,0,0,10,HIGH,0.483786,NORMAL,0.221559,0.150157,8.56,25.1,LOW
TF-2026-0003562,GUARANTEE,CUST-00552,CP-03311,CA,IN,CNY,489005.45,2024-10-31,2025-02-07,SETTLED,CHEMICALS,4,10,12,1,1,7,HIGH,0.507675,NORMAL,0.680346,0.609913,13.09,60.88,MEDIUM
TF-2026-0003563,EXPORT_LC,CUST-00483,CP-00748,CA,IN,CNY,1186380.93,2024-10-27,2025-01-22,SETTLED,AGRICULTURE,4,9,9,1,0,11,LOW,0.50718,NORMAL,0.46582,0.456023,10.58,38.94,LOW
TF-2026-0003564,GUARANTEE,CUST-01022,CP-01581,CA,CN,USD,972731.11,2025-04-09,2025-08-17,CLOSED,CHEMICALS,2,7,5,0,0,11,MEDIUM,0.478163,NORMAL,0.213248,0.268647,7.42,22.92,LOW
TF-2026-0003565,IMPORT_LC,CUST-00601,CP-03401,CA,US,CNY,1016037.35,2025-09-13,2026-03-11,ACTIVE,TEXTILES,3,4,12,0,1,6,MEDIUM,0.488629,NORMAL,0.360611,0.659562,12.02,43.18,MEDIUM
TF-2026-0003566,COLLECTION,CUST-00476,CP-00155,CA,FR,GBP,606475.33,2025-05-17,2025-10-05,CLOSED,CHEMICALS,2,10,12,0,1,0,MEDIUM,0.549634,NORMAL,0.433288,0.479813,9.84,54.23,MEDIUM
TF-2026-0003567,GUARANTEE,CUST-00508,CP-00295,CA,AE,CNY,41015.32,2025-01-27,2025-06-04,SETTLED,AGRICULTURE,0,10,6,0,0,15,HIGH,0.647563,HIGH,0.192568,0.233713,6.6,48.94,MEDIUM
TF-2026-0003568,COLLECTION,CUST-00536,CP-02266,CA,CN,JPY,681119.55,2025-08-14,2025-10-14,CLOSED,AGRICULTURE,5,8,16,1,1,12,LOW,0.509925,NORMAL,0.675554,0.803747,14.02,58.15,MEDIUM
TF-2026-0003569,COLLECTION,CUST-00367,CP-00924,CA,IN,EUR,622325.73,2024-11-20,2025-04-06,SETTLED,AUTO_PARTS,0,6,9,1,0,0,MEDIUM,0.548919,NORMAL,0.500771,0.193298,7.72,46.1,MEDIUM
TF-2026-0003570,GUARANTEE,CUST-00038,CP-02141,CA,DE,JPY,757664.82,2026-04-19,2026-08-17,CLOSED,AUTO_PARTS,3,10,5,1,0,4,MEDIUM,0.505958,NORMAL,0.444441,0.512022,8.61,44.96,MEDIUM
TF-2026-0003571,COLLECTION,CUST-00022,CP-01150,CA,IN,GBP,315259.11,2025-07-20,2025-12-29,SETTLED,CHEMICALS,1,10,13,0,1,10,MEDIUM,0.515594,NORMAL,0.181008,0.448237,10.89,37.52,LOW
TF-2026-0003572,EXPORT_LC,CUST-00036,CP-02447,CA,CN,USD,452963.49,2026-01-30,2026-04-21,ACTIVE,AGRICULTURE,2,8,8,0,0,6,MEDIUM,0.467081,NORMAL,0.279646,0.385523,9.04,27.38,LOW
TF-2026-0003573,GUARANTEE,CUST-00211,CP-03011,CA,FR,GBP,1864646.6,2025-06-04,2025-08-06,CLOSED,CHEMICALS,4,7,11,1,1,1,LOW,0.535056,NORMAL,0.654402,0.693513,11.6,60.3,MEDIUM
TF-2026-0003574,COLLECTION,CUST-00544,CP-00864,CA,AE,JPY,311893.0,2025-11-22,2026-03-18,CLOSED,INDUSTRIAL_EQUIPMENT,3,4,14,1,1,13,MEDIUM,0.490865,NORMAL,0.717274,0.748401,13.55,57.57,MEDIUM
TF-2026-0003575,IMPORT_LC,CUST-00891,CP-01754,CA,SG,USD,1716371.75,2026-03-07,2026-05-31,SETTLED,TEXTILES,5,7,22,1,1,9,LOW,0.524378,NORMAL,0.643522,0.831112,18.65,62.06,MEDIUM
TF-2026-0003576,GUARANTEE,CUST-00858,CP-00761,CA,GB,USD,546571.49,2025-06-01,2025-08-08,ACTIVE,ELECTRONICS,4,6,16,0,1,15,LOW,0.532284,NORMAL,0.467316,0.797672,14.38,57.68,MEDIUM
TF-2026-0003577,IMPORT_LC,CUST-00006,CP-02725,CA,SG,JPY,163836.61,2025-03-15,2025-09-05,CLOSED,INDUSTRIAL_EQUIPMENT,2,8,14,0,1,15,HIGH,0.53936,NORMAL,0.33729,0.543153,11.33,56.55,MEDIUM
TF-2026-0003578,IMPORT_LC,CUST-00385,CP-00626,CA,GB,EUR,248212.01,2025-09-04,2026-01-06,SETTLED,TEXTILES,1,3,12,0,1,8,MEDIUM,0.525909,NORMAL,0.162122,0.459315,9.84,40.05,MEDIUM
TF-2026-0003579,IMPORT_LC,CUST-00590,CP-03497,CA,GB,CAD,333900.92,2024-08-26,2024-12-29,ACTIVE,ELECTRONICS,2,9,12,0,1,13,MEDIUM,0.498974,NORMAL,0.359954,0.561712,10.16,42.28,MEDIUM
TF-2026-0003580,GUARANTEE,CUST-00325,CP-02624,CA,FR,GBP,120432.93,2025-04-02,2025-06-22,SETTLED,AUTO_PARTS,3,7,6,0,0,13,LOW,0.51156,NORMAL,0.476016,0.376434,8.71,37.64,LOW
TF-2026-0003581,COLLECTION,CUST-01114,CP-02383,CA,SG,USD,410918.48,2025-07-30,2025-11-19,SETTLED,INDUSTRIAL_EQUIPMENT,3,5,8,0,0,0,MEDIUM,0.515122,NORMAL,0.534063,0.312738,8.77,43.23,MEDIUM
TF-2026-0003582,IMPORT_LC,CUST-01156,CP-00577,CA,BR,CAD,91115.75,2025-02-01,2025-07-24,ACTIVE,INDUSTRIAL_EQUIPMENT,3,9,15,0,1,11,LOW,0.520479,NORMAL,0.303895,0.566296,12.06,41.53,MEDIUM
TF-2026-0003583,GUARANTEE,CUST-00234,CP-02957,CA,US,CAD,710024.5,2026-05-21,2026-08-01,ACTIVE,TEXTILES,5,10,12,0,1,3,MEDIUM,0.544903,NORMAL,0.461252,0.794781,12.56,65.16,HIGH
TF-2026-0003584,GUARANTEE,CUST-00018,CP-01678,CA,GB,GBP,491393.19,2025-08-09,2025-11-19,SETTLED,AGRICULTURE,4,8,13,0,1,0,LOW,0.526631,NORMAL,0.395572,0.649214,12.48,48.91,MEDIUM
TF-2026-0003585,IMPORT_LC,CUST-00143,CP-02529,CA,FR,JPY,1347865.1,2026-06-21,2026-09-15,CLOSED,TEXTILES,4,7,12,1,1,0,MEDIUM,0.547526,NORMAL,0.664152,0.762138,12.19,70.65,HIGH
TF-2026-0003586,GUARANTEE,CUST-00680,CP-00909,CA,BR,GBP,1904027.38,2026-03-12,2026-05-22,SETTLED,AUTO_PARTS,5,7,15,0,1,12,MEDIUM,0.544968,NORMAL,0.395425,0.867887,15.47,65.75,HIGH
TF-2026-0003587,COLLECTION,CUST-00563,CP-00823,CA,FR,CNY,6508905.34,2024-08-31,2024-11-23,ACTIVE,TEXTILES,1,4,2,0,0,6,MEDIUM,0.596916,HIGH,0.277172,0.402226,8.83,51.58,MEDIUM
TF-2026-0003588,GUARANTEE,CUST-00301,CP-00390,CA,CN,CAD,255213.59,2025-11-25,2026-02-11,SETTLED,INDUSTRIAL_EQUIPMENT,3,9,4,0,0,10,MEDIUM,0.482906,NORMAL,0.490727,0.39487,8.76,36.52,LOW
TF-2026-0003589,IMPORT_LC,CUST-00024,CP-02747,CA,MX,JPY,88932.56,2026-06-20,2026-10-08,CLOSED,ELECTRONICS,4,7,6,1,0,8,LOW,0.513613,NORMAL,0.582832,0.422964,9.58,43.06,MEDIUM
TF-2026-0003590,EXPORT_LC,CUST-01125,CP-01731,CA,MX,EUR,755806.07,2025-01-22,2025-06-16,CLOSED,TEXTILES,2,3,11,0,1,8,HIGH,0.517404,NORMAL,0.439198,0.664053,10.54,58.3,MEDIUM
TF-2026-0003591,GUARANTEE,CUST-00198,CP-01551,CA,MX,USD,448781.47,2025-03-08,2025-08-17,ACTIVE,AUTO_PARTS,0,7,8,0,0,5,LOW,0.498238,NORMAL,0.272906,0.186615,6.09,21.38,LOW
TF-2026-0003592,GUARANTEE,CUST-00291,CP-03012,CA,IN,CNY,332604.4,2025-08-07,2025-10-27,CLOSED,ELECTRONICS,3,3,17,0,1,0,MEDIUM,0.556054,NORMAL,0.29385,0.472721,8.85,50.92,MEDIUM
TF-2026-0003593,GUARANTEE,CUST-01087,CP-01963,CA,MX,GBP,243312.34,2026-01-08,2026-06-10,SETTLED,ELECTRONICS,0,10,3,0,0,10,HIGH,0.541643,NORMAL,0.161668,0.201152,5.08,39.8,LOW
TF-2026-0003594,IMPORT_LC,CUST-00270,CP-02418,CA,IN,USD,249147.94,2025-01-22,2025-06-24,SETTLED,AUTO_PARTS,4,4,9,0,0,6,MEDIUM,0.498021,NORMAL,0.569317,0.671197,13.57,52.19,MEDIUM
TF-2026-0003595,IMPORT_LC,CUST-00148,CP-00549,CA,BR,JPY,230152.92,2025-03-12,2025-07-15,ACTIVE,ELECTRONICS,1,3,5,0,0,0,MEDIUM,0.575327,NORMAL,0.183003,0.30757,7.4,44.1,MEDIUM
TF-2026-0003596,COLLECTION,CUST-01181,CP-02882,CA,JP,GBP,312711.38,2025-02-12,2025-05-25,SETTLED,AGRICULTURE,2,5,5,0,0,13,MEDIUM,0.494191,NORMAL,0.244238,0.342332,8.01,30.01,LOW
TF-2026-0003597,COLLECTION,CUST-01169,CP-00240,CA,MX,CNY,196069.87,2026-01-07,2026-03-09,ACTIVE,INDUSTRIAL_EQUIPMENT,4,7,8,0,0,5,LOW,0.49043,NORMAL,0.549204,0.466314,10.75,37.53,LOW
TF-2026-0003598,EXPORT_LC,CUST-00359,CP-00172,CA,IN,USD,565503.31,2024-12-06,2025-02-25,SETTLED,ELECTRONICS,3,8,9,0,0,6,HIGH,0.464469,NORMAL,0.458357,0.395056,9.62,37.85,LOW
TF-2026-0003599,EXPORT_LC,CUST-01018,CP-02853,CA,SG,USD,137819.84,2026-06-26,2026-11-10,ACTIVE,ELECTRONICS,3,5,11,0,1,14,LOW,0.529634,NORMAL,0.297438,0.654985,12.35,46.93,MEDIUM
TF-2026-0003600,COLLECTION,CUST-00492,CP-03458,CA,IN,GBP,248323.63,2026-03-21,2026-09-03,CLOSED,INDUSTRIAL_EQUIPMENT,0,7,2,0,0,14,MEDIUM,0.526917,NORMAL,0.203858,0.206129,4.77,32.68,LOW
TF-2026-0003601,IMPORT_LC,CUST-00319,CP-01402,CA,AE,USD,208192.84,2024-10-21,2025-01-27,SETTLED,TEXTILES,2,7,3,1,0,8,HIGH,0.4761,NORMAL,0.662986,0.247587,6.35,40.32,MEDIUM
TF-2026-0003602,GUARANTEE,CUST-00274,CP-02125,CA,GB,EUR,1132358.51,2025-10-30,2026-01-18,SETTLED,ELECTRONICS,1,7,10,0,0,2,LOW,0.505104,NORMAL,0.179246,0.195459,9.15,20.67,LOW
TF-2026-0003603,GUARANTEE,CUST-00603,CP-00995,CA,US,CNY,478976.85,2025-03-28,2025-08-03,SETTLED,AUTO_PARTS,3,5,9,0,0,1,MEDIUM,0.492975,NORMAL,0.292859,0.384561,9.28,32.64,LOW
TF-2026-0003604,COLLECTION,CUST-00684,CP-01954,CA,IN,USD,437027.24,2025-07-06,2025-09-17,ACTIVE,AGRICULTURE,2,7,15,1,1,2,MEDIUM,0.47747,NORMAL,0.277439,0.619681,11.9,37.0,LOW
TF-2026-0003605,IMPORT_LC,CUST-01008,CP-03277,CA,AE,EUR,473532.68,2025-01-21,2025-06-01,SETTLED,AUTO_PARTS,2,4,9,1,0,5,HIGH,0.479237,NORMAL,0.643134,0.442781,9.14,47.1,MEDIUM
TF-2026-0003606,COLLECTION,CUST-00944,CP-03151,CA,SG,CNY,312128.63,2025-08-02,2025-11-09,ACTIVE,CHEMICALS,4,6,5,0,0,13,MEDIUM,0.495365,NORMAL,0.526277,0.683309,14.0,50.65,MEDIUM
TF-2026-0003607,GUARANTEE,CUST-00278,CP-01536,CA,SG,EUR,583963.19,2025-03-12,2025-06-17,SETTLED,INDUSTRIAL_EQUIPMENT,1,8,6,0,0,5,HIGH,0.473353,NORMAL,0.154354,0.302179,7.24,26.5,LOW
TF-2026-0003608,COLLECTION,CUST-00413,CP-01811,CA,US,USD,417645.46,2025-11-18,2026-02-28,ACTIVE,AGRICULTURE,5,5,13,1,1,9,HIGH,0.490072,NORMAL,0.645541,0.78765,13.85,61.56,MEDIUM
TF-2026-0003609,GUARANTEE,CUST-01105,CP-01111,CA,AE,CNY,415773.53,2026-01-14,2026-06-24,CLOSED,ELECTRONICS,3,3,9,0,0,14,MEDIUM,0.538588,NORMAL,0.309412,0.491225,10.11,48.68,MEDIUM
TF-2026-0003610,GUARANTEE,CUST-00736,CP-00613,CA,GB,CNY,127680.34,2026-01-01,2026-05-14,SETTLED,CHEMICALS,0,7,8,0,0,10,MEDIUM,0.525823,NORMAL,0.140968,0.214281,4.81,30.82,LOW
TF-2026-0003611,EXPORT_LC,CUST-00526,CP-02403,CA,AE,CNY,286303.71,2025-08-04,2025-11-29,CLOSED,AGRICULTURE,0,4,11,0,1,14,HIGH,0.543405,NORMAL,0.173272,0.299963,7.68,43.93,MEDIUM
TF-2026-0003612,EXPORT_LC,CUST-00426,CP-03326,CA,SG,USD,699851.65,2025-11-26,2026-02-24,ACTIVE,INDUSTRIAL_EQUIPMENT,4,3,17,0,1,13,MEDIUM,0.53245,NORMAL,0.452003,0.748542,14.98,60.53,MEDIUM
TF-2026-0003613,COLLECTION,CUST-00428,CP-03300,CA,DE,JPY,225392.91,2026-05-28,2026-10-30,ACTIVE,TEXTILES,1,4,9,0,0,7,HIGH,0.493834,NORMAL,0.204062,0.158972,8.29,27.28,LOW
TF-2026-0003614,COLLECTION,CUST-00069,CP-01557,CA,DE,CNY,100434.26,2025-04-17,2025-07-15,CLOSED,ELECTRONICS,4,4,7,0,0,3,LOW,0.533847,NORMAL,0.332148,0.568671,11.31,45.98,MEDIUM
TF-2026-0003615,GUARANTEE,CUST-01054,CP-00801,CA,DE,CNY,463552.18,2026-05-26,2026-08-24,SETTLED,AUTO_PARTS,0,9,7,0,0,0,MEDIUM,0.556331,NORMAL,0.305263,0.177115,5.94,40.95,MEDIUM
TF-2026-0003616,COLLECTION,CUST-00019,CP-03290,CA,BR,GBP,50972.0,2024-12-02,2025-03-23,SETTLED,ELECTRONICS,2,3,6,0,0,11,HIGH,0.594426,HIGH,0.264635,0.390522,7.31,55.67,MEDIUM
TF-2026-0003617,IMPORT_LC,CUST-00106,CP-02524,CA,MX,JPY,167376.3,2026-07-06,2026-12-23,SETTLED,TEXTILES,2,9,8,0,0,9,HIGH,0.495075,NORMAL,0.462633,0.284705,8.86,39.73,LOW
TF-2026-0003618,GUARANTEE,CUST-00715,CP-02493,CA,SG,GBP,1186635.86,2024-12-14,2025-04-07,CLOSED,ELECTRONICS,2,9,13,0,1,7,LOW,0.491972,NORMAL,0.210674,0.642928,11.86,33.99,LOW
TF-2026-0003619,COLLECTION,CUST-01133,CP-02519,CA,MX,JPY,397239.6,2026-04-16,2026-06-27,ACTIVE,TEXTILES,0,5,4,0,0,8,LOW,0.506249,NORMAL,0.198476,0.189153,4.89,21.35,LOW
TF-2026-0003620,COLLECTION,CUST-00475,CP-00381,CA,AE,CAD,2342246.32,2025-02-12,2025-06-17,CLOSED,AUTO_PARTS,5,10,12,0,1,15,HIGH,0.621411,HIGH,0.512151,0.817804,13.64,78.81,HIGH
TF-2026-0003621,IMPORT_LC,CUST-00684,CP-01452,CA,MX,JPY,50955.03,2025-03-14,2025-06-09,SETTLED,TEXTILES,5,4,16,1,1,3,MEDIUM,0.582572,NORMAL,0.740521,0.703611,13.95,75.2,HIGH
TF-2026-0003622,EXPORT_LC,CUST-01081,CP-02417,CA,GB,CNY,806860.64,2026-05-07,2026-09-29,CLOSED,AUTO_PARTS,0,3,10,0,0,2,HIGH,0.561744,NORMAL,0.252792,0.251986,6.25,47.74,MEDIUM
TF-2026-0003623,GUARANTEE,CUST-00066,CP-02931,CA,MX,GBP,216911.47,2025-10-17,2026-01-07,CLOSED,TEXTILES,1,5,4,0,0,12,HIGH,0.497859,NORMAL,0.223653,0.222015,5.52,31.04,LOW
TF-2026-0003624,COLLECTION,CUST-00860,CP-01508,CA,JP,USD,766177.78,2025-10-13,2026-01-29,CLOSED,ELECTRONICS,0,5,10,0,0,5,MEDIUM,0.507939,NORMAL,0.247825,0.206547,7.84,28.84,LOW
TF-2026-0003625,IMPORT_LC,CUST-00833,CP-02286,CA,BR,CAD,603014.37,2025-08-13,2026-02-07,SETTLED,AUTO_PARTS,3,8,17,1,1,1,LOW,0.493662,NORMAL,0.583772,0.474501,10.55,39.65,LOW
TF-2026-0003626,COLLECTION,CUST-00906,CP-02837,CA,GB,CNY,284002.16,2026-06-21,2026-09-11,SETTLED,TEXTILES,5,4,13,0,1,2,MEDIUM,0.520773,NORMAL,0.465877,0.772477,12.61,58.71,MEDIUM
TF-2026-0003627,GUARANTEE,CUST-00756,CP-02458,CA,CN,CAD,166200.7,2025-03-25,2025-06-06,SETTLED,AGRICULTURE,2,8,14,1,1,1,HIGH,0.510512,NORMAL,0.483691,0.365344,9.83,47.22,MEDIUM
TF-2026-0003628,GUARANTEE,CUST-01141,CP-00623,CA,GB,USD,159908.71,2026-06-17,2026-09-08,ACTIVE,TEXTILES,4,6,12,1,1,15,MEDIUM,0.548896,NORMAL,0.663338,0.706556,11.92,68.93,HIGH
TF-2026-0003629,EXPORT_LC,CUST-00902,CP-03422,CA,SG,JPY,400132.67,2026-05-29,2026-09-07,CLOSED,CHEMICALS,3,8,5,0,0,5,HIGH,0.467486,NORMAL,0.465417,0.521514,8.86,42.77,MEDIUM
TF-2026-0003630,IMPORT_LC,CUST-00685,CP-00770,CA,US,USD,413266.49,2025-06-02,2025-09-14,SETTLED,INDUSTRIAL_EQUIPMENT,4,3,11,0,1,0,LOW,0.562185,NORMAL,0.4153,0.686387,12.35,57.91,MEDIUM
TF-2026-0003631,COLLECTION,CUST-00013,CP-01090,CA,GB,EUR,104846.28,2025-06-23,2025-11-25,CLOSED,AUTO_PARTS,4,6,19,0,1,1,LOW,0.541795,NORMAL,0.406338,0.657956,15.04,53.17,MEDIUM
TF-2026-0003632,COLLECTION,CUST-00793,CP-02090,CA,AE,CNY,653457.87,2026-05-21,2026-10-31,ACTIVE,INDUSTRIAL_EQUIPMENT,5,10,12,0,1,12,LOW,0.540613,NORMAL,0.535604,0.850213,13.26,63.47,MEDIUM
TF-2026-0003633,COLLECTION,CUST-00616,CP-01473,CA,BR,CNY,247019.53,2025-12-08,2026-04-06,SETTLED,AUTO_PARTS,3,9,12,0,1,10,MEDIUM,0.48413,NORMAL,0.38997,0.588893,11.09,40.6,MEDIUM
TF-2026-0003634,IMPORT_LC,CUST-00692,CP-00895,CA,MX,EUR,177640.69,2026-01-25,2026-07-13,CLOSED,AUTO_PARTS,4,10,16,0,1,2,LOW,0.544362,NORMAL,0.454802,0.733938,14.35,57.74,MEDIUM
TF-2026-0003635,IMPORT_LC,CUST-00351,CP-02934,CA,BR,CAD,946436.11,2025-12-30,2026-05-21,SETTLED,INDUSTRIAL_EQUIPMENT,5,5,17,1,1,13,HIGH,0.525449,NORMAL,0.6197,0.880207,16.01,73.4,HIGH
TF-2026-0003636,COLLECTION,CUST-01011,CP-03159,CA,SG,GBP,116255.66,2024-09-10,2025-01-30,CLOSED,TEXTILES,4,3,12,1,1,9,LOW,0.549334,NORMAL,0.403677,0.736708,11.47,57.27,MEDIUM
TF-2026-0003637,GUARANTEE,CUST-00306,CP-01476,CA,GB,EUR,201402.18,2024-11-06,2025-01-17,CLOSED,AUTO_PARTS,0,10,3,0,0,6,LOW,0.549649,NORMAL,0.308651,0.128339,4.29,33.2,LOW
TF-2026-0003638,IMPORT_LC,CUST-00911,CP-03430,CA,MX,EUR,110141.49,2025-04-12,2025-06-14,ACTIVE,ELECTRONICS,5,3,11,1,1,14,MEDIUM,0.60278,HIGH,0.664894,0.657838,10.29,72.36,HIGH
TF-2026-0003639,GUARANTEE,CUST-00996,CP-00422,CA,DE,EUR,119839.4,2026-03-21,2026-08-25,SETTLED,TEXTILES,2,3,6,0,0,0,HIGH,0.592977,HIGH,0.343136,0.283382,8.18,54.18,MEDIUM
TF-2026-0003640,EXPORT_LC,CUST-00222,CP-01579,CA,IN,GBP,525551.93,2024-09-03,2024-12-28,CLOSED,CHEMICALS,3,9,7,0,0,7,LOW,0.468701,NORMAL,0.305955,0.4165,8.68,24.4,LOW
TF-2026-0003641,GUARANTEE,CUST-00523,CP-01511,CA,JP,GBP,2576616.02,2026-05-15,2026-08-11,SETTLED,ELECTRONICS,0,6,10,0,0,11,MEDIUM,0.550066,NORMAL,0.13073,0.180884,8.39,34.81,LOW
TF-2026-0003642,IMPORT_LC,CUST-00500,CP-01146,CA,JP,USD,417851.82,2025-01-23,2025-07-07,CLOSED,ELECTRONICS,3,7,12,0,1,9,LOW,0.459154,NORMAL,0.439919,0.647763,11.28,35.91,LOW
TF-2026-0003643,IMPORT_LC,CUST-00625,CP-02766,CA,JP,EUR,473303.84,2025-01-17,2025-05-14,ACTIVE,AUTO_PARTS,4,3,14,0,1,2,HIGH,0.530716,NORMAL,0.460292,0.710155,13.0,64.07,MEDIUM
TF-2026-0003644,GUARANTEE,CUST-00281,CP-01112,CA,JP,USD,1521315.95,2024-09-14,2025-02-20,ACTIVE,INDUSTRIAL_EQUIPMENT,4,4,14,1,1,11,LOW,0.527696,NORMAL,0.6719,0.792376,12.86,62.43,MEDIUM
TF-2026-0003645,GUARANTEE,CUST-00904,CP-01314,CA,AE,EUR,246824.1,2024-12-31,2025-04-04,SETTLED,AUTO_PARTS,3,4,11,1,1,7,LOW,0.481165,NORMAL,0.717458,0.665192,11.75,47.43,MEDIUM
TF-2026-0003646,GUARANTEE,CUST-01142,CP-03128,CA,FR,EUR,1607381.61,2024-12-15,2025-02-21,SETTLED,ELECTRONICS,4,9,20,0,1,14,HIGH,0.549192,NORMAL,0.422815,0.508264,11.62,59.82,MEDIUM
TF-2026-0003647,EXPORT_LC,CUST-00532,CP-00348,CA,DE,JPY,1388168.81,2026-02-03,2026-04-17,SETTLED,INDUSTRIAL_EQUIPMENT,5,6,13,1,1,9,LOW,0.513271,NORMAL,0.661099,0.811542,15.15,58.89,MEDIUM
TF-2026-0003648,EXPORT_LC,CUST-00401,CP-01218,CA,MX,CNY,3617525.82,2026-05-30,2026-10-29,SETTLED,CHEMICALS,1,3,12,0,1,8,LOW,0.589054,NORMAL,0.238229,0.49461,9.76,48.19,MEDIUM
TF-2026-0003649,COLLECTION,CUST-00211,CP-00839,CA,BR,CAD,177435.32,2026-06-08,2026-11-29,ACTIVE,TEXTILES,1,5,6,0,0,8,LOW,0.493909,NORMAL,0.188817,0.150299,6.6,16.54,LOW
TF-2026-0003650,EXPORT_LC,CUST-00500,CP-01432,CA,FR,USD,147360.85,2025-07-28,2025-09-30,SETTLED,INDUSTRIAL_EQUIPMENT,0,9,8,0,0,9,LOW,0.535621,NORMAL,0.178891,0.215546,7.95,29.42,LOW
TF-2026-0003651,COLLECTION,CUST-00863,CP-03245,CA,BR,CNY,628571.67,2026-01-16,2026-05-17,ACTIVE,INDUSTRIAL_EQUIPMENT,4,8,15,1,1,10,LOW,0.476197,NORMAL,0.65627,0.76535,13.99,48.26,MEDIUM
TF-2026-0003652,COLLECTION,CUST-00151,CP-03367,CA,SG,CNY,74359.42,2026-05-27,2026-10-18,SETTLED,AUTO_PARTS,5,7,12,1,1,6,MEDIUM,0.548425,NORMAL,0.692992,0.66165,13.23,68.14,HIGH
TF-2026-0003653,IMPORT_LC,CUST-00158,CP-00466,CA,JP,CAD,515839.8,2026-05-29,2026-10-28,ACTIVE,INDUSTRIAL_EQUIPMENT,2,5,1,0,0,11,MEDIUM,0.478298,NORMAL,0.247051,0.356645,6.67,27.03,LOW
TF-2026-0003654,COLLECTION,CUST-01133,CP-00176,CA,DE,CNY,351500.72,2025-01-16,2025-05-26,CLOSED,ELECTRONICS,5,6,12,0,1,3,LOW,0.499606,NORMAL,0.373614,0.76,12.45,44.76,MEDIUM
TF-2026-0003655,IMPORT_LC,CUST-00879,CP-00211,CA,FR,EUR,142273.83,2026-03-07,2026-05-29,CLOSED,AUTO_PARTS,5,5,13,0,1,7,LOW,0.519533,NORMAL,0.526879,0.673483,14.22,51.74,MEDIUM
TF-2026-0003656,GUARANTEE,CUST-00648,CP-00372,CA,GB,JPY,6956480.02,2026-03-10,2026-06-05,ACTIVE,AGRICULTURE,1,6,6,0,0,4,LOW,0.595074,HIGH,0.172985,0.283378,6.68,39.24,LOW
TF-2026-0003657,IMPORT_LC,CUST-00991,CP-01144,CA,MX,CNY,335874.33,2026-02-20,2026-06-11,ACTIVE,CHEMICALS,2,10,10,0,0,7,MEDIUM,0.491351,NORMAL,0.381703,0.255646,8.91,30.39,LOW
TF-2026-0003658,GUARANTEE,CUST-00021,CP-02300,CA,JP,GBP,51264.44,2024-11-03,2025-02-27,ACTIVE,AGRICULTURE,5,4,17,1,1,6,LOW,0.574295,NORMAL,0.437861,0.704152,13.59,60.54,MEDIUM
TF-2026-0003659,IMPORT_LC,CUST-00889,CP-01152,CA,FR,USD,43408.63,2024-11-16,2025-03-16,CLOSED,CHEMICALS,5,9,16,0,1,6,HIGH,0.597757,HIGH,0.591067,0.762011,15.42,78.64,HIGH
TF-2026-0003660,IMPORT_LC,CUST-00407,CP-00305,CA,SG,CAD,213900.39,2025-12-26,2026-04-01,SETTLED,CHEMICALS,3,5,8,0,0,8,HIGH,0.472759,NORMAL,0.463153,0.391873,9.83,38.8,LOW
TF-2026-0003661,EXPORT_LC,CUST-00825,CP-02691,CA,JP,JPY,1798951.92,2026-01-24,2026-07-14,SETTLED,TEXTILES,5,5,10,0,0,13,HIGH,0.564506,NORMAL,0.335751,0.676798,13.82,65.46,HIGH
TF-2026-0003662,GUARANTEE,CUST-00554,CP-02414,CA,MX,JPY,368754.23,2025-05-27,2025-11-11,CLOSED,CHEMICALS,5,7,18,0,1,11,LOW,0.493043,NORMAL,0.568213,0.741696,13.2,48.42,MEDIUM
TF-2026-0003663,EXPORT_LC,CUST-00040,CP-02434,CA,DE,JPY,454034.96,2025-03-12,2025-08-23,ACTIVE,ELECTRONICS,0,8,4,0,0,2,MEDIUM,0.520041,NORMAL,0.112938,0.254377,5.48,29.77,LOW
TF-2026-0003664,GUARANTEE,CUST-00186,CP-01225,CA,DE,CNY,334666.35,2024-12-06,2025-02-08,SETTLED,AUTO_PARTS,5,5,19,0,1,5,HIGH,0.500521,NORMAL,0.41984,0.862779,15.91,59.99,MEDIUM
TF-2026-0003665,IMPORT_LC,CUST-00853,CP-02423,CA,FR,CAD,333161.65,2025-04-28,2025-07-12,ACTIVE,AGRICULTURE,4,10,8,0,0,10,HIGH,0.516155,NORMAL,0.394932,0.547404,11.71,52.57,MEDIUM
TF-2026-0003666,IMPORT_LC,CUST-00646,CP-01854,CA,JP,CNY,864855.39,2026-03-23,2026-08-09,CLOSED,INDUSTRIAL_EQUIPMENT,5,4,18,0,1,2,LOW,0.517289,NORMAL,0.35547,0.822064,15.92,51.29,MEDIUM
TF-2026-0003667,GUARANTEE,CUST-00882,CP-02463,CA,GB,USD,323146.57,2026-06-29,2026-11-11,ACTIVE,INDUSTRIAL_EQUIPMENT,2,9,8,0,0,5,MEDIUM,0.477918,NORMAL,0.301214,0.32801,9.53,27.6,LOW
TF-2026-0003668,GUARANTEE,CUST-00493,CP-02715,CA,FR,GBP,586134.45,2024-08-31,2025-01-26,SETTLED,AUTO_PARTS,3,8,7,1,0,15,LOW,0.518422,NORMAL,0.633859,0.479928,11.44,47.93,MEDIUM
TF-2026-0003669,IMPORT_LC,CUST-00497,CP-00560,CA,DE,USD,459755.52,2024-10-15,2025-01-01,CLOSED,AUTO_PARTS,5,3,18,1,1,0,LOW,0.581561,NORMAL,0.513957,0.800239,16.18,66.7,HIGH
TF-2026-0003670,IMPORT_LC,CUST-00965,CP-00779,CA,AE,EUR,106985.23,2026-06-28,2026-10-28,CLOSED,INDUSTRIAL_EQUIPMENT,5,10,15,0,1,15,HIGH,0.610087,HIGH,0.422616,0.721974,14.29,72.55,HIGH
TF-2026-0003671,COLLECTION,CUST-01100,CP-00599,CA,SG,CAD,146290.85,2025-01-09,2025-07-08,SETTLED,INDUSTRIAL_EQUIPMENT,5,10,14,0,1,13,LOW,0.569645,NORMAL,0.579183,0.812622,14.44,68.18,HIGH
TF-2026-0003672,IMPORT_LC,CUST-00979,CP-01052,CA,BR,GBP,593239.06,2024-12-15,2025-05-15,ACTIVE,TEXTILES,4,5,20,0,1,9,LOW,0.471853,NORMAL,0.492233,0.773038,15.52,42.84,MEDIUM
TF-2026-0003673,EXPORT_LC,CUST-00611,CP-03448,CA,FR,CNY,498023.46,2025-11-09,2026-02-07,ACTIVE,INDUSTRIAL_EQUIPMENT,0,4,14,0,1,4,MEDIUM,0.509483,NORMAL,0.106841,0.247954,5.6,26.53,LOW
TF-2026-0003674,EXPORT_LC,CUST-00091,CP-00526,CA,BR,CNY,43481.42,2025-03-25,2025-07-15,ACTIVE,ELECTRONICS,2,10,9,0,0,4,MEDIUM,0.579525,NORMAL,0.428644,0.323253,9.02,52.32,MEDIUM
TF-2026-0003675,COLLECTION,CUST-01098,CP-03154,CA,GB,CAD,156831.84,2025-08-07,2026-01-08,SETTLED,TEXTILES,5,8,13,1,1,15,HIGH,0.561867,NORMAL,0.691595,0.749715,13.4,78.37,HIGH
TF-2026-0003676,COLLECTION,CUST-00038,CP-02744,CA,MX,JPY,216930.71,2026-04-29,2026-08-18,SETTLED,ELECTRONICS,1,3,14,0,1,13,MEDIUM,0.538727,NORMAL,0.292115,0.342101,8.21,42.98,MEDIUM
TF-2026-0003677,IMPORT_LC,CUST-00252,CP-02025,CA,JP,CAD,6134208.09,2024-12-05,2025-02-21,CLOSED,TEXTILES,3,10,18,0,1,14,MEDIUM,0.628061,HIGH,0.267959,0.558039,9.88,57.48,MEDIUM
TF-2026-0003678,IMPORT_LC,CUST-00307,CP-03000,CA,BR,EUR,1578834.3,2025-03-05,2025-06-22,CLOSED,AUTO_PARTS,2,5,11,0,1,7,HIGH,0.500618,NORMAL,0.35375,0.512447,9.16,45.78,MEDIUM
TF-2026-0003679,IMPORT_LC,CUST-00971,CP-03382,CA,GB,USD,721066.06,2024-08-14,2025-01-07,SETTLED,AGRICULTURE,1,6,6,0,0,10,HIGH,0.478559,NORMAL,0.19512,0.184121,6.86,24.48,LOW
TF-2026-0003680,EXPORT_LC,CUST-00672,CP-01227,CA,AE,USD,1257764.03,2025-07-01,2025-11-29,ACTIVE,ELECTRONICS,1,10,8,0,0,2,MEDIUM,0.544049,NORMAL,0.189448,0.36791,8.52,41.94,MEDIUM
TF-2026-0003681,COLLECTION,CUST-00868,CP-03069,CA,DE,CAD,628391.24,2025-01-04,2025-03-30,CLOSED,ELECTRONICS,2,9,4,0,0,8,HIGH,0.477373,NORMAL,0.266152,0.336588,7.22,31.73,LOW
TF-2026-0003682,GUARANTEE,CUST-00006,CP-00852,CA,IN,JPY,1489274.34,2025-07-03,2025-11-01,SETTLED,TEXTILES,2,8,9,0,0,1,HIGH,0.522012,NORMAL,0.261059,0.260355,8.57,39.97,LOW
TF-2026-0003683,EXPORT_LC,CUST-00185,CP-00411,CA,DE,EUR,38345.38,2025-02-06,2025-07-23,ACTIVE,TEXTILES,1,6,1,0,0,14,HIGH,0.593959,HIGH,0.235233,0.217714,4.46,48.72,MEDIUM
TF-2026-0003684,COLLECTION,CUST-00436,CP-00247,CA,MX,CAD,1165764.41,2025-02-17,2025-04-19,ACTIVE,TEXTILES,1,9,3,0,0,7,MEDIUM,0.499231,NORMAL,0.457885,0.341957,7.4,37.59,LOW
TF-2026-0003685,GUARANTEE,CUST-00925,CP-01044,CA,JP,GBP,599890.93,2025-07-17,2025-11-05,CLOSED,ELECTRONICS,3,6,14,0,1,7,HIGH,0.45914,NORMAL,0.366119,0.614719,10.99,42.54,MEDIUM
TF-2026-0003686,COLLECTION,CUST-01025,CP-00221,CA,FR,USD,240199.55,2025-08-03,2025-10-12,ACTIVE,CHEMICALS,4,10,11,0,1,1,MEDIUM,0.545012,NORMAL,0.394378,0.746013,12.87,61.46,MEDIUM
TF-2026-0003687,EXPORT_LC,CUST-00224,CP-01518,CA,MX,CNY,194934.03,2026-03-28,2026-08-21,CLOSED,INDUSTRIAL_EQUIPMENT,5,8,15,1,1,6,HIGH,0.512657,NORMAL,0.747521,0.827053,15.19,71.87,HIGH
TF-2026-0003688,IMPORT_LC,CUST-00268,CP-02100,CA,CN,CNY,3470807.38,2025-11-10,2026-04-09,SETTLED,AGRICULTURE,3,5,13,0,1,9,MEDIUM,0.535738,NORMAL,0.27327,0.628341,11.26,51.74,MEDIUM
TF-2026-0003689,EXPORT_LC,CUST-00827,CP-03391,CA,FR,USD,252760.25,2025-03-07,2025-08-03,ACTIVE,AGRICULTURE,4,4,8,0,0,11,HIGH,0.503089,NORMAL,0.266119,0.503091,9.64,43.48,MEDIUM
TF-2026-0003690,GUARANTEE,CUST-00234,CP-02354,CA,DE,EUR,288758.99,2025-04-23,2025-09-15,CLOSED,AGRICULTURE,5,7,11,1,1,15,MEDIUM,0.537743,NORMAL,0.761297,0.567489,11.05,64.71,MEDIUM
TF-2026-0003691,GUARANTEE,CUST-00020,CP-01447,CA,JP,CNY,639422.99,2025-06-18,2025-10-22,ACTIVE,AUTO_PARTS,5,5,17,1,1,8,MEDIUM,0.48884,NORMAL,0.484057,0.792472,14.92,51.58,MEDIUM
TF-2026-0003692,EXPORT_LC,CUST-00107,CP-03217,CA,CN,JPY,79289.71,2024-10-26,2025-03-11,CLOSED,TEXTILES,5,7,14,1,1,13,HIGH,0.559963,NORMAL,0.630491,0.750347,12.96,76.28,HIGH
TF-2026-0003693,COLLECTION,CUST-00454,CP-00771,CA,GB,JPY,951940.34,2026-02-06,2026-06-08,CLOSED,AGRICULTURE,1,3,6,0,0,4,LOW,0.529015,NORMAL,0.157676,0.372625,9.69,32.68,LOW
TF-2026-0003694,EXPORT_LC,CUST-00559,CP-03213,CA,AE,JPY,164731.16,2024-12-11,2025-05-17,ACTIVE,INDUSTRIAL_EQUIPMENT,3,9,15,1,1,7,MEDIUM,0.491207,NORMAL,0.690244,0.764144,13.02,57.39,MEDIUM
TF-2026-0003695,COLLECTION,CUST-00020,CP-00326,CA,IN,EUR,250350.69,2024-10-18,2025-02-17,SETTLED,AGRICULTURE,0,3,7,0,0,1,MEDIUM,0.5677,NORMAL,0.210961,0.189595,6.64,40.08,MEDIUM
TF-2026-0003696,GUARANTEE,CUST-01026,CP-03453,CA,SG,JPY,341169.38,2025-05-06,2025-10-28,CLOSED,CHEMICALS,0,4,1,1,0,0,LOW,0.549919,NORMAL,0.480908,0.275772,6.62,43.59,MEDIUM
TF-2026-0003697,COLLECTION,CUST-00436,CP-00151,CA,DE,CNY,91539.19,2025-05-06,2025-07-11,CLOSED,ELECTRONICS,0,9,6,0,0,12,MEDIUM,0.55898,NORMAL,0.205346,0.177326,5.91,38.35,LOW
TF-2026-0003698,IMPORT_LC,CUST-01011,CP-00151,CA,DE,CAD,483776.92,2025-09-17,2025-11-21,SETTLED,INDUSTRIAL_EQUIPMENT,3,4,6,0,0,12,LOW,0.487172,NORMAL,0.325221,0.496976,9.7,31.08,LOW
TF-2026-0003699,IMPORT_LC,CUST-00163,CP-03126,CA,US,USD,2097870.12,2025-12-07,2026-05-16,ACTIVE,TEXTILES,0,6,7,1,0,13,HIGH,0.553493,NORMAL,0.20777,0.272991,6.69,45.96,MEDIUM
TF-2026-0003700,EXPORT_LC,CUST-00303,CP-01647,CA,MX,USD,184775.07,2026-01-13,2026-06-13,SETTLED,AGRICULTURE,4,5,11,0,1,7,LOW,0.489781,NORMAL,0.52823,0.731677,11.79,46.0,MEDIUM
TF-2026-0003701,IMPORT_LC,CUST-00362,CP-01277,CA,FR,CNY,576775.93,2026-07-13,2026-12-14,SETTLED,ELECTRONICS,3,3,9,0,0,15,MEDIUM,0.557368,NORMAL,0.32218,0.374808,9.05,48.55,MEDIUM
TF-2026-0003702,COLLECTION,CUST-00983,CP-01207,CA,FR,CAD,1623287.35,2026-06-10,2026-10-13,ACTIVE,AGRICULTURE,4,7,9,1,0,6,HIGH,0.504495,NORMAL,0.694309,0.468158,10.56,55.56,MEDIUM
TF-2026-0003703,IMPORT_LC,CUST-00652,CP-00123,CA,MX,GBP,2180325.14,2025-11-10,2026-04-12,ACTIVE,AUTO_PARTS,3,6,10,0,0,10,LOW,0.512781,NORMAL,0.450071,0.405328,10.29,38.23,LOW
TF-2026-0003704,EXPORT_LC,CUST-00693,CP-02965,CA,GB,GBP,568583.56,2026-05-12,2026-07-12,SETTLED,CHEMICALS,1,10,11,0,1,5,HIGH,0.511843,NORMAL,0.225466,0.512072,9.31,44.96,MEDIUM
TF-2026-0003705,COLLECTION,CUST-00812,CP-00136,CA,GB,EUR,185805.57,2025-02-19,2025-07-28,SETTLED,TEXTILES,0,4,5,0,0,9,LOW,0.531751,NORMAL,0.159729,0.190897,5.86,27.06,LOW
TF-2026-0003706,GUARANTEE,CUST-00649,CP-01565,CA,CN,CAD,483345.11,2026-05-16,2026-08-09,CLOSED,AUTO_PARTS,5,6,13,1,1,7,LOW,0.484885,NORMAL,0.690865,0.800074,13.81,52.19,MEDIUM
TF-2026-0003707,EXPORT_LC,CUST-01085,CP-03173,CA,SG,GBP,472607.92,2025-02-01,2025-07-07,SETTLED,CHEMICALS,1,10,5,0,0,9,HIGH,0.508324,NORMAL,0.141823,0.356294,8.03,36.01,LOW
TF-2026-0003708,IMPORT_LC,CUST-00364,CP-01354,CA,US,CNY,254884.53,2025-12-08,2026-05-13,ACTIVE,INDUSTRIAL_EQUIPMENT,2,3,6,0,0,4,HIGH,0.523006,NORMAL,0.243765,0.410314,9.37,44.94,MEDIUM
TF-2026-0003709,COLLECTION,CUST-01176,CP-03185,CA,BR,USD,329848.62,2024-08-20,2025-01-27,ACTIVE,CHEMICALS,4,6,12,1,1,0,HIGH,0.527115,NORMAL,0.702014,0.792873,13.25,73.21,HIGH
TF-2026-0003710,COLLECTION,CUST-00792,CP-00417,CA,DE,GBP,162834.98,2026-02-21,2026-07-19,SETTLED,TEXTILES,2,4,7,0,0,7,MEDIUM,0.499662,NORMAL,0.218208,0.27934,8.01,28.3,LOW
TF-2026-0003711,IMPORT_LC,CUST-00040,CP-03400,CA,AE,GBP,897973.93,2025-11-07,2026-04-12,ACTIVE,INDUSTRIAL_EQUIPMENT,1,3,2,1,0,7,MEDIUM,0.52327,NORMAL,0.507927,0.346035,8.86,45.69,MEDIUM
TF-2026-0003712,GUARANTEE,CUST-00915,CP-01878,CA,MX,CAD,885440.07,2025-12-29,2026-04-10,CLOSED,TEXTILES,1,3,12,0,1,7,LOW,0.523266,NORMAL,0.248672,0.459234,10.32,36.86,LOW
TF-2026-0003713,EXPORT_LC,CUST-00571,CP-01342,CA,IN,CAD,235320.11,2025-08-01,2025-10-05,SETTLED,TEXTILES,1,5,9,0,0,8,MEDIUM,0.480168,NORMAL,0.257973,0.260762,8.46,24.31,LOW
TF-2026-0003714,IMPORT_LC,CUST-00576,CP-01335,CA,IN,EUR,5010908.6,2025-05-17,2025-08-30,ACTIVE,INDUSTRIAL_EQUIPMENT,3,4,13,1,1,12,LOW,0.574818,NORMAL,0.629855,0.587256,11.68,62.25,MEDIUM
TF-2026-0003715,EXPORT_LC,CUST-00803,CP-01352,CA,AE,GBP,2355104.17,2025-05-25,2025-08-12,ACTIVE,CHEMICALS,4,10,14,0,1,13,MEDIUM,0.572595,NORMAL,0.257551,0.857703,14.1,65.32,HIGH
TF-2026-0003716,GUARANTEE,CUST-00077,CP-01099,CA,MX,CNY,200501.33,2025-03-10,2025-05-25,CLOSED,AGRICULTURE,5,10,11,1,1,7,HIGH,0.54029,NORMAL,0.575712,0.645194,14.93,67.47,HIGH
TF-2026-0003717,EXPORT_LC,CUST-00464,CP-02523,CA,FR,JPY,1278245.63,2025-07-31,2025-11-16,SETTLED,CHEMICALS,2,10,6,0,0,5,HIGH,0.518658,NORMAL,0.192234,0.377749,8.48,41.16,MEDIUM
TF-2026-0003718,EXPORT_LC,CUST-01014,CP-03068,CA,CN,USD,666414.12,2024-10-21,2025-01-26,CLOSED,INDUSTRIAL_EQUIPMENT,5,6,16,0,1,5,HIGH,0.493055,NORMAL,0.582523,0.737257,14.28,58.7,MEDIUM
TF-2026-0003719,EXPORT_LC,CUST-00888,CP-00451,CA,SG,CAD,466957.52,2026-01-22,2026-04-28,CLOSED,AUTO_PARTS,5,3,17,0,1,6,HIGH,0.535293,NORMAL,0.46702,0.759977,15.41,67.07,HIGH
TF-2026-0003720,EXPORT_LC,CUST-01186,CP-01416,CA,GB,USD,176264.99,2026-03-11,2026-08-20,SETTLED,ELECTRONICS,3,10,14,1,1,3,HIGH,0.52074,NORMAL,0.641579,0.651342,12.73,64.72,MEDIUM
TF-2026-0003721,COLLECTION,CUST-00053,CP-00325,CA,DE,CNY,1047840.83,2024-08-14,2024-12-12,ACTIVE,TEXTILES,0,6,4,1,0,8,MEDIUM,0.510201,NORMAL,0.486847,0.235824,8.0,37.7,LOW
TF-2026-0003722,GUARANTEE,CUST-00327,CP-02139,CA,JP,CNY,2146240.99,2026-06-03,2026-10-24,CLOSED,ELECTRONICS,4,6,14,1,1,3,LOW,0.527189,NORMAL,0.633621,0.664292,12.8,56.68,MEDIUM
TF-2026-0003723,EXPORT_LC,CUST-00680,CP-02118,CA,JP,EUR,135413.27,2025-06-09,2025-09-11,SETTLED,TEXTILES,0,6,8,0,0,13,MEDIUM,0.539179,NORMAL,0.216616,0.177287,7.08,35.09,LOW
TF-2026-0003724,IMPORT_LC,CUST-00099,CP-01276,CA,CN,JPY,755008.9,2024-09-15,2025-02-10,SETTLED,AUTO_PARTS,5,6,11,0,1,3,MEDIUM,0.500781,NORMAL,0.476036,0.830571,12.88,55.6,MEDIUM
TF-2026-0003725,EXPORT_LC,CUST-00089,CP-01574,CA,GB,CNY,101746.1,2026-04-05,2026-09-29,ACTIVE,CHEMICALS,4,6,16,0,1,5,LOW,0.523489,NORMAL,0.435049,0.711024,14.43,51.36,MEDIUM
TF-2026-0003726,GUARANTEE,CUST-00185,CP-03275,CA,SG,USD,1648084.2,2025-08-03,2026-01-02,SETTLED,AUTO_PARTS,3,10,6,0,0,15,HIGH,0.577692,NORMAL,0.474177,0.421063,9.18,61.98,MEDIUM
TF-2026-0003727,GUARANTEE,CUST-00967,CP-01593,CA,FR,JPY,188175.33,2026-02-16,2026-06-22,ACTIVE,TEXTILES,4,9,10,0,0,13,LOW,0.523479,NORMAL,0.544067,0.515198,10.25,47.77,MEDIUM
TF-2026-0003728,EXPORT_LC,CUST-00307,CP-01208,CA,AE,GBP,185679.37,2024-09-26,2025-02-03,CLOSED,TEXTILES,1,3,4,0,0,10,HIGH,0.541874,NORMAL,0.247742,0.272269,6.81,44.93,MEDIUM
TF-2026-0003729,COLLECTION,CUST-00351,CP-00752,CA,CN,CAD,722122.02,2025-06-22,2025-12-13,SETTLED,INDUSTRIAL_EQUIPMENT,5,9,18,1,1,1,HIGH,0.545936,NORMAL,0.613768,0.752881,15.31,73.46,HIGH
TF-2026-0003730,IMPORT_LC,CUST-01187,CP-02843,CA,FR,CNY,476554.08,2025-05-24,2025-11-16,CLOSED,AUTO_PARTS,5,4,11,1,1,6,LOW,0.502678,NORMAL,0.626274,0.750669,12.69,52.8,MEDIUM
TF-2026-0003731,GUARANTEE,CUST-00951,CP-00896,CA,FR,GBP,47159.9,2025-07-14,2025-12-18,SETTLED,INDUSTRIAL_EQUIPMENT,0,4,9,0,0,14,LOW,0.617281,HIGH,0.233981,0.247161,7.37,40.45,MEDIUM
TF-2026-0003732,COLLECTION,CUST-00118,CP-02280,CA,FR,CAD,574845.39,2025-05-12,2025-08-30,CLOSED,AGRICULTURE,0,9,5,0,0,14,LOW,0.537185,NORMAL,0.177335,0.140144,5.57,27.11,LOW
TF-2026-0003733,EXPORT_LC,CUST-00314,CP-02206,CA,JP,JPY,854720.83,2025-09-05,2026-02-11,SETTLED,AUTO_PARTS,5,3,9,0,0,0,LOW,0.589209,HIGH,0.489147,0.565834,12.54,58.23,MEDIUM
TF-2026-0003734,IMPORT_LC,CUST-00415,CP-00622,CA,GB,USD,5771955.8,2025-10-17,2026-01-13,CLOSED,INDUSTRIAL_EQUIPMENT,0,10,1,0,0,0,LOW,0.654497,HIGH,0.304979,0.243283,4.99,42.66,MEDIUM
TF-2026-0003735,GUARANTEE,CUST-00856,CP-00205,CA,IN,GBP,2131298.42,2025-03-02,2025-06-26,SETTLED,AGRICULTURE,5,6,13,1,1,12,MEDIUM,0.557802,NORMAL,0.385575,0.76331,13.14,64.13,MEDIUM
TF-2026-0003736,IMPORT_LC,CUST-00866,CP-03138,CA,GB,GBP,651309.21,2024-11-09,2025-01-14,ACTIVE,ELECTRONICS,2,4,3,0,0,3,MEDIUM,0.489295,NORMAL,0.242561,0.308715,5.98,27.51,LOW
TF-2026-0003737,GUARANTEE,CUST-00628,CP-02538,CA,DE,EUR,1933812.92,2024-12-29,2025-04-13,CLOSED,INDUSTRIAL_EQUIPMENT,5,7,23,0,1,11,HIGH,0.537899,NORMAL,0.564219,0.723671,15.71,69.31,HIGH
TF-2026-0003738,IMPORT_LC,CUST-00390,CP-01332,CA,JP,CNY,188094.12,2025-07-31,2025-12-14,CLOSED,AUTO_PARTS,3,7,11,1,1,2,LOW,0.494561,NORMAL,0.353139,0.542321,10.4,35.34,LOW
TF-2026-0003739,GUARANTEE,CUST-00403,CP-00124,CA,BR,EUR,366740.72,2025-06-05,2025-11-22,ACTIVE,CHEMICALS,0,5,1,0,0,3,HIGH,0.513465,NORMAL,0.183102,0.195798,3.54,33.06,LOW
TF-2026-0003740,GUARANTEE,CUST-00651,CP-03407,CA,FR,JPY,188098.49,2025-02-18,2025-06-19,ACTIVE,ELECTRONICS,0,4,8,0,0,2,MEDIUM,0.533334,NORMAL,0.101108,0.207684,7.26,31.3,LOW
TF-2026-0003741,IMPORT_LC,CUST-00591,CP-00806,CA,JP,CNY,22340.53,2026-05-04,2026-07-08,CLOSED,ELECTRONICS,4,10,22,1,1,12,MEDIUM,0.616726,HIGH,0.730034,0.7207,15.78,76.88,HIGH
TF-2026-0003742,EXPORT_LC,CUST-01045,CP-01698,CA,US,JPY,539950.87,2026-02-16,2026-08-04,SETTLED,INDUSTRIAL_EQUIPMENT,4,6,15,1,1,11,LOW,0.482484,NORMAL,0.509803,0.768242,12.98,45.08,MEDIUM
TF-2026-0003743,IMPORT_LC,CUST-00200,CP-00244,CA,BR,CNY,159110.86,2024-10-28,2025-01-23,SETTLED,AUTO_PARTS,0,9,8,0,0,1,MEDIUM,0.553314,NORMAL,0.213702,0.157463,6.51,37.07,LOW
TF-2026-0003744,EXPORT_LC,CUST-00251,CP-00179,CA,GB,USD,139473.36,2025-12-23,2026-05-13,CLOSED,AGRICULTURE,2,7,17,0,1,10,MEDIUM,0.489685,NORMAL,0.27691,0.575176,12.42,37.96,LOW
TF-2026-0003745,IMPORT_LC,CUST-00682,CP-03125,CA,DE,JPY,226905.22,2024-11-05,2025-01-07,SETTLED,CHEMICALS,3,7,11,1,1,2,HIGH,0.487524,NORMAL,0.654282,0.70337,10.86,58.29,MEDIUM
TF-2026-0003746,GUARANTEE,CUST-01102,CP-00902,CA,GB,EUR,1575953.14,2025-07-28,2026-01-02,CLOSED,INDUSTRIAL_EQUIPMENT,1,4,10,0,0,0,LOW,0.558388,NORMAL,0.212389,0.294405,8.57,37.6,LOW
TF-2026-0003747,EXPORT_LC,CUST-00426,CP-00581,CA,DE,CAD,552465.12,2024-11-17,2025-03-14,SETTLED,ELECTRONICS,0,5,12,0,1,4,MEDIUM,0.505338,NORMAL,0.213308,0.37595,9.25,33.09,LOW
TF-2026-0003748,GUARANTEE,CUST-00145,CP-03001,CA,FR,USD,340936.11,2026-05-12,2026-09-18,CLOSED,TEXTILES,5,6,15,0,1,9,LOW,0.485692,NORMAL,0.57358,0.857791,14.27,50.87,MEDIUM
TF-2026-0003749,COLLECTION,CUST-01048,CP-02126,CA,GB,EUR,204555.75,2026-01-31,2026-04-08,SETTLED,ELECTRONICS,1,7,1,0,0,13,HIGH,0.49609,NORMAL,0.172019,0.254123,4.06,30.18,LOW
TF-2026-0003750,EXPORT_LC,CUST-00954,CP-00265,CA,BR,JPY,468545.81,2024-12-04,2025-03-14,SETTLED,ELECTRONICS,4,7,5,0,0,11,HIGH,0.478112,NORMAL,0.500538,0.59687,10.22,48.02,MEDIUM
TF-2026-0003751,GUARANTEE,CUST-00088,CP-01577,CA,IN,JPY,160080.53,2025-12-31,2026-06-16,CLOSED,INDUSTRIAL_EQUIPMENT,0,3,7,0,0,9,MEDIUM,0.565737,NORMAL,0.160537,0.195963,6.9,38.53,LOW
TF-2026-0003752,GUARANTEE,CUST-01067,CP-00291,CA,US,CAD,691228.72,2024-08-28,2024-12-29,SETTLED,INDUSTRIAL_EQUIPMENT,0,9,9,0,0,6,HIGH,0.515426,NORMAL,0.153834,0.202602,7.56,33.08,LOW
TF-2026-0003753,COLLECTION,CUST-00437,CP-00388,CA,JP,CAD,1019016.68,2025-04-14,2025-06-25,ACTIVE,INDUSTRIAL_EQUIPMENT,4,10,13,0,1,13,HIGH,0.535027,NORMAL,0.393852,0.779186,14.64,65.46,HIGH
TF-2026-0003754,IMPORT_LC,CUST-01021,CP-02536,CA,US,CNY,163627.92,2025-07-09,2025-12-20,ACTIVE,INDUSTRIAL_EQUIPMENT,0,7,8,0,0,3,HIGH,0.530707,NORMAL,0.145539,0.1598,6.97,35.35,LOW
TF-2026-0003755,EXPORT_LC,CUST-00428,CP-00903,CA,GB,JPY,176688.81,2025-04-13,2025-08-18,SETTLED,AGRICULTURE,4,6,6,1,0,6,HIGH,0.492923,NORMAL,0.712782,0.519212,10.17,54.94,MEDIUM
TF-2026-0003756,IMPORT_LC,CUST-00581,CP-01772,CA,JP,CAD,2757011.36,2024-08-27,2024-11-05,CLOSED,ELECTRONICS,0,7,13,0,1,2,LOW,0.567945,NORMAL,0.177265,0.264652,7.76,36.76,LOW
TF-2026-0003757,IMPORT_LC,CUST-00693,CP-01920,CA,GB,GBP,764336.48,2025-04-27,2025-07-28,SETTLED,TEXTILES,2,6,6,0,0,4,HIGH,0.475973,NORMAL,0.405282,0.372472,9.47,36.9,LOW
TF-2026-0003758,COLLECTION,CUST-00334,CP-01265,CA,IN,CAD,111814.29,2024-11-01,2025-03-14,SETTLED,INDUSTRIAL_EQUIPMENT,0,7,11,0,1,2,HIGH,0.54822,NORMAL,0.240569,0.228951,6.94,44.4,MEDIUM
TF-2026-0003759,COLLECTION,CUST-00814,CP-02327,CA,FR,CNY,257611.29,2026-07-10,2026-12-14,SETTLED,TEXTILES,3,7,12,0,1,3,HIGH,0.476916,NORMAL,0.382238,0.669398,11.43,46.77,MEDIUM
TF-2026-0003760,COLLECTION,CUST-00013,CP-00073,CA,SG,CAD,71633.21,2026-05-12,2026-10-28,ACTIVE,TEXTILES,0,5,9,0,0,9,LOW,0.56644,NORMAL,0.229058,0.171965,8.12,34.85,LOW
TF-2026-0003761,EXPORT_LC,CUST-00640,CP-00901,CA,IN,JPY,47420.29,2025-06-29,2025-09-20,SETTLED,AUTO_PARTS,5,7,12,1,1,12,HIGH,0.578832,NORMAL,0.612267,0.740263,12.27,77.38,HIGH
TF-2026-0003762,GUARANTEE,CUST-00921,CP-01100,CA,DE,JPY,1595499.17,2024-12-30,2025-06-21,ACTIVE,TEXTILES,4,5,13,1,1,14,HIGH,0.546564,NORMAL,0.447898,0.754741,12.12,68.72,HIGH
TF-2026-0003763,COLLECTION,CUST-00393,CP-01487,CA,BR,GBP,522731.24,2025-08-25,2026-02-04,ACTIVE,AUTO_PARTS,1,10,10,0,0,11,LOW,0.517676,NORMAL,0.187232,0.177053,8.91,23.76,LOW
TF-2026-0003764,COLLECTION,CUST-00370,CP-02064,CA,JP,CNY,493897.71,2025-07-27,2025-10-26,ACTIVE,AUTO_PARTS,0,6,10,0,0,14,HIGH,0.518825,NORMAL,0.162461,0.148312,8.22,32.28,LOW
TF-2026-0003765,COLLECTION,CUST-00151,CP-00993,CA,MX,EUR,556971.49,2024-10-18,2025-03-07,CLOSED,INDUSTRIAL_EQUIPMENT,4,3,21,0,1,13,MEDIUM,0.530626,NORMAL,0.575801,0.708931,16.33,62.45,MEDIUM
TF-2026-0003766,GUARANTEE,CUST-00100,CP-01192,CA,IN,CAD,925182.74,2025-03-26,2025-07-11,SETTLED,ELECTRONICS,3,4,14,1,1,8,LOW,0.483996,NORMAL,0.598893,0.636524,12.98,43.5,MEDIUM
TF-2026-0003767,GUARANTEE,CUST-00919,CP-01046,CA,AE,EUR,266037.51,2025-10-16,2026-01-07,SETTLED,INDUSTRIAL_EQUIPMENT,5,10,16,0,1,2,LOW,0.557753,NORMAL,0.400264,0.712506,12.79,57.78,MEDIUM
TF-2026-0003768,COLLECTION,CUST-01101,CP-01937,CA,FR,CNY,1243286.84,2025-02-22,2025-06-16,ACTIVE,CHEMICALS,4,8,11,1,1,8,MEDIUM,0.485266,NORMAL,0.386909,0.613384,11.26,41.59,MEDIUM
TF-2026-0003769,IMPORT_LC,CUST-00871,CP-00698,CA,AE,JPY,1821843.8,2025-09-26,2026-03-20,CLOSED,INDUSTRIAL_EQUIPMENT,2,6,8,0,0,9,LOW,0.503589,NORMAL,0.298497,0.467715,9.38,33.39,LOW
TF-2026-0003770,GUARANTEE,CUST-00810,CP-02902,CA,CN,EUR,262745.83,2026-05-23,2026-08-01,SETTLED,INDUSTRIAL_EQUIPMENT,1,4,11,0,1,5,MEDIUM,0.492516,NORMAL,0.160825,0.243232,8.21,23.65,LOW
TF-2026-0003771,EXPORT_LC,CUST-01069,CP-03456,CA,FR,EUR,152944.28,2024-11-02,2025-03-21,CLOSED,ELECTRONICS,5,6,14,1,1,6,LOW,0.518525,NORMAL,0.652224,0.811365,14.55,60.1,MEDIUM
TF-2026-0003772,EXPORT_LC,CUST-00428,CP-01214,CA,BR,EUR,151093.94,2025-12-17,2026-05-04,CLOSED,AUTO_PARTS,5,10,16,1,1,7,HIGH,0.555102,NORMAL,0.730777,0.851206,15.82,82.14,HIGH
TF-2026-0003773,GUARANTEE,CUST-00154,CP-00287,CA,DE,JPY,363787.14,2025-11-05,2026-02-08,CLOSED,TEXTILES,2,7,15,1,1,1,LOW,0.485563,NORMAL,0.506986,0.564161,12.65,38.57,LOW
TF-2026-0003774,COLLECTION,CUST-00585,CP-02155,CA,GB,EUR,230199.76,2026-07-27,2026-10-03,CLOSED,AGRICULTURE,1,6,12,0,1,1,LOW,0.500055,NORMAL,0.179332,0.223993,6.14,20.3,LOW
TF-2026-0003775,EXPORT_LC,CUST-00191,CP-00759,CA,SG,EUR,220354.71,2025-11-23,2026-04-07,ACTIVE,TEXTILES,1,3,1,0,0,6,LOW,0.529464,NORMAL,0.176084,0.35168,8.51,32.66,LOW
TF-2026-0003776,EXPORT_LC,CUST-00203,CP-01060,CA,US,CNY,7897275.12,2025-01-18,2025-05-30,SETTLED,CHEMICALS,2,8,10,0,0,4,MEDIUM,0.584873,NORMAL,0.166716,0.387239,10.95,47.07,MEDIUM
TF-2026-0003777,IMPORT_LC,CUST-01136,CP-03022,CA,BR,JPY,2398845.96,2025-09-25,2026-01-06,ACTIVE,ELECTRONICS,1,3,13,0,1,7,MEDIUM,0.568028,NORMAL,0.246577,0.529728,10.53,53.13,MEDIUM
TF-2026-0003778,COLLECTION,CUST-00444,CP-02655,CA,GB,CNY,131958.05,2026-05-01,2026-10-10,SETTLED,CHEMICALS,2,4,8,0,0,12,HIGH,0.517116,NORMAL,0.171682,0.389943,9.25,40.61,MEDIUM
TF-2026-0003779,COLLECTION,CUST-00815,CP-02915,CA,US,JPY,468174.39,2025-08-08,2025-12-21,SETTLED,CHEMICALS,3,3,2,0,0,2,MEDIUM,0.523783,NORMAL,0.310437,0.415108,7.43,42.36,MEDIUM
TF-2026-0003780,EXPORT_LC,CUST-00990,CP-02813,CA,AE,JPY,110208.16,2026-08-06,2026-10-12,CLOSED,ELECTRONICS,1,4,12,0,1,14,LOW,0.546845,NORMAL,0.19123,0.528568,10.29,43.16,MEDIUM
TF-2026-0003781,COLLECTION,CUST-00555,CP-01078,CA,AE,JPY,1431242.26,2025-01-01,2025-05-02,SETTLED,AGRICULTURE,0,8,1,0,0,4,MEDIUM,0.535042,NORMAL,0.289918,0.219573,4.01,37.76,LOW
TF-2026-0003782,EXPORT_LC,CUST-00549,CP-02118,CA,JP,JPY,187411.78,2026-01-16,2026-05-02,ACTIVE,ELECTRONICS,3,6,6,1,0,13,HIGH,0.495709,NORMAL,0.419154,0.409185,8.94,42.92,MEDIUM
TF-2026-0003783,GUARANTEE,CUST-00017,CP-03221,CA,IN,JPY,46244.06,2025-04-23,2025-10-18,ACTIVE,AGRICULTURE,2,8,8,0,0,5,HIGH,0.548796,NORMAL,0.198026,0.222998,8.32,43.03,MEDIUM
TF-2026-0003784,IMPORT_LC,CUST-01070,CP-02857,CA,BR,CNY,106774.29,2024-11-23,2025-03-22,CLOSED,TEXTILES,5,9,13,0,1,4,HIGH,0.55974,NORMAL,0.514319,0.724887,14.71,71.88,HIGH
TF-2026-0003785,EXPORT_LC,CUST-00334,CP-03017,CA,BR,CNY,227289.72,2024-09-13,2025-01-18,CLOSED,ELECTRONICS,2,4,11,0,1,11,HIGH,0.50032,NORMAL,0.177341,0.456042,8.64,38.44,LOW
TF-2026-0003786,GUARANTEE,CUST-00115,CP-02132,CA,FR,CAD,242103.21,2025-09-13,2025-12-29,ACTIVE,AGRICULTURE,1,5,1,0,0,5,MEDIUM,0.485278,NORMAL,0.125449,0.270211,6.12,21.74,LOW
TF-2026-0003787,COLLECTION,CUST-00663,CP-01896,CA,BR,USD,92599.96,2026-06-20,2026-09-25,SETTLED,TEXTILES,0,4,6,0,0,12,MEDIUM,0.562273,NORMAL,0.147611,0.147274,6.72,36.02,LOW
TF-2026-0003788,GUARANTEE,CUST-00190,CP-01768,CA,BR,JPY,316704.65,2025-03-16,2025-05-17,ACTIVE,CHEMICALS,1,8,10,0,0,2,MEDIUM,0.49452,NORMAL,0.117633,0.286356,9.89,24.31,LOW
TF-2026-0003789,COLLECTION,CUST-00642,CP-02626,CA,FR,GBP,748464.88,2025-11-01,2026-01-30,ACTIVE,AGRICULTURE,1,7,11,0,1,2,HIGH,0.495038,NORMAL,0.148627,0.384691,8.25,33.8,LOW
TF-2026-0003790,IMPORT_LC,CUST-00482,CP-02145,CA,FR,JPY,164381.9,2026-04-15,2026-07-02,CLOSED,AGRICULTURE,3,3,5,0,0,15,MEDIUM,0.572905,NORMAL,0.322061,0.362883,7.99,49.97,MEDIUM
TF-2026-0003791,GUARANTEE,CUST-00193,CP-00299,CA,IN,JPY,235932.94,2026-04-14,2026-08-26,CLOSED,AUTO_PARTS,3,7,7,1,0,8,MEDIUM,0.464835,NORMAL,0.507909,0.427351,9.83,35.51,LOW
TF-2026-0003792,IMPORT_LC,CUST-00113,CP-03459,CA,BR,CAD,3523451.91,2026-07-22,2026-11-01,ACTIVE,AUTO_PARTS,3,6,7,0,0,10,MEDIUM,0.536002,NORMAL,0.3351,0.391135,9.44,45.33,MEDIUM
TF-2026-0003793,COLLECTION,CUST-01076,CP-00926,CA,BR,CAD,51666.16,2024-12-19,2025-02-18,CLOSED,TEXTILES,5,4,14,1,1,4,HIGH,0.578212,NORMAL,0.61997,0.779635,13.67,78.93,HIGH
TF-2026-0003794,COLLECTION,CUST-00418,CP-03320,CA,CN,CNY,1308575.12,2025-08-20,2026-01-04,SETTLED,AUTO_PARTS,3,4,14,0,1,13,HIGH,0.521668,NORMAL,0.247668,0.654727,12.04,53.28,MEDIUM
TF-2026-0003795,COLLECTION,CUST-00107,CP-02195,CA,AE,USD,62149.46,2025-02-04,2025-05-23,CLOSED,CHEMICALS,4,10,15,0,1,10,HIGH,0.576766,NORMAL,0.545316,0.766295,13.69,76.14,HIGH
TF-2026-0003796,EXPORT_LC,CUST-01162,CP-01364,CA,BR,GBP,91404.37,2025-04-15,2025-09-26,SETTLED,INDUSTRIAL_EQUIPMENT,4,6,12,0,1,15,HIGH,0.565832,NORMAL,0.442041,0.686919,12.97,69.18,HIGH
TF-2026-0003797,EXPORT_LC,CUST-00524,CP-03304,CA,US,JPY,160306.55,2025-07-05,2025-10-19,CLOSED,AUTO_PARTS,0,7,9,0,0,15,HIGH,0.566403,NORMAL,0.308953,0.283691,7.54,51.14,MEDIUM
TF-2026-0003798,GUARANTEE,CUST-00160,CP-03244,CA,JP,GBP,1504352.57,2025-02-16,2025-07-18,ACTIVE,INDUSTRIAL_EQUIPMENT,5,9,10,0,0,6,LOW,0.54078,NORMAL,0.459903,0.603825,11.93,52.63,MEDIUM
TF-2026-0003799,EXPORT_LC,CUST-01042,CP-00220,CA,BR,USD,385498.58,2025-05-17,2025-10-10,SETTLED,CHEMICALS,0,7,1,0,0,1,HIGH,0.527256,NORMAL,0.12873,0.291729,6.35,38.51,LOW
TF-2026-0003800,GUARANTEE,CUST-01066,CP-01328,CA,US,USD,349612.03,2026-01-24,2026-06-10,SETTLED,AUTO_PARTS,4,10,8,0,0,10,LOW,0.515388,NORMAL,0.488032,0.470803,9.45,42.45,MEDIUM
TF-2026-0003801,GUARANTEE,CUST-00786,CP-00262,CA,MX,EUR,789391.42,2026-04-30,2026-10-20,ACTIVE,AUTO_PARTS,2,4,9,0,0,7,MEDIUM,0.484683,NORMAL,0.407372,0.305687,9.52,31.33,LOW
TF-2026-0003802,EXPORT_LC,CUST-00054,CP-02496,CA,IN,CAD,368598.59,2025-08-04,2025-10-21,CLOSED,INDUSTRIAL_EQUIPMENT,2,10,7,0,0,14,LOW,0.533118,NORMAL,0.286465,0.287958,8.11,34.62,LOW
TF-2026-0003803,COLLECTION,CUST-00072,CP-01920,CA,GB,CAD,740294.29,2025-07-09,2025-12-16,SETTLED,TEXTILES,5,5,19,1,1,4,LOW,0.49771,NORMAL,0.688207,0.768149,13.89,54.05,MEDIUM
TF-2026-0003804,COLLECTION,CUST-01179,CP-02260,CA,AE,CAD,171186.8,2024-10-17,2025-04-15,CLOSED,INDUSTRIAL_EQUIPMENT,0,3,13,0,1,2,HIGH,0.569981,NORMAL,0.258263,0.447224,9.21,55.8,MEDIUM
TF-2026-0003805,COLLECTION,CUST-00175,CP-01078,CA,AE,CNY,2616598.37,2024-12-07,2025-02-20,SETTLED,INDUSTRIAL_EQUIPMENT,5,7,13,1,1,4,LOW,0.546664,NORMAL,0.680413,0.706522,13.88,64.03,MEDIUM
TF-2026-0003806,IMPORT_LC,CUST-00212,CP-01973,CA,FR,JPY,133885.95,2026-06-27,2026-11-07,SETTLED,CHEMICALS,5,6,6,1,0,13,HIGH,0.538248,NORMAL,0.497277,0.573627,11.41,62.14,MEDIUM
TF-2026-0003807,EXPORT_LC,CUST-00237,CP-00580,CA,FR,CNY,2675096.78,2026-07-05,2026-09-29,CLOSED,CHEMICALS,2,8,14,0,1,2,MEDIUM,0.53433,NORMAL,0.234225,0.540653,11.41,47.17,MEDIUM
TF-2026-0003808,IMPORT_LC,CUST-01158,CP-00582,CA,DE,EUR,1435218.31,2025-03-23,2025-07-26,SETTLED,AGRICULTURE,0,3,4,0,0,12,LOW,0.575672,NORMAL,0.227999,0.155554,4.74,35.18,LOW
TF-2026-0003809,IMPORT_LC,CUST-00599,CP-00463,CA,SG,CAD,741840.1,2024-12-23,2025-04-07,CLOSED,AGRICULTURE,3,3,13,1,1,12,LOW,0.515847,NORMAL,0.255418,0.605939,11.7,40.32,MEDIUM
TF-2026-0003810,EXPORT_LC,CUST-00047,CP-01117,CA,BR,CAD,194095.27,2025-03-25,2025-07-01,CLOSED,AUTO_PARTS,4,3,17,1,1,3,HIGH,0.537049,NORMAL,0.687006,0.815555,13.88,76.0,HIGH
TF-2026-0003811,COLLECTION,CUST-00866,CP-01658,CA,IN,USD,73224.18,2026-07-02,2026-12-25,ACTIVE,TEXTILES,1,9,7,0,0,3,MEDIUM,0.548773,NORMAL,0.159277,0.365407,8.35,41.84,MEDIUM
TF-2026-0003812,GUARANTEE,CUST-00877,CP-03066,CA,US,GBP,980724.58,2025-01-27,2025-06-03,CLOSED,CHEMICALS,4,7,6,0,0,7,LOW,0.477769,NORMAL,0.409,0.525234,9.47,32.72,LOW
TF-2026-0003813,COLLECTION,CUST-00889,CP-01281,CA,SG,USD,955375.18,2025-01-07,2025-03-27,CLOSED,ELECTRONICS,4,8,11,1,1,2,HIGH,0.505476,NORMAL,0.640882,0.771599,12.5,64.81,MEDIUM
TF-2026-0003814,EXPORT_LC,CUST-00383,CP-01520,CA,BR,CNY,558517.76,2024-09-15,2025-03-01,SETTLED,AUTO_PARTS,0,9,7,0,0,0,MEDIUM,0.558817,NORMAL,0.213586,0.177445,6.36,38.59,LOW
TF-2026-0003815,EXPORT_LC,CUST-00043,CP-01287,CA,JP,JPY,321131.48,2025-12-02,2026-05-06,SETTLED,AUTO_PARTS,2,10,9,0,0,13,MEDIUM,0.517235,NORMAL,0.301743,0.439551,9.68,41.27,MEDIUM
TF-2026-0003816,COLLECTION,CUST-01063,CP-02973,CA,FR,GBP,120736.51,2025-12-23,2026-04-09,SETTLED,AUTO_PARTS,2,5,6,0,0,5,LOW,0.506089,NORMAL,0.297669,0.256079,7.95,26.62,LOW
TF-2026-0003817,COLLECTION,CUST-00825,CP-03077,CA,US,JPY,652114.18,2025-01-18,2025-05-27,ACTIVE,ELECTRONICS,1,9,7,0,0,14,HIGH,0.514873,NORMAL,0.254959,0.306656,7.65,39.56,LOW
TF-2026-0003818,EXPORT_LC,CUST-00162,CP-03377,CA,AE,CNY,380947.44,2025-11-15,2026-01-14,ACTIVE,TEXTILES,2,7,7,0,0,11,MEDIUM,0.471053,NORMAL,0.354765,0.474992,10.59,33.18,LOW
TF-2026-0003819,IMPORT_LC,CUST-01148,CP-01831,CA,US,USD,746893.76,2026-06-13,2026-10-28,ACTIVE,ELECTRONICS,2,7,8,0,0,11,LOW,0.470286,NORMAL,0.246238,0.464632,10.06,24.46,LOW
TF-2026-0003820,GUARANTEE,CUST-00220,CP-01742,CA,DE,GBP,918694.07,2026-02-03,2026-04-07,ACTIVE,AGRICULTURE,1,4,4,0,0,1,LOW,0.518743,NORMAL,0.143694,0.203889,6.27,23.64,LOW
TF-2026-0003821,IMPORT_LC,CUST-00506,CP-01361,CA,SG,USD,6782977.52,2026-05-10,2026-07-22,CLOSED,TEXTILES,4,9,18,1,1,0,HIGH,0.617133,HIGH,0.639732,0.713559,15.51,78.93,HIGH
TF-2026-0003822,GUARANTEE,CUST-00343,CP-01121,CA,IN,USD,106941.72,2025-09-20,2025-12-26,ACTIVE,ELECTRONICS,4,9,14,1,1,11,MEDIUM,0.533809,NORMAL,0.717111,0.773307,13.78,69.67,HIGH
TF-2026-0003823,EXPORT_LC,CUST-01068,CP-03144,CA,JP,EUR,247913.41,2024-12-21,2025-03-19,ACTIVE,ELECTRONICS,4,3,7,0,0,9,HIGH,0.521829,NORMAL,0.563963,0.530421,10.56,58.47,MEDIUM
TF-2026-0003824,GUARANTEE,CUST-00472,CP-02489,CA,MX,USD,683103.58,2024-08-30,2025-01-17,CLOSED,AUTO_PARTS,4,4,6,0,0,7,LOW,0.488375,NORMAL,0.685851,0.5052,9.74,42.45,MEDIUM
TF-2026-0003825,EXPORT_LC,CUST-00181,CP-02344,CA,BR,USD,183285.31,2025-12-13,2026-04-17,ACTIVE,INDUSTRIAL_EQUIPMENT,5,3,15,1,1,3,LOW,0.560496,NORMAL,0.677704,0.792083,15.54,69.23,HIGH
TF-2026-0003826,GUARANTEE,CUST-00868,CP-03116,CA,FR,GBP,250808.12,2024-08-28,2025-02-14,SETTLED,ELECTRONICS,4,6,20,0,1,7,HIGH,0.477242,NORMAL,0.529869,0.73041,14.78,53.39,MEDIUM
TF-2026-0003827,COLLECTION,CUST-00200,CP-02285,CA,AE,CNY,552172.85,2025-03-15,2025-08-25,ACTIVE,AGRICULTURE,3,6,8,0,0,0,MEDIUM,0.515955,NORMAL,0.412251,0.467885,9.72,45.23,MEDIUM
TF-2026-0003828,IMPORT_LC,CUST-00585,CP-00228,CA,FR,JPY,748960.89,2024-11-15,2025-05-03,ACTIVE,CHEMICALS,5,5,18,1,1,9,LOW,0.49438,NORMAL,0.624624,0.779387,16.5,51.75,MEDIUM
TF-2026-0003829,IMPORT_LC,CUST-00850,CP-01030,CA,CN,GBP,2721168.92,2026-02-16,2026-06-11,ACTIVE,TEXTILES,1,6,8,1,0,13,HIGH,0.546865,NORMAL,0.537743,0.196384,7.54,51.94,MEDIUM
TF-2026-0003830,IMPORT_LC,CUST-00240,CP-00998,CA,JP,EUR,5104346.76,2025-06-04,2025-09-20,SETTLED,AUTO_PARTS,0,9,6,0,0,6,MEDIUM,0.600643,HIGH,0.17753,0.230957,7.69,42.71,MEDIUM
TF-2026-0003831,IMPORT_LC,CUST-00492,CP-01759,CA,DE,EUR,2355298.22,2026-05-01,2026-09-06,CLOSED,AUTO_PARTS,0,9,12,0,1,7,MEDIUM,0.560088,NORMAL,0.227367,0.34922,8.52,45.16,MEDIUM
TF-2026-0003832,EXPORT_LC,CUST-00266,CP-03244,CA,JP,CNY,430420.85,2026-07-19,2026-10-21,CLOSED,TEXTILES,0,8,10,0,0,6,MEDIUM,0.500546,NORMAL,0.138366,0.167863,8.21,22.24,LOW
TF-2026-0003833,EXPORT_LC,CUST-00597,CP-02238,CA,IN,CNY,3661211.29,2025-06-07,2025-11-01,CLOSED,INDUSTRIAL_EQUIPMENT,0,4,1,0,0,13,LOW,0.5891,NORMAL,0.202811,0.156116,3.27,35.29,LOW
TF-2026-0003834,GUARANTEE,CUST-00558,CP-00944,CA,CN,USD,148079.12,2026-04-11,2026-09-24,CLOSED,ELECTRONICS,4,7,12,0,1,8,MEDIUM,0.493174,NORMAL,0.53981,0.703983,11.75,51.26,MEDIUM
TF-2026-0003835,GUARANTEE,CUST-00527,CP-00747,CA,US,GBP,241140.52,2026-01-13,2026-05-31,CLOSED,AUTO_PARTS,3,10,17,1,1,15,LOW,0.558359,NORMAL,0.487976,0.512165,11.31,53.49,MEDIUM
TF-2026-0003836,GUARANTEE,CUST-00641,CP-01245,CA,AE,CAD,1652647.22,2026-02-28,2026-07-30,ACTIVE,AUTO_PARTS,2,4,3,0,0,3,MEDIUM,0.520104,NORMAL,0.270666,0.313019,6.31,36.58,LOW
TF-2026-0003837,IMPORT_LC,CUST-00730,CP-02345,CA,DE,GBP,387846.85,2025-09-13,2025-11-16,SETTLED,AGRICULTURE,5,10,15,0,1,7,LOW,0.528239,NORMAL,0.424748,0.750949,14.2,53.75,MEDIUM
TF-2026-0003838,GUARANTEE,CUST-00448,CP-00594,CA,FR,EUR,73779.76,2026-05-31,2026-10-07,SETTLED,INDUSTRIAL_EQUIPMENT,3,8,6,0,0,15,LOW,0.561665,NORMAL,0.382805,0.579441,11.89,53.08,MEDIUM
TF-2026-0003839,IMPORT_LC,CUST-00726,CP-01416,CA,GB,GBP,135601.55,2024-11-04,2025-04-24,ACTIVE,ELECTRONICS,5,4,9,0,0,3,LOW,0.53974,NORMAL,0.370463,0.563993,12.25,48.38,MEDIUM
TF-2026-0003840,IMPORT_LC,CUST-00385,CP-01925,CA,DE,CAD,596070.64,2026-06-29,2026-12-16,ACTIVE,AGRICULTURE,2,5,12,1,1,4,MEDIUM,0.472366,NORMAL,0.332794,0.594043,11.4,36.9,LOW
TF-2026-0003841,IMPORT_LC,CUST-00616,CP-00289,CA,GB,CNY,720662.36,2025-07-26,2026-01-04,SETTLED,ELECTRONICS,2,9,8,1,0,7,MEDIUM,0.48019,NORMAL,0.51708,0.369433,8.94,35.89,LOW
TF-2026-0003842,IMPORT_LC,CUST-00860,CP-03475,CA,GB,GBP,608330.31,2024-12-08,2025-03-07,ACTIVE,INDUSTRIAL_EQUIPMENT,3,7,13,0,1,4,MEDIUM,0.467601,NORMAL,0.353765,0.631497,10.52,38.28,LOW
TF-2026-0003843,IMPORT_LC,CUST-00539,CP-02738,CA,CN,GBP,295863.59,2026-03-22,2026-09-02,CLOSED,AGRICULTURE,4,9,11,1,1,13,MEDIUM,0.510188,NORMAL,0.660392,0.727251,12.6,60.1,MEDIUM
TF-2026-0003844,GUARANTEE,CUST-01084,CP-01124,CA,GB,GBP,202269.22,2026-06-13,2026-09-17,ACTIVE,INDUSTRIAL_EQUIPMENT,1,4,9,0,0,13,HIGH,0.512464,NORMAL,0.202053,0.262839,7.89,35.73,LOW
TF-2026-0003845,IMPORT_LC,CUST-00058,CP-03462,CA,MX,CAD,258406.26,2025-12-19,2026-04-08,SETTLED,ELECTRONICS,2,3,9,1,0,6,HIGH,0.520954,NORMAL,0.566652,0.372965,9.23,52.79,MEDIUM
TF-2026-0003846,EXPORT_LC,CUST-00434,CP-00487,CA,FR,JPY,190289.08,2026-05-15,2026-08-13,CLOSED,INDUSTRIAL_EQUIPMENT,5,6,13,1,1,12,LOW,0.51687,NORMAL,0.72657,0.81564,13.73,62.09,MEDIUM
TF-2026-0003847,IMPORT_LC,CUST-00903,CP-02465,CA,GB,JPY,1046065.05,2025-11-11,2026-04-07,ACTIVE,AUTO_PARTS,4,6,15,0,1,7,HIGH,0.48124,NORMAL,0.455859,0.764201,14.05,53.06,MEDIUM
TF-2026-0003848,IMPORT_LC,CUST-00030,CP-02611,CA,MX,EUR,287663.97,2025-06-15,2025-12-03,SETTLED,AGRICULTURE,3,8,13,0,1,13,HIGH,0.487074,NORMAL,0.445592,0.651384,12.38,50.06,MEDIUM
TF-2026-0003849,COLLECTION,CUST-00026,CP-03028,CA,AE,USD,1431118.84,2025-12-25,2026-04-15,SETTLED,ELECTRONICS,3,4,13,0,1,11,MEDIUM,0.514821,NORMAL,0.496248,0.698595,12.63,55.48,MEDIUM
TF-2026-0003850,COLLECTION,CUST-00463,CP-01289,CA,JP,GBP,179093.69,2026-08-07,2026-11-28,CLOSED,AUTO_PARTS,3,6,5,0,0,7,MEDIUM,0.473718,NORMAL,0.428881,0.58908,11.18,39.81,LOW
TF-2026-0003851,EXPORT_LC,CUST-00970,CP-03498,CA,BR,JPY,936943.88,2025-04-21,2025-09-29,SETTLED,TEXTILES,0,4,13,0,1,2,HIGH,0.531197,NORMAL,0.09745,0.208572,6.13,35.72,LOW
TF-2026-0003852,EXPORT_LC,CUST-01011,CP-01920,CA,GB,GBP,1497885.62,2025-09-06,2025-12-10,CLOSED,CHEMICALS,5,8,15,0,1,4,LOW,0.529419,NORMAL,0.421708,0.795022,13.53,55.52,MEDIUM
TF-2026-0003853,GUARANTEE,CUST-01142,CP-03491,CA,CN,CAD,382144.24,2026-06-19,2026-09-22,ACTIVE,CHEMICALS,3,7,8,1,0,2,HIGH,0.482426,NORMAL,0.466851,0.399496,9.39,40.87,MEDIUM
TF-2026-0003854,COLLECTION,CUST-00307,CP-01301,CA,DE,JPY,3362060.76,2024-10-07,2025-04-02,ACTIVE,ELECTRONICS,3,10,16,0,1,0,HIGH,0.602675,HIGH,0.402003,0.65013,12.47,69.2,HIGH
TF-2026-0003855,COLLECTION,CUST-00437,CP-01778,CA,BR,USD,288875.14,2026-07-14,2026-10-13,ACTIVE,CHEMICALS,3,7,10,0,0,6,HIGH,0.464195,NORMAL,0.466656,0.556601,9.7,43.75,MEDIUM
TF-2026-0003856,IMPORT_LC,CUST-00338,CP-03060,CA,BR,GBP,295305.23,2025-08-27,2025-11-03,ACTIVE,TEXTILES,4,5,18,0,1,15,MEDIUM,0.539671,NORMAL,0.394296,0.791839,15.55,62.02,MEDIUM
TF-2026-0003857,GUARANTEE,CUST-00199,CP-02999,CA,BR,USD,39866.5,2025-01-14,2025-05-07,CLOSED,INDUSTRIAL_EQUIPMENT,1,4,5,0,0,0,MEDIUM,0.610039,HIGH,0.260572,0.203072,5.79,44.52,MEDIUM
TF-2026-0003858,GUARANTEE,CUST-01051,CP-01964,CA,CN,CAD,2120429.44,2025-09-27,2026-01-29,ACTIVE,AUTO_PARTS,5,5,14,0,1,11,MEDIUM,0.556598,NORMAL,0.404546,0.788569,14.52,65.37,HIGH
TF-2026-0003859,GUARANTEE,CUST-00371,CP-01251,CA,CN,USD,290590.39,2025-01-13,2025-05-12,ACTIVE,AUTO_PARTS,3,8,12,1,1,9,MEDIUM,0.462,NORMAL,0.563254,0.445367,9.13,37.6,LOW
TF-2026-0003860,GUARANTEE,CUST-00942,CP-00675,CA,IN,GBP,2034992.97,2026-01-02,2026-04-06,ACTIVE,CHEMICALS,0,4,1,0,0,13,HIGH,0.568716,NORMAL,0.241422,0.227266,3.85,47.45,MEDIUM
TF-2026-0003861,COLLECTION,CUST-00147,CP-00403,CA,BR,GBP,388816.01,2026-04-28,2026-10-22,SETTLED,CHEMICALS,5,4,14,1,1,6,MEDIUM,0.509858,NORMAL,0.693515,0.84122,13.62,64.98,MEDIUM
TF-2026-0003862,IMPORT_LC,CUST-00317,CP-02370,CA,FR,CNY,560784.42,2025-03-16,2025-07-05,ACTIVE,CHEMICALS,2,4,14,0,1,9,HIGH,0.48362,NORMAL,0.12524,0.565341,11.7,36.69,LOW
TF-2026-0003863,GUARANTEE,CUST-00933,CP-00676,CA,JP,CNY,157936.55,2026-05-09,2026-10-24,SETTLED,INDUSTRIAL_EQUIPMENT,5,9,15,1,1,14,HIGH,0.5646,NORMAL,0.659782,0.770783,14.68,78.5,HIGH
TF-2026-0003864,COLLECTION,CUST-00198,CP-03474,CA,SG,CNY,199144.97,2025-11-27,2026-04-09,ACTIVE,TEXTILES,5,3,12,0,1,1,LOW,0.573729,NORMAL,0.348373,0.698824,12.99,57.62,MEDIUM
TF-2026-0003865,EXPORT_LC,CUST-00413,CP-00161,CA,FR,USD,166119.89,2026-01-29,2026-06-30,CLOSED,INDUSTRIAL_EQUIPMENT,2,10,9,0,0,1,HIGH,0.53057,NORMAL,0.26197,0.399065,9.48,47.18,MEDIUM
TF-2026-0003866,GUARANTEE,CUST-00208,CP-02333,CA,FR,JPY,202326.09,2025-03-30,2025-07-21,SETTLED,TEXTILES,4,8,14,0,1,3,MEDIUM,0.501924,NORMAL,0.395487,0.628059,11.05,46.38,MEDIUM
TF-2026-0003867,IMPORT_LC,CUST-00503,CP-01399,CA,JP,GBP,1422669.1,2025-03-22,2025-09-10,CLOSED,AUTO_PARTS,1,5,7,0,0,13,LOW,0.517937,NORMAL,0.176662,0.15884,7.62,22.83,LOW
TF-2026-0003868,IMPORT_LC,CUST-00616,CP-00143,CA,DE,CNY,78434.4,2026-03-01,2026-07-24,SETTLED,AGRICULTURE,1,4,15,0,1,10,MEDIUM,0.548915,NORMAL,0.226687,0.427893,9.83,46.09,MEDIUM
TF-2026-0003869,IMPORT_LC,CUST-00949,CP-03140,CA,BR,USD,109520.52,2026-05-30,2026-08-08,ACTIVE,CHEMICALS,4,9,11,0,1,1,HIGH,0.552877,NORMAL,0.550197,0.803357,11.7,74.7,HIGH
TF-2026-0003870,GUARANTEE,CUST-00889,CP-01142,CA,MX,JPY,138459.18,2026-03-30,2026-08-13,SETTLED,INDUSTRIAL_EQUIPMENT,5,9,10,0,0,10,HIGH,0.537581,NORMAL,0.500696,0.685265,13.88,65.95,HIGH
TF-2026-0003871,GUARANTEE,CUST-00684,CP-00458,CA,JP,CAD,333180.53,2025-11-15,2026-05-12,SETTLED,INDUSTRIAL_EQUIPMENT,5,4,15,0,1,10,MEDIUM,0.514453,NORMAL,0.557465,0.84158,14.52,62.22,MEDIUM
TF-2026-0003872,GUARANTEE,CUST-00273,CP-02946,CA,BR,GBP,445967.9,2025-06-17,2025-09-20,CLOSED,AUTO_PARTS,2,7,2,1,0,7,LOW,0.4589,NORMAL,0.355845,0.412909,10.13,25.15,LOW
TF-2026-0003873,COLLECTION,CUST-00859,CP-03081,CA,JP,JPY,562713.79,2025-10-31,2026-03-16,ACTIVE,AGRICULTURE,4,10,17,1,1,12,MEDIUM,0.519986,NORMAL,0.585159,0.828174,16.14,64.0,MEDIUM
TF-2026-0003874,EXPORT_LC,CUST-00191,CP-01245,CA,AE,CAD,573997.22,2026-03-19,2026-06-25,ACTIVE,ELECTRONICS,3,9,13,1,1,3,LOW,0.485584,NORMAL,0.40334,0.71454,12.86,40.73,MEDIUM
TF-2026-0003875,GUARANTEE,CUST-00531,CP-00763,CA,US,EUR,2255389.47,2025-01-03,2025-03-25,SETTLED,AUTO_PARTS,2,10,14,0,1,7,LOW,0.54573,NORMAL,0.352331,0.565225,12.21,49.0,MEDIUM
TF-2026-0003876,IMPORT_LC,CUST-00403,CP-00528,CA,AE,CAD,6345093.88,2024-11-25,2025-04-04,ACTIVE,TEXTILES,1,10,6,0,0,13,HIGH,0.620827,HIGH,0.314013,0.248434,6.65,52.93,MEDIUM
TF-2026-0003877,IMPORT_LC,CUST-00435,CP-01280,CA,DE,JPY,1930396.41,2025-08-13,2025-12-03,SETTLED,TEXTILES,1,5,5,0,0,9,MEDIUM,0.518536,NORMAL,0.178393,0.287704,6.56,32.57,LOW
TF-2026-0003878,EXPORT_LC,CUST-00545,CP-00143,CA,DE,GBP,1188600.92,2025-08-16,2025-11-10,CLOSED,ELECTRONICS,0,7,9,0,0,10,MEDIUM,0.516282,NORMAL,0.096798,0.135562,7.1,24.26,LOW
TF-2026-0003879,EXPORT_LC,CUST-00628,CP-02714,CA,JP,JPY,84606.06,2026-07-11,2026-11-04,SETTLED,TEXTILES,5,9,13,0,1,13,HIGH,0.574845,NORMAL,0.42732,0.652577,12.65,68.47,HIGH
TF-2026-0003880,IMPORT_LC,CUST-00044,CP-03071,CA,JP,JPY,95412.61,2026-02-10,2026-07-07,ACTIVE,CHEMICALS,0,7,1,0,0,7,HIGH,0.541288,NORMAL,0.116055,0.203066,6.81,38.43,LOW
TF-2026-0003881,COLLECTION,CUST-00215,CP-02654,CA,BR,GBP,499922.32,2025-03-11,2025-07-18,CLOSED,AUTO_PARTS,2,8,7,1,0,0,HIGH,0.518861,NORMAL,0.565636,0.270538,7.35,48.66,MEDIUM
TF-2026-0003882,EXPORT_LC,CUST-00903,CP-02664,CA,IN,CNY,7154297.13,2025-02-13,2025-06-14,ACTIVE,AGRICULTURE,0,6,2,1,0,0,HIGH,0.638333,HIGH,0.505274,0.196384,5.12,56.97,MEDIUM
TF-2026-0003883,COLLECTION,CUST-00343,CP-01602,CA,MX,USD,260977.78,2025-11-05,2026-04-19,ACTIVE,CHEMICALS,3,8,9,0,0,6,MEDIUM,0.467232,NORMAL,0.319839,0.446659,10.17,30.75,LOW
TF-2026-0003884,IMPORT_LC,CUST-00867,CP-01474,CA,JP,EUR,462846.92,2026-07-05,2026-11-19,CLOSED,AUTO_PARTS,2,4,12,0,1,6,MEDIUM,0.477639,NORMAL,0.339549,0.539175,10.13,36.09,LOW
TF-2026-0003885,COLLECTION,CUST-00516,CP-02436,CA,CN,USD,96329.74,2025-11-24,2026-02-23,SETTLED,INDUSTRIAL_EQUIPMENT,0,4,8,0,0,2,LOW,0.560087,NORMAL,0.151086,0.21479,7.28,33.16,LOW
TF-2026-0003886,EXPORT_LC,CUST-00824,CP-03355,CA,AE,JPY,964924.71,2025-04-08,2025-08-12,SETTLED,CHEMICALS,3,9,12,1,1,6,HIGH,0.489848,NORMAL,0.580055,0.717943,11.54,57.08,MEDIUM
TF-2026-0003887,IMPORT_LC,CUST-00736,CP-01746,CA,SG,CAD,387565.04,2025-04-02,2025-07-02,ACTIVE,INDUSTRIAL_EQUIPMENT,1,7,2,0,0,7,MEDIUM,0.471266,NORMAL,0.18898,0.266885,5.58,20.95,LOW
TF-2026-0003888,IMPORT_LC,CUST-00410,CP-01259,CA,IN,CAD,175205.3,2025-11-03,2026-04-09,ACTIVE,TEXTILES,5,10,16,0,1,9,LOW,0.546183,NORMAL,0.455172,0.849303,15.11,62.13,MEDIUM
TF-2026-0003889,EXPORT_LC,CUST-01113,CP-03434,CA,CN,JPY,158201.62,2025-01-01,2025-04-22,ACTIVE,INDUSTRIAL_EQUIPMENT,3,9,12,0,1,12,HIGH,0.506465,NORMAL,0.520533,0.598489,10.41,55.38,MEDIUM
TF-2026-0003890,GUARANTEE,CUST-00562,CP-03408,CA,BR,CAD,646308.32,2025-01-26,2025-06-19,SETTLED,CHEMICALS,1,6,4,0,0,2,HIGH,0.49235,NORMAL,0.158712,0.219844,5.68,27.69,LOW
TF-2026-0003891,GUARANTEE,CUST-00878,CP-01347,CA,MX,CNY,1561948.76,2025-07-01,2025-12-27,SETTLED,AGRICULTURE,2,9,8,1,0,10,MEDIUM,0.511281,NORMAL,0.275704,0.274566,8.36,32.98,LOW
TF-2026-0003892,COLLECTION,CUST-00094,CP-01539,CA,BR,CNY,242945.59,2024-10-24,2025-02-05,SETTLED,ELECTRONICS,3,9,10,1,0,2,MEDIUM,0.49486,NORMAL,0.389977,0.395476,10.36,36.36,LOW
TF-2026-0003893,EXPORT_LC,CUST-00194,CP-02907,CA,MX,USD,1710737.5,2026-04-01,2026-08-12,SETTLED,INDUSTRIAL_EQUIPMENT,2,3,6,0,0,2,LOW,0.557619,NORMAL,0.268503,0.442246,8.42,44.34,MEDIUM
TF-2026-0003894,GUARANTEE,CUST-00371,CP-02243,CA,SG,CNY,224972.63,2025-12-25,2026-04-26,ACTIVE,AUTO_PARTS,5,6,21,1,1,8,MEDIUM,0.497567,NORMAL,0.729512,0.79694,17.75,61.25,MEDIUM
TF-2026-0003895,IMPORT_LC,CUST-00608,CP-01447,CA,JP,CNY,1854976.82,2025-10-11,2026-03-18,ACTIVE,INDUSTRIAL_EQUIPMENT,4,5,18,0,1,8,MEDIUM,0.509098,NORMAL,0.437485,0.714475,12.49,52.64,MEDIUM
TF-2026-0003896,COLLECTION,CUST-01134,CP-03155,CA,US,CAD,1719213.13,2026-01-27,2026-07-08,SETTLED,AUTO_PARTS,5,8,12,0,1,3,LOW,0.543086,NORMAL,0.481309,0.754245,14.1,59.01,MEDIUM
TF-2026-0003897,COLLECTION,CUST-00110,CP-02441,CA,IN,GBP,317090.48,2025-06-26,2025-11-23,CLOSED,CHEMICALS,1,10,8,1,0,0,LOW,0.555959,NORMAL,0.543036,0.288381,8.38,46.92,MEDIUM
TF-2026-0003898,EXPORT_LC,CUST-00922,CP-02086,CA,JP,EUR,495232.01,2025-12-15,2026-02-27,SETTLED,AGRICULTURE,2,6,14,0,1,3,HIGH,0.472025,NORMAL,0.335255,0.370519,8.82,34.11,LOW
TF-2026-0003899,IMPORT_LC,CUST-00203,CP-01690,CA,US,EUR,150670.78,2025-03-22,2025-07-24,SETTLED,AGRICULTURE,0,3,1,0,0,4,MEDIUM,0.560428,NORMAL,0.174005,0.214505,4.41,38.89,LOW
TF-2026-0003900,IMPORT_LC,CUST-00372,CP-01099,CA,MX,JPY,257983.55,2024-11-21,2025-04-28,CLOSED,AUTO_PARTS,2,7,6,1,0,7,LOW,0.466678,NORMAL,0.633376,0.358053,9.57,31.99,LOW
TF-2026-0003901,GUARANTEE,CUST-00322,CP-02705,CA,BR,CNY,51373.75,2024-10-11,2025-02-12,ACTIVE,TEXTILES,3,5,5,0,0,0,HIGH,0.593005,HIGH,0.369769,0.43127,8.31,60.16,MEDIUM
TF-2026-0003902,GUARANTEE,CUST-00028,CP-00945,CA,AE,USD,1385278.77,2025-08-21,2026-02-02,ACTIVE,AUTO_PARTS,4,8,9,0,0,9,HIGH,0.491307,NORMAL,0.531706,0.501413,11.56,48.48,MEDIUM
TF-2026-0003903,GUARANTEE,CUST-00215,CP-02435,CA,MX,GBP,443488.1,2025-03-15,2025-06-20,SETTLED,CHEMICALS,3,6,16,1,1,5,HIGH,0.464962,NORMAL,0.425782,0.572721,10.29,43.14,MEDIUM
TF-2026-0003904,EXPORT_LC,CUST-01001,CP-01548,CA,CN,CAD,97660.37,2025-01-20,2025-04-27,ACTIVE,AUTO_PARTS,2,3,13,1,1,12,LOW,0.563916,NORMAL,0.279478,0.564805,10.76,49.77,MEDIUM
TF-2026-0003905,GUARANTEE,CUST-00158,CP-01582,CA,MX,USD,555674.85,2025-05-09,2025-10-18,ACTIVE,TEXTILES,5,5,13,1,1,8,MEDIUM,0.489703,NORMAL,0.578471,0.733456,14.13,52.56,MEDIUM
TF-2026-0003906,EXPORT_LC,CUST-00241,CP-02340,CA,JP,GBP,600092.06,2026-04-27,2026-10-23,ACTIVE,TEXTILES,3,8,12,0,1,14,MEDIUM,0.499915,NORMAL,0.272127,0.536524,11.9,39.0,LOW
TF-2026-0003907,EXPORT_LC,CUST-00201,CP-02261,CA,JP,EUR,197025.93,2025-08-28,2025-10-31,CLOSED,ELECTRONICS,4,6,7,0,0,10,LOW,0.48915,NORMAL,0.459894,0.671335,12.21,41.68,MEDIUM
TF-2026-0003908,GUARANTEE,CUST-00284,CP-00483,CA,JP,JPY,3559998.57,2026-04-07,2026-09-26,SETTLED,TEXTILES,2,9,8,1,0,14,LOW,0.581284,NORMAL,0.548075,0.323439,9.23,51.02,MEDIUM
TF-2026-0003909,GUARANTEE,CUST-00074,CP-01879,CA,AE,JPY,1057254.1,2024-10-19,2025-03-15,SETTLED,CHEMICALS,0,3,14,0,1,6,HIGH,0.550043,NORMAL,0.234088,0.448002,8.66,52.25,MEDIUM
TF-2026-0003910,COLLECTION,CUST-00204,CP-01147,CA,BR,JPY,583702.62,2026-07-02,2026-12-08,CLOSED,AUTO_PARTS,4,7,14,1,1,4,HIGH,0.478553,NORMAL,0.725289,0.774678,13.4,61.05,MEDIUM
TF-2026-0003911,EXPORT_LC,CUST-01010,CP-03320,CA,CN,GBP,1607774.65,2026-02-24,2026-06-16,ACTIVE,CHEMICALS,5,6,15,1,1,13,LOW,0.551247,NORMAL,0.425947,0.768586,15.03,59.47,MEDIUM
TF-2026-0003912,EXPORT_LC,CUST-00582,CP-02978,CA,DE,CNY,259993.45,2025-07-04,2025-10-11,ACTIVE,INDUSTRIAL_EQUIPMENT,2,10,11,0,1,0,HIGH,0.549236,NORMAL,0.254775,0.604943,11.33,58.18,MEDIUM
TF-2026-0003913,EXPORT_LC,CUST-00349,CP-03136,CA,GB,CNY,447123.76,2026-06-16,2026-10-28,SETTLED,AGRICULTURE,2,4,4,0,0,4,LOW,0.481481,NORMAL,0.276704,0.367865,8.01,23.87,LOW
TF-2026-0003914,GUARANTEE,CUST-00391,CP-01689,CA,IN,CNY,105179.24,2025-01-16,2025-07-09,ACTIVE,INDUSTRIAL_EQUIPMENT,0,10,6,0,0,2,LOW,0.579297,NORMAL,0.166623,0.171286,6.22,34.12,LOW
TF-2026-0003915,EXPORT_LC,CUST-00338,CP-01573,CA,IN,JPY,1309401.56,2025-11-25,2026-03-08,CLOSED,INDUSTRIAL_EQUIPMENT,3,8,15,1,1,14,MEDIUM,0.522252,NORMAL,0.430499,0.671479,13.16,54.5,MEDIUM
TF-2026-0003916,COLLECTION,CUST-01157,CP-03039,CA,IN,USD,547837.71,2026-05-06,2026-08-11,SETTLED,AGRICULTURE,0,7,1,0,0,1,LOW,0.526601,NORMAL,0.170096,0.146854,5.23,24.54,LOW
TF-2026-0003917,COLLECTION,CUST-01163,CP-03219,CA,AE,EUR,237146.82,2025-12-19,2026-04-16,ACTIVE,ELECTRONICS,4,3,14,1,1,6,HIGH,0.523519,NORMAL,0.68977,0.573022,12.48,64.18,MEDIUM
TF-2026-0003918,GUARANTEE,CUST-00414,CP-00908,CA,CN,CAD,506551.7,2024-10-28,2025-02-13,SETTLED,ELECTRONICS,5,4,8,0,0,11,HIGH,0.516428,NORMAL,0.365273,0.785705,14.31,60.13,MEDIUM
TF-2026-0003919,COLLECTION,CUST-01108,CP-01220,CA,US,GBP,3396692.01,2026-08-12,2026-10-27,ACTIVE,INDUSTRIAL_EQUIPMENT,1,5,5,0,0,11,MEDIUM,0.546896,NORMAL,0.219964,0.237214,6.91,38.85,LOW
TF-2026-0003920,GUARANTEE,CUST-00131,CP-01635,CA,JP,GBP,1475131.52,2026-07-04,2026-10-23,ACTIVE,AGRICULTURE,2,10,13,0,1,5,LOW,0.527335,NORMAL,0.14493,0.576283,12.02,38.99,LOW
TF-2026-0003921,IMPORT_LC,CUST-01054,CP-00356,CA,CN,GBP,429083.46,2025-01-18,2025-04-07,CLOSED,ELECTRONICS,3,3,8,1,0,14,MEDIUM,0.53883,NORMAL,0.371904,0.427679,9.59,48.4,MEDIUM
TF-2026-0003922,GUARANTEE,CUST-00613,CP-01208,CA,AE,JPY,231817.12,2024-09-03,2024-11-27,CLOSED,INDUSTRIAL_EQUIPMENT,5,9,12,1,1,10,LOW,0.520234,NORMAL,0.674807,0.821253,13.18,61.53,MEDIUM
TF-2026-0003923,EXPORT_LC,CUST-00139,CP-02999,CA,BR,GBP,333580.23,2025-12-31,2026-05-21,SETTLED,AUTO_PARTS,0,6,7,0,0,0,MEDIUM,0.542712,NORMAL,0.371619,0.205101,6.96,41.42,MEDIUM
TF-2026-0003924,COLLECTION,CUST-01146,CP-02834,CA,GB,CNY,222959.19,2025-01-25,2025-06-28,ACTIVE,AGRICULTURE,2,5,8,0,0,1,LOW,0.503382,NORMAL,0.233161,0.383624,9.51,28.41,LOW
TF-2026-0003925,GUARANTEE,CUST-00979,CP-01753,CA,BR,USD,2651146.12,2026-05-01,2026-10-20,SETTLED,TEXTILES,4,6,12,0,1,3,LOW,0.532914,NORMAL,0.45258,0.76121,13.04,56.09,MEDIUM
TF-2026-0003926,GUARANTEE,CUST-00374,CP-01724,CA,IN,USD,213391.59,2026-05-27,2026-10-16,SETTLED,CHEMICALS,3,4,16,0,1,14,HIGH,0.515215,NORMAL,0.411554,0.57827,13.03,53.85,MEDIUM
TF-2026-0003927,EXPORT_LC,CUST-00792,CP-00212,CA,BR,CNY,367011.28,2026-02-21,2026-05-18,ACTIVE,AGRICULTURE,3,6,10,1,0,11,MEDIUM,0.47198,NORMAL,0.610185,0.423047,10.16,39.18,LOW
TF-2026-0003928,EXPORT_LC,CUST-00888,CP-02063,CA,GB,USD,670495.25,2026-07-17,2026-10-06,SETTLED,ELECTRONICS,0,3,9,0,0,10,HIGH,0.551118,NORMAL,0.153377,0.213757,7.93,41.85,MEDIUM
TF-2026-0003929,COLLECTION,CUST-00175,CP-01485,CA,SG,EUR,184080.52,2026-02-09,2026-05-14,SETTLED,AUTO_PARTS,0,9,2,0,0,0,LOW,0.570844,NORMAL,0.338372,0.183358,4.42,39.05,LOW
TF-2026-0003930,EXPORT_LC,CUST-00432,CP-03175,CA,AE,USD,470329.24,2025-07-31,2025-10-10,ACTIVE,AUTO_PARTS,5,10,14,0,1,2,HIGH,0.550387,NORMAL,0.371371,0.778131,14.03,67.98,HIGH
TF-2026-0003931,COLLECTION,CUST-00118,CP-02710,CA,AE,JPY,3434285.17,2026-03-10,2026-06-25,ACTIVE,AGRICULTURE,0,7,10,1,0,6,LOW,0.565147,NORMAL,0.513766,0.183603,8.34,43.62,MEDIUM
TF-2026-0003932,GUARANTEE,CUST-00445,CP-03172,CA,GB,GBP,628302.29,2024-10-19,2025-02-22,ACTIVE,TEXTILES,1,6,5,0,0,0,MEDIUM,0.524737,NORMAL,0.358109,0.210891,6.03,36.88,LOW
TF-2026-0003933,COLLECTION,CUST-00838,CP-02460,CA,CN,JPY,257229.33,2024-11-24,2025-04-09,SETTLED,AGRICULTURE,2,4,11,0,1,14,HIGH,0.515225,NORMAL,0.211402,0.563382,9.64,47.33,MEDIUM
TF-2026-0003934,EXPORT_LC,CUST-00935,CP-00276,CA,FR,CAD,442214.58,2024-09-30,2024-12-16,SETTLED,CHEMICALS,5,3,9,0,0,10,LOW,0.537017,NORMAL,0.468043,0.583976,12.31,51.32,MEDIUM
TF-2026-0003935,GUARANTEE,CUST-00819,CP-02429,CA,BR,CNY,1412321.82,2025-11-02,2026-04-05,SETTLED,ELECTRONICS,0,5,4,0,0,3,MEDIUM,0.533655,NORMAL,0.098125,0.23485,5.1,32.23,LOW
TF-2026-0003936,IMPORT_LC,CUST-00873,CP-02069,CA,GB,CAD,763409.88,2025-11-30,2026-02-26,ACTIVE,INDUSTRIAL_EQUIPMENT,1,4,9,0,0,9,MEDIUM,0.495107,NORMAL,0.225488,0.262168,8.79,26.84,LOW
TF-2026-0003937,GUARANTEE,CUST-01150,CP-00866,CA,SG,GBP,94789.27,2026-06-10,2026-10-15,SETTLED,AGRICULTURE,5,6,15,1,1,8,HIGH,0.53197,NORMAL,0.456618,0.775815,14.55,66.5,HIGH
TF-2026-0003938,EXPORT_LC,CUST-00884,CP-01201,CA,DE,GBP,61494.22,2026-08-09,2027-02-02,CLOSED,TEXTILES,3,8,19,1,1,10,LOW,0.529107,NORMAL,0.35613,0.617104,13.14,47.21,MEDIUM
TF-2026-0003939,COLLECTION,CUST-00449,CP-02419,CA,GB,USD,231572.55,2026-06-29,2026-09-13,SETTLED,INDUSTRIAL_EQUIPMENT,3,6,10,1,0,10,MEDIUM,0.472923,NORMAL,0.649301,0.381104,9.38,39.04,LOW
TF-2026-0003940,IMPORT_LC,CUST-00834,CP-02670,CA,US,GBP,156255.2,2026-08-07,2026-12-15,CLOSED,AGRICULTURE,3,6,12,1,1,5,MEDIUM,0.484556,NORMAL,0.711202,0.562265,11.1,49.38,MEDIUM
TF-2026-0003941,IMPORT_LC,CUST-00703,CP-03061,CA,DE,CAD,277747.41,2025-07-25,2025-09-27,CLOSED,INDUSTRIAL_EQUIPMENT,1,8,7,0,0,4,HIGH,0.483436,NORMAL,0.292759,0.288854,7.47,31.98,LOW
TF-2026-0003942,GUARANTEE,CUST-00643,CP-02096,CA,BR,GBP,175047.93,2026-07-04,2026-12-25,CLOSED,CHEMICALS,1,7,6,0,0,9,MEDIUM,0.48452,NORMAL,0.152185,0.219787,6.39,20.61,LOW
TF-2026-0003943,EXPORT_LC,CUST-00921,CP-02457,CA,BR,USD,953397.04,2024-12-04,2025-04-23,ACTIVE,AUTO_PARTS,2,7,4,0,0,11,HIGH,0.476986,NORMAL,0.203846,0.397369,7.43,31.91,LOW
TF-2026-0003944,COLLECTION,CUST-01117,CP-03499,CA,MX,CAD,406048.35,2025-07-18,2025-11-13,CLOSED,ELECTRONICS,3,8,11,0,1,6,MEDIUM,0.465005,NORMAL,0.315355,0.530681,10.46,33.37,LOW
TF-2026-0003945,IMPORT_LC,CUST-00165,CP-01402,CA,AE,EUR,915050.53,2025-08-03,2025-12-31,CLOSED,AGRICULTURE,5,10,12,1,1,8,HIGH,0.534401,NORMAL,0.630143,0.788485,13.42,72.76,HIGH
TF-2026-0003946,EXPORT_LC,CUST-00378,CP-02265,CA,MX,JPY,952095.22,2024-12-02,2025-02-26,CLOSED,CHEMICALS,0,3,7,0,0,6,HIGH,0.547861,NORMAL,0.188417,0.188635,6.06,41.34,MEDIUM
TF-2026-0003947,GUARANTEE,CUST-00445,CP-03236,CA,MX,CAD,639077.87,2025-09-04,2026-02-14,ACTIVE,AGRICULTURE,0,8,5,0,0,3,MEDIUM,0.521821,NORMAL,0.156633,0.176865,6.53,28.87,LOW
TF-2026-0003948,GUARANTEE,CUST-01007,CP-00744,CA,GB,JPY,547563.3,2025-03-15,2025-05-24,CLOSED,TEXTILES,0,5,7,0,0,0,LOW,0.547001,NORMAL,0.241129,0.23347,5.79,34.38,LOW
TF-2026-0003949,EXPORT_LC,CUST-00984,CP-02765,CA,DE,CNY,216861.93,2025-05-20,2025-09-22,ACTIVE,AGRICULTURE,0,7,10,0,0,13,HIGH,0.520703,NORMAL,0.151721,0.179432,8.62,33.49,LOW
TF-2026-0003950,COLLECTION,CUST-01186,CP-02293,CA,DE,CNY,894044.7,2025-03-10,2025-08-04,ACTIVE,TEXTILES,4,9,13,1,1,3,HIGH,0.505439,NORMAL,0.647931,0.746919,13.42,64.15,MEDIUM
TF-2026-0003951,IMPORT_LC,CUST-01007,CP-02351,CA,DE,USD,502141.82,2025-08-07,2025-11-12,CLOSED,ELECTRONICS,1,4,7,1,0,7,LOW,0.487289,NORMAL,0.494607,0.332546,8.57,30.45,LOW
TF-2026-0003952,COLLECTION,CUST-00378,CP-03022,CA,BR,CNY,254639.29,2026-02-03,2026-04-08,CLOSED,INDUSTRIAL_EQUIPMENT,0,8,12,0,1,7,HIGH,0.506311,NORMAL,0.186838,0.415623,9.32,38.95,LOW
TF-2026-0003953,GUARANTEE,CUST-00887,CP-02294,CA,BR,USD,376226.06,2025-09-01,2025-12-16,ACTIVE,AUTO_PARTS,1,9,10,1,0,7,MEDIUM,0.482491,NORMAL,0.554272,0.206449,9.29,31.76,LOW
TF-2026-0003954,GUARANTEE,CUST-00398,CP-01692,CA,FR,GBP,354443.71,2026-04-02,2026-08-06,ACTIVE,AUTO_PARTS,0,6,4,0,0,3,HIGH,0.509889,NORMAL,0.14942,0.184577,5.17,30.69,LOW
TF-2026-0003955,COLLECTION,CUST-00799,CP-00619,CA,BR,EUR,182102.66,2025-01-08,2025-04-28,SETTLED,INDUSTRIAL_EQUIPMENT,4,3,16,0,1,1,MEDIUM,0.554791,NORMAL,0.532627,0.748051,15.02,67.55,HIGH
TF-2026-0003956,GUARANTEE,CUST-00149,CP-03117,CA,JP,GBP,89333.97,2026-04-13,2026-09-21,ACTIVE,AGRICULTURE,1,9,6,0,0,9,MEDIUM,0.528291,NORMAL,0.109327,0.164225,6.44,28.76,LOW
TF-2026-0003957,COLLECTION,CUST-00799,CP-00323,CA,SG,EUR,755146.37,2026-08-05,2026-10-04,SETTLED,AGRICULTURE,5,6,8,1,0,15,MEDIUM,0.546342,NORMAL,0.706699,0.507428,10.65,62.77,MEDIUM
TF-2026-0003958,EXPORT_LC,CUST-00872,CP-01373,CA,MX,EUR,200533.89,2025-12-31,2026-03-23,CLOSED,INDUSTRIAL_EQUIPMENT,1,9,5,0,0,4,MEDIUM,0.498558,NORMAL,0.214072,0.275285,6.69,27.79,LOW
TF-2026-0003959,IMPORT_LC,CUST-00665,CP-02764,CA,JP,CAD,2082657.34,2025-07-08,2025-10-04,SETTLED,TEXTILES,5,10,16,1,1,9,MEDIUM,0.575259,NORMAL,0.389822,0.820107,15.22,68.23,HIGH
TF-2026-0003960,GUARANTEE,CUST-00649,CP-00061,CA,GB,JPY,67450.06,2025-09-28,2026-01-06,ACTIVE,TEXTILES,5,5,17,1,1,6,LOW,0.55271,NORMAL,0.55103,0.747985,14.1,62.76,MEDIUM
TF-2026-0003961,IMPORT_LC,CUST-00754,CP-01725,CA,JP,CNY,455169.21,2026-07-15,2026-12-18,CLOSED,ELECTRONICS,5,9,16,0,1,10,MEDIUM,0.511242,NORMAL,0.50169,0.836707,15.72,59.42,MEDIUM
TF-2026-0003962,GUARANTEE,CUST-00666,CP-00596,CA,IN,CAD,211442.3,2026-05-08,2026-07-10,CLOSED,AGRICULTURE,5,7,17,0,1,0,HIGH,0.562997,NORMAL,0.502569,0.728577,13.89,72.09,HIGH
TF-2026-0003963,COLLECTION,CUST-00240,CP-01180,CA,IN,JPY,1384532.16,2026-02-14,2026-06-05,SETTLED,CHEMICALS,1,10,11,0,1,1,MEDIUM,0.552353,NORMAL,0.205807,0.370151,9.85,44.11,MEDIUM
TF-2026-0003964,EXPORT_LC,CUST-00382,CP-00880,CA,SG,CNY,251534.1,2025-07-09,2025-11-27,CLOSED,INDUSTRIAL_EQUIPMENT,0,9,9,0,0,15,MEDIUM,0.569746,NORMAL,0.17854,0.271897,7.82,42.26,MEDIUM
TF-2026-0003965,IMPORT_LC,CUST-00486,CP-03327,CA,FR,EUR,215603.87,2025-08-22,2026-01-09,CLOSED,TEXTILES,0,9,6,0,0,0,MEDIUM,0.564509,NORMAL,0.238747,0.219573,5.97,41.55,MEDIUM
TF-2026-0003966,GUARANTEE,CUST-00219,CP-02457,CA,BR,USD,567227.94,2025-08-07,2025-12-13,ACTIVE,CHEMICALS,2,4,19,1,1,11,MEDIUM,0.489653,NORMAL,0.294523,0.37866,9.28,31.6,LOW
TF-2026-0003967,EXPORT_LC,CUST-01038,CP-01389,CA,SG,GBP,236723.74,2025-04-14,2025-07-14,ACTIVE,TEXTILES,1,6,9,0,0,3,HIGH,0.487274,NORMAL,0.133054,0.233502,8.58,26.12,LOW
TF-2026-0003968,GUARANTEE,CUST-00044,CP-03410,CA,AE,JPY,113553.17,2025-01-10,2025-06-04,ACTIVE,ELECTRONICS,4,4,12,0,1,11,HIGH,0.530451,NORMAL,0.503092,0.655655,12.01,63.36,MEDIUM
TF-2026-0003969,IMPORT_LC,CUST-00169,CP-00272,CA,US,GBP,2479136.27,2026-08-07,2027-01-30,CLOSED,AGRICULTURE,2,10,14,0,1,7,HIGH,0.550814,NORMAL,0.28389,0.509132,11.62,56.02,MEDIUM
TF-2026-0003970,EXPORT_LC,CUST-01034,CP-03255,CA,AE,CAD,217989.46,2025-12-08,2026-05-06,SETTLED,TEXTILES,3,4,17,0,1,14,LOW,0.514334,NORMAL,0.372478,0.713448,14.87,47.16,MEDIUM
TF-2026-0003971,GUARANTEE,CUST-01039,CP-01942,CA,US,CAD,2606515.36,2025-02-19,2025-08-03,SETTLED,AUTO_PARTS,5,3,15,0,1,4,MEDIUM,0.589163,NORMAL,0.297937,0.787825,15.03,65.26,HIGH
TF-2026-0003972,IMPORT_LC,CUST-00589,CP-02999,CA,BR,EUR,162691.88,2026-02-16,2026-05-10,CLOSED,ELECTRONICS,0,7,3,0,0,0,HIGH,0.56546,NORMAL,0.190739,0.216145,4.46,45.12,MEDIUM
TF-2026-0003973,COLLECTION,CUST-00417,CP-01911,CA,AE,GBP,157585.12,2025-07-30,2026-01-11,SETTLED,AGRICULTURE,2,9,9,0,0,5,HIGH,0.496745,NORMAL,0.255763,0.408535,9.91,38.24,LOW
TF-2026-0003974,GUARANTEE,CUST-00807,CP-00276,CA,FR,EUR,1876764.97,2026-06-13,2026-10-05,SETTLED,TEXTILES,0,6,9,0,0,10,LOW,0.535038,NORMAL,0.107894,0.277805,7.39,29.34,LOW
TF-2026-0003975,EXPORT_LC,CUST-00402,CP-00399,CA,JP,CNY,198983.28,2025-07-02,2025-11-12,ACTIVE,AUTO_PARTS,4,3,12,0,1,3,HIGH,0.536759,NORMAL,0.48251,0.755048,12.79,67.67,HIGH
TF-2026-0003976,IMPORT_LC,CUST-00824,CP-01530,CA,BR,GBP,446138.46,2024-08-28,2025-02-24,SETTLED,TEXTILES,5,10,15,1,1,10,HIGH,0.530197,NORMAL,0.64403,0.766373,14.89,71.4,HIGH
TF-2026-0003977,COLLECTION,CUST-00740,CP-01112,CA,JP,EUR,585099.63,2024-10-10,2024-12-18,SETTLED,INDUSTRIAL_EQUIPMENT,0,9,6,0,0,11,HIGH,0.514739,NORMAL,0.216319,0.138767,6.0,32.47,LOW
TF-2026-0003978,COLLECTION,CUST-00529,CP-01189,CA,IN,USD,281897.71,2024-11-23,2025-03-21,ACTIVE,AGRICULTURE,3,4,8,0,0,3,LOW,0.490476,NORMAL,0.385386,0.351404,9.02,28.61,LOW
TF-2026-0003979,IMPORT_LC,CUST-00295,CP-03048,CA,BR,USD,176621.26,2025-02-07,2025-07-21,CLOSED,ELECTRONICS,2,9,10,0,0,8,MEDIUM,0.492367,NORMAL,0.456326,0.403207,9.58,38.04,LOW
TF-2026-0003980,IMPORT_LC,CUST-00449,CP-00278,CA,SG,CAD,411110.44,2025-07-10,2025-12-01,ACTIVE,ELECTRONICS,2,3,9,1,0,7,MEDIUM,0.509049,NORMAL,0.572509,0.322744,9.41,42.96,MEDIUM
TF-2026-0003981,GUARANTEE,CUST-00786,CP-01578,CA,JP,CAD,1529739.48,2024-09-07,2025-03-04,CLOSED,CHEMICALS,0,8,1,0,0,15,MEDIUM,0.575537,NORMAL,0.209244,0.132961,3.48,38.81,LOW
TF-2026-0003982,COLLECTION,CUST-00577,CP-02936,CA,JP,CAD,806131.81,2025-05-07,2025-08-14,ACTIVE,CHEMICALS,4,9,18,1,1,3,MEDIUM,0.504402,NORMAL,0.636388,0.854663,16.12,62.32,MEDIUM
TF-2026-0003983,GUARANTEE,CUST-00981,CP-00892,CA,FR,GBP,594112.3,2025-05-17,2025-09-26,ACTIVE,INDUSTRIAL_EQUIPMENT,2,4,12,0,1,4,HIGH,0.479982,NORMAL,0.198914,0.438244,9.38,33.72,LOW
TF-2026-0003984,EXPORT_LC,CUST-00562,CP-00073,CA,SG,JPY,95735.98,2024-09-25,2024-11-27,CLOSED,TEXTILES,3,5,7,0,0,9,HIGH,0.509315,NORMAL,0.420108,0.466618,7.98,48.51,MEDIUM
TF-2026-0003985,EXPORT_LC,CUST-00972,CP-01847,CA,BR,EUR,85378.69,2025-10-11,2026-02-09,ACTIVE,TEXTILES,1,8,11,0,1,4,MEDIUM,0.527154,NORMAL,0.13469,0.365032,7.39,36.23,LOW
TF-2026-0003986,GUARANTEE,CUST-00477,CP-02250,CA,SG,EUR,394524.15,2025-01-25,2025-06-24,SETTLED,CHEMICALS,5,9,11,1,1,0,LOW,0.567223,NORMAL,0.6946,0.77185,12.31,69.9,HIGH
TF-2026-0003987,IMPORT_LC,CUST-00686,CP-00266,CA,CN,JPY,783018.72,2026-02-27,2026-06-22,ACTIVE,AUTO_PARTS,3,6,11,0,1,8,MEDIUM,0.462425,NORMAL,0.37694,0.704474,11.09,41.11,MEDIUM
TF-2026-0003988,COLLECTION,CUST-00157,CP-00921,CA,FR,JPY,1209034.01,2025-07-18,2025-10-21,CLOSED,AUTO_PARTS,4,6,13,0,1,7,MEDIUM,0.487372,NORMAL,0.506802,0.695425,12.13,48.53,MEDIUM
TF-2026-0003989,GUARANTEE,CUST-00181,CP-00920,CA,GB,USD,1388825.99,2025-07-28,2025-09-30,ACTIVE,AUTO_PARTS,4,4,16,0,1,6,LOW,0.513059,NORMAL,0.515641,0.59662,12.28,46.95,MEDIUM
TF-2026-0003990,GUARANTEE,CUST-00241,CP-00212,CA,BR,CAD,436865.44,2025-08-05,2025-12-05,CLOSED,TEXTILES,0,10,7,0,0,11,MEDIUM,0.537609,NORMAL,0.193305,0.205091,7.12,34.93,LOW
TF-2026-0003991,COLLECTION,CUST-00642,CP-00135,CA,MX,USD,661841.74,2024-09-04,2024-11-25,SETTLED,CHEMICALS,2,7,4,0,0,15,HIGH,0.519715,NORMAL,0.175634,0.293964,6.71,37.93,LOW
TF-2026-0003992,COLLECTION,CUST-00250,CP-02349,CA,FR,CNY,82636.93,2026-02-23,2026-05-12,ACTIVE,INDUSTRIAL_EQUIPMENT,2,4,11,0,1,3,HIGH,0.536657,NORMAL,0.155087,0.38249,7.97,44.77,MEDIUM
TF-2026-0003993,GUARANTEE,CUST-00282,CP-02395,CA,AE,CAD,499115.52,2026-06-06,2026-11-08,SETTLED,AGRICULTURE,1,5,8,0,0,2,MEDIUM,0.490599,NORMAL,0.225633,0.250396,7.4,25.29,LOW
TF-2026-0003994,IMPORT_LC,CUST-00339,CP-02537,CA,CN,CNY,322974.99,2026-02-08,2026-07-22,CLOSED,AUTO_PARTS,1,4,10,0,0,15,LOW,0.532902,NORMAL,0.218213,0.178849,8.66,28.67,LOW
TF-2026-0003995,COLLECTION,CUST-00746,CP-01061,CA,AE,USD,178232.34,2026-03-26,2026-05-27,SETTLED,AGRICULTURE,4,3,19,0,1,5,LOW,0.533909,NORMAL,0.445534,0.738929,14.95,55.36,MEDIUM
TF-2026-0003996,IMPORT_LC,CUST-00730,CP-03142,CA,DE,CAD,380292.39,2025-02-17,2025-07-15,ACTIVE,AUTO_PARTS,5,7,13,0,1,13,LOW,0.502818,NORMAL,0.423748,0.863313,14.0,50.71,MEDIUM
TF-2026-0003997,GUARANTEE,CUST-00459,CP-02162,CA,SG,CAD,61702.09,2025-09-10,2026-01-30,SETTLED,AGRICULTURE,4,4,12,0,1,0,MEDIUM,0.593337,HIGH,0.468453,0.760371,12.26,69.66,HIGH
TF-2026-0003998,GUARANTEE,CUST-00471,CP-00940,CA,CN,CAD,74576.61,2026-01-30,2026-07-24,CLOSED,AGRICULTURE,0,5,10,0,0,3,LOW,0.573784,NORMAL,0.15747,0.237218,6.88,35.75,LOW
TF-2026-0003999,GUARANTEE,CUST-01028,CP-00981,CA,MX,CNY,664382.06,2026-06-13,2026-09-20,SETTLED,AUTO_PARTS,1,3,8,0,0,14,LOW,0.548632,NORMAL,0.28849,0.268901,8.84,37.31,LOW
TF-2026-0004000,COLLECTION,CUST-00277,CP-00483,CA,JP,CNY,6080777.42,2025-12-11,2026-05-29,CLOSED,INDUSTRIAL_EQUIPMENT,2,4,5,0,0,14,HIGH,0.610036,HIGH,0.219366,0.248001,6.98,49.85,MEDIUM
TF-2026-0004001,COLLECTION,CUST-00767,CP-02363,CA,CN,GBP,302244.18,2025-02-27,2025-08-20,ACTIVE,ELECTRONICS,1,5,11,0,1,6,LOW,0.480872,NORMAL,0.119189,0.509991,9.56,24.02,LOW
TF-2026-0004002,IMPORT_LC,CUST-00943,CP-00837,CA,DE,EUR,3516939.76,2024-10-20,2025-03-11,ACTIVE,AUTO_PARTS,1,9,7,0,0,9,HIGH,0.555347,NORMAL,0.302258,0.226637,7.36,47.46,MEDIUM
TF-2026-0004003,COLLECTION,CUST-00001,CP-02211,CA,AE,CNY,97985.69,2025-08-26,2025-11-21,SETTLED,INDUSTRIAL_EQUIPMENT,1,7,7,0,0,14,LOW,0.537749,NORMAL,0.279937,0.283084,8.04,35.32,LOW
TF-2026-0004004,EXPORT_LC,CUST-00524,CP-01265,CA,IN,CNY,717423.51,2025-11-28,2026-03-26,CLOSED,TEXTILES,2,10,5,0,0,2,HIGH,0.518337,NORMAL,0.283053,0.294861,8.75,40.9,MEDIUM
TF-2026-0004005,GUARANTEE,CUST-00824,CP-02924,CA,JP,GBP,420520.0,2025-03-24,2025-06-11,CLOSED,INDUSTRIAL_EQUIPMENT,5,9,14,1,1,1,HIGH,0.545502,NORMAL,0.508919,0.726989,13.93,69.32,HIGH
TF-2026-0004006,IMPORT_LC,CUST-00006,CP-00032,CA,SG,CNY,131925.77,2024-11-06,2025-04-01,SETTLED,CHEMICALS,1,6,11,0,1,13,HIGH,0.518024,NORMAL,0.255866,0.487829,10.03,46.76,MEDIUM
TF-2026-0004007,EXPORT_LC,CUST-00969,CP-00486,CA,BR,JPY,106812.44,2026-06-27,2026-09-25,SETTLED,AGRICULTURE,2,8,11,0,1,4,MEDIUM,0.508319,NORMAL,0.273664,0.574216,10.28,42.58,MEDIUM
TF-2026-0004008,IMPORT_LC,CUST-00507,CP-03402,CA,IN,CAD,500897.87,2024-08-23,2025-02-13,ACTIVE,TEXTILES,2,6,14,1,1,9,MEDIUM,0.463886,NORMAL,0.601983,0.454997,9.29,39.22,LOW
TF-2026-0004009,COLLECTION,CUST-00403,CP-00804,CA,GB,CAD,720653.49,2025-11-08,2026-02-13,ACTIVE,CHEMICALS,5,10,19,1,1,13,HIGH,0.549317,NORMAL,0.709616,0.793654,14.37,78.44,HIGH
TF-2026-0004010,COLLECTION,CUST-00568,CP-00643,CA,GB,CNY,611428.91,2025-07-08,2025-11-03,SETTLED,CHEMICALS,2,9,13,1,1,1,LOW,0.503374,NORMAL,0.496577,0.589836,11.94,43.53,MEDIUM
TF-2026-0004011,GUARANTEE,CUST-00250,CP-02190,CA,MX,JPY,176914.59,2024-09-16,2024-12-23,ACTIVE,ELECTRONICS,4,3,6,0,0,12,HIGH,0.543269,NORMAL,0.395062,0.427913,8.36,55.04,MEDIUM
TF-2026-0004012,GUARANTEE,CUST-00325,CP-00679,CA,AE,USD,301558.08,2025-12-26,2026-04-21,CLOSED,TEXTILES,1,10,12,0,1,12,LOW,0.522984,NORMAL,0.255865,0.486569,10.2,37.96,LOW
TF-2026-0004013,COLLECTION,CUST-00484,CP-02974,CA,DE,JPY,98516.16,2024-09-05,2025-02-20,CLOSED,AUTO_PARTS,0,7,13,0,1,8,MEDIUM,0.541694,NORMAL,0.34031,0.201784,6.19,40.21,MEDIUM
TF-2026-0004014,IMPORT_LC,CUST-00406,CP-00301,CA,US,CAD,162703.18,2026-04-02,2026-06-15,ACTIVE,AGRICULTURE,0,10,4,0,0,13,LOW,0.564777,NORMAL,0.250829,0.207524,6.71,36.53,LOW
TF-2026-0004015,COLLECTION,CUST-00616,CP-01456,CA,IN,CAD,575662.7,2024-09-17,2024-11-20,CLOSED,AGRICULTURE,5,9,18,1,1,8,MEDIUM,0.507346,NORMAL,0.585437,0.752779,12.38,57.97,MEDIUM
TF-2026-0004016,GUARANTEE,CUST-00270,CP-01905,CA,MX,CAD,510795.12,2025-03-24,2025-08-04,ACTIVE,CHEMICALS,0,4,12,0,1,13,MEDIUM,0.528202,NORMAL,0.274259,0.161524,4.87,33.6,LOW
TF-2026-0004017,GUARANTEE,CUST-00039,CP-01514,CA,SG,CAD,156134.32,2024-09-23,2025-01-15,ACTIVE,ELECTRONICS,2,3,5,0,0,4,MEDIUM,0.539301,NORMAL,0.222057,0.315553,7.32,40.11,MEDIUM
TF-2026-0004018,COLLECTION,CUST-01075,CP-00622,CA,GB,USD,191363.39,2026-02-03,2026-04-08,ACTIVE,TEXTILES,1,5,1,1,0,0,MEDIUM,0.537678,NORMAL,0.336516,0.256024,4.41,41.03,MEDIUM
TF-2026-0004019,EXPORT_LC,CUST-00412,CP-01097,CA,US,CNY,1298049.6,2026-04-03,2026-09-25,ACTIVE,TEXTILES,1,9,8,0,0,7,LOW,0.505554,NORMAL,0.171823,0.229723,8.57,21.8,LOW
TF-2026-0004020,EXPORT_LC,CUST-00544,CP-00557,CA,AE,EUR,385913.51,2026-02-06,2026-04-12,CLOSED,CHEMICALS,5,9,12,1,1,9,MEDIUM,0.506544,NORMAL,0.608543,0.787847,12.19,59.67,MEDIUM
TF-2026-0004021,GUARANTEE,CUST-00512,CP-02764,CA,JP,GBP,160846.69,2024-12-27,2025-06-02,SETTLED,AGRICULTURE,0,6,10,0,0,9,MEDIUM,0.51938,NORMAL,0.116472,0.141786,8.33,25.79,LOW
TF-2026-0004022,COLLECTION,CUST-01199,CP-00537,CA,DE,EUR,590976.86,2026-06-10,2026-08-24,CLOSED,INDUSTRIAL_EQUIPMENT,3,4,15,0,1,12,HIGH,0.485334,NORMAL,0.461803,0.724448,13.11,52.74,MEDIUM
TF-2026-0004023,EXPORT_LC,CUST-00869,CP-01745,CA,CN,USD,1361483.3,2024-09-14,2024-12-28,SETTLED,AUTO_PARTS,2,6,19,0,1,11,MEDIUM,0.498439,NORMAL,0.246971,0.639313,12.86,41.48,MEDIUM
TF-2026-0004024,GUARANTEE,CUST-01045,CP-00690,CA,GB,USD,672166.68,2025-03-19,2025-05-30,SETTLED,CHEMICALS,0,6,8,0,0,14,LOW,0.521938,NORMAL,0.188942,0.297544,7.27,29.09,LOW
TF-2026-0004025,IMPORT_LC,CUST-00397,CP-01220,CA,US,CAD,1344446.74,2025-07-29,2025-11-03,ACTIVE,ELECTRONICS,4,4,16,0,1,11,HIGH,0.523613,NORMAL,0.234912,0.786673,14.08,58.03,MEDIUM
TF-2026-0004026,GUARANTEE,CUST-00294,CP-02586,CA,FR,JPY,274861.97,2025-04-13,2025-07-12,SETTLED,AGRICULTURE,0,3,3,0,0,3,HIGH,0.557228,NORMAL,0.084062,0.321172,6.24,44.49,MEDIUM
TF-2026-0004027,EXPORT_LC,CUST-00683,CP-02331,CA,BR,EUR,408833.6,2024-11-29,2025-05-06,ACTIVE,AGRICULTURE,2,8,13,0,1,6,HIGH,0.466101,NORMAL,0.372042,0.587024,10.83,42.12,MEDIUM
TF-2026-0004028,EXPORT_LC,CUST-00574,CP-02903,CA,GB,JPY,815521.6,2025-11-18,2026-01-17,ACTIVE,AGRICULTURE,1,6,8,1,0,8,HIGH,0.479131,NORMAL,0.480714,0.336064,8.08,38.48,LOW
TF-2026-0004029,GUARANTEE,CUST-00405,CP-01085,CA,AE,CNY,1563446.39,2025-03-25,2025-06-30,ACTIVE,AGRICULTURE,3,10,7,0,0,10,LOW,0.528412,NORMAL,0.455209,0.485042,9.54,45.41,MEDIUM
TF-2026-0004030,IMPORT_LC,CUST-00484,CP-03159,CA,SG,CNY,189150.45,2024-11-15,2025-03-07,ACTIVE,ELECTRONICS,4,6,12,1,1,9,MEDIUM,0.484448,NORMAL,0.665782,0.690056,11.36,52.47,MEDIUM
TF-2026-0004031,EXPORT_LC,CUST-00703,CP-01509,CA,BR,CAD,509655.52,2025-11-16,2026-02-09,ACTIVE,TEXTILES,5,7,10,0,0,13,HIGH,0.505777,NORMAL,0.496985,0.788133,14.33,61.16,MEDIUM
TF-2026-0004032,IMPORT_LC,CUST-01020,CP-02684,CA,US,EUR,111206.11,2026-08-02,2026-12-20,ACTIVE,TEXTILES,1,10,13,1,1,0,MEDIUM,0.579774,NORMAL,0.366774,0.461135,9.53,55.33,MEDIUM
TF-2026-0004033,GUARANTEE,CUST-00106,CP-00020,CA,BR,CNY,95503.22,2025-10-08,2026-01-15,ACTIVE,TEXTILES,3,10,12,1,1,6,HIGH,0.542562,NORMAL,0.478159,0.647344,11.25,65.07,HIGH
TF-2026-0004034,IMPORT_LC,CUST-00038,CP-02947,CA,AE,EUR,288753.34,2025-02-06,2025-06-30,CLOSED,AUTO_PARTS,0,6,4,1,0,4,MEDIUM,0.509079,NORMAL,0.481593,0.145581,5.14,34.04,LOW
TF-2026-0004035,IMPORT_LC,CUST-01157,CP-00988,CA,CN,GBP,1605521.38,2026-03-15,2026-06-03,CLOSED,TEXTILES,1,5,1,0,0,6,LOW,0.502043,NORMAL,0.214893,0.362135,8.77,26.68,LOW
TF-2026-0004036,EXPORT_LC,CUST-00936,CP-01696,CA,AE,USD,358075.32,2024-11-21,2025-03-03,SETTLED,TEXTILES,1,8,11,0,1,15,HIGH,0.524076,NORMAL,0.272182,0.357635,9.46,44.29,MEDIUM
TF-2026-0004037,COLLECTION,CUST-00357,CP-00600,CA,JP,EUR,115405.94,2026-03-12,2026-08-18,ACTIVE,AGRICULTURE,1,10,2,0,0,5,MEDIUM,0.536688,NORMAL,0.200284,0.257736,7.14,36.77,LOW
TF-2026-0004038,COLLECTION,CUST-00208,CP-02505,CA,US,USD,136343.68,2025-11-30,2026-02-14,CLOSED,TEXTILES,4,9,7,1,0,9,MEDIUM,0.510443,NORMAL,0.702133,0.508037,9.16,53.74,MEDIUM
TF-2026-0004039,COLLECTION,CUST-01063,CP-00290,CA,DE,JPY,2737866.77,2025-10-25,2026-02-04,ACTIVE,TEXTILES,0,5,8,0,0,4,LOW,0.55454,NORMAL,0.175345,0.264656,6.49,34.86,LOW
TF-2026-0004040,COLLECTION,CUST-00119,CP-01427,CA,MX,EUR,1353569.26,2025-06-25,2025-09-16,SETTLED,AGRICULTURE,0,3,3,0,0,12,MEDIUM,0.573395,NORMAL,0.328877,0.175433,3.89,43.69,MEDIUM
TF-2026-0004041,COLLECTION,CUST-01003,CP-02476,CA,DE,USD,306980.59,2026-02-11,2026-07-12,SETTLED,TEXTILES,1,7,7,1,0,0,LOW,0.523213,NORMAL,0.32463,0.197052,7.01,29.95,LOW
TF-2026-0004042,COLLECTION,CUST-00822,CP-02703,CA,SG,JPY,1017989.38,2025-10-06,2025-12-06,CLOSED,INDUSTRIAL_EQUIPMENT,0,6,2,0,0,13,HIGH,0.521577,NORMAL,0.314837,0.186557,4.61,38.89,LOW
TF-2026-0004043,IMPORT_LC,CUST-00679,CP-00018,CA,GB,CNY,196696.59,2025-06-12,2025-08-20,SETTLED,AUTO_PARTS,3,10,9,1,0,14,HIGH,0.541386,NORMAL,0.64842,0.501207,10.55,64.85,MEDIUM
TF-2026-0004044,COLLECTION,CUST-00183,CP-00725,CA,US,CAD,654932.35,2024-10-13,2025-02-26,CLOSED,ELECTRONICS,3,3,13,0,1,12,HIGH,0.515004,NORMAL,0.264658,0.715588,12.8,54.2,MEDIUM
TF-2026-0004045,GUARANTEE,CUST-00180,CP-01108,CA,IN,EUR,3009672.43,2025-08-30,2025-12-24,SETTLED,INDUSTRIAL_EQUIPMENT,3,3,7,0,0,0,LOW,0.607659,HIGH,0.427539,0.347434,7.99,49.49,MEDIUM
TF-2026-0004046,GUARANTEE,CUST-00251,CP-00739,CA,AE,CAD,691434.31,2025-07-25,2025-12-19,SETTLED,AUTO_PARTS,3,4,17,0,1,0,MEDIUM,0.52713,NORMAL,0.587916,0.586852,13.04,57.58,MEDIUM
TF-2026-0004047,EXPORT_LC,CUST-00233,CP-01183,CA,FR,CAD,96244.87,2026-07-20,2026-12-18,ACTIVE,AGRICULTURE,5,3,13,0,1,11,HIGH,0.584096,NORMAL,0.380407,0.744242,13.46,70.9,HIGH
TF-2026-0004048,GUARANTEE,CUST-00533,CP-00772,CA,DE,JPY,232964.25,2024-11-09,2025-04-09,ACTIVE,AUTO_PARTS,5,8,8,0,0,11,MEDIUM,0.50944,NORMAL,0.539891,0.750194,13.65,57.09,MEDIUM
TF-2026-0004049,COLLECTION,CUST-00759,CP-01116,CA,AE,JPY,1458733.03,2026-08-09,2027-01-11,CLOSED,AUTO_PARTS,3,8,14,1,1,11,LOW,0.497318,NORMAL,0.503206,0.675872,12.94,45.14,MEDIUM
TF-2026-0004050,IMPORT_LC,CUST-00501,CP-01689,CA,IN,EUR,1355333.24,2024-09-14,2025-01-04,SETTLED,CHEMICALS,3,8,18,0,1,2,MEDIUM,0.508996,NORMAL,0.5131,0.6672,13.53,53.22,MEDIUM
TF-2026-0004051,COLLECTION,CUST-00860,CP-02499,CA,FR,EUR,1971479.71,2025-03-17,2025-06-08,SETTLED,AGRICULTURE,5,9,14,0,1,15,MEDIUM,0.596197,HIGH,0.584783,0.656908,12.59,69.7,HIGH
TF-2026-0004052,COLLECTION,CUST-00821,CP-01652,CA,FR,JPY,102012.27,2026-02-11,2026-04-12,CLOSED,INDUSTRIAL_EQUIPMENT,5,10,18,1,1,5,MEDIUM,0.579705,NORMAL,0.692104,0.7009,12.82,73.47,HIGH
TF-2026-0004053,GUARANTEE,CUST-00423,CP-02852,CA,CN,JPY,999216.88,2025-07-09,2025-12-09,SETTLED,TEXTILES,3,5,17,0,1,7,MEDIUM,0.477206,NORMAL,0.384217,0.669812,13.39,41.89,MEDIUM
TF-2026-0004054,IMPORT_LC,CUST-00448,CP-00934,CA,CN,USD,475705.61,2024-11-17,2025-01-24,SETTLED,CHEMICALS,3,3,7,0,0,6,LOW,0.503541,NORMAL,0.320417,0.30015,8.74,28.16,LOW
TF-2026-0004055,COLLECTION,CUST-00392,CP-03352,CA,IN,JPY,197896.62,2025-06-04,2025-08-04,SETTLED,INDUSTRIAL_EQUIPMENT,5,3,4,0,0,1,LOW,0.573729,NORMAL,0.384825,0.469106,9.98,50.68,MEDIUM
TF-2026-0004056,IMPORT_LC,CUST-00453,CP-00388,CA,JP,GBP,1139455.0,2025-11-20,2026-04-22,CLOSED,ELECTRONICS,2,5,14,0,1,13,MEDIUM,0.502948,NORMAL,0.238531,0.473498,10.44,36.56,LOW
TF-2026-0004057,COLLECTION,CUST-00393,CP-01009,CA,MX,CNY,318530.25,2026-05-07,2026-07-16,SETTLED,ELECTRONICS,3,5,4,1,0,4,LOW,0.479939,NORMAL,0.598094,0.386702,8.29,33.88,LOW
TF-2026-0004058,EXPORT_LC,CUST-01193,CP-01877,CA,US,USD,797700.84,2026-04-21,2026-07-02,SETTLED,ELECTRONICS,5,7,18,0,1,8,MEDIUM,0.487853,NORMAL,0.363867,0.727438,16.42,45.49,MEDIUM
TF-2026-0004059,GUARANTEE,CUST-00710,CP-00580,CA,FR,CNY,279615.47,2026-03-09,2026-06-12,SETTLED,AGRICULTURE,5,8,21,0,1,2,HIGH,0.518733,NORMAL,0.359341,0.811101,17.05,61.35,MEDIUM
TF-2026-0004060,COLLECTION,CUST-00519,CP-00493,CA,FR,USD,580952.45,2025-05-13,2025-07-17,SETTLED,TEXTILES,0,8,7,0,0,9,MEDIUM,0.504983,NORMAL,0.191172,0.200848,6.92,26.18,LOW
TF-2026-0004061,IMPORT_LC,CUST-00690,CP-00594,CA,FR,CNY,1514221.41,2025-06-21,2025-11-03,SETTLED,AGRICULTURE,0,7,2,0,0,15,HIGH,0.574597,NORMAL,0.170788,0.172873,3.55,43.96,MEDIUM
TF-2026-0004062,COLLECTION,CUST-00805,CP-00974,CA,BR,CAD,358954.18,2026-05-27,2026-09-12,CLOSED,INDUSTRIAL_EQUIPMENT,4,4,11,1,1,6,HIGH,0.492181,NORMAL,0.754784,0.729074,12.35,63.36,MEDIUM
TF-2026-0004063,EXPORT_LC,CUST-00226,CP-02357,CA,GB,CAD,291292.22,2025-05-23,2025-10-07,CLOSED,AUTO_PARTS,2,10,10,0,0,6,MEDIUM,0.502586,NORMAL,0.423421,0.549255,10.38,44.64,MEDIUM
TF-2026-0004064,IMPORT_LC,CUST-00985,CP-01271,CA,FR,CNY,998194.47,2026-04-09,2026-09-27,SETTLED,CHEMICALS,4,6,9,0,0,3,LOW,0.493757,NORMAL,0.408901,0.497246,10.26,35.23,LOW
TF-2026-0004065,IMPORT_LC,CUST-00443,CP-00759,CA,SG,CNY,951216.92,2025-05-20,2025-09-06,ACTIVE,ELECTRONICS,1,4,12,0,1,6,MEDIUM,0.494267,NORMAL,0.151225,0.532515,9.78,33.89,LOW
TF-2026-0004066,EXPORT_LC,CUST-00603,CP-02520,CA,MX,GBP,641058.09,2024-10-23,2024-12-29,CLOSED,CHEMICALS,1,7,9,0,0,5,MEDIUM,0.470979,NORMAL,0.229477,0.225101,8.68,20.65,LOW
TF-2026-0004067,IMPORT_LC,CUST-00475,CP-02320,CA,MX,USD,453073.08,2026-01-19,2026-07-15,CLOSED,INDUSTRIAL_EQUIPMENT,3,10,11,0,1,7,HIGH,0.493404,NORMAL,0.306631,0.673617,10.8,48.26,MEDIUM
TF-2026-0004068,IMPORT_LC,CUST-00842,CP-01941,CA,AE,CAD,190213.28,2025-05-01,2025-07-10,SETTLED,CHEMICALS,1,9,5,1,0,11,HIGH,0.503797,NORMAL,0.291366,0.286489,6.31,36.91,LOW
TF-2026-0004069,IMPORT_LC,CUST-00881,CP-03020,CA,CN,EUR,1458287.55,2024-12-29,2025-05-28,CLOSED,AGRICULTURE,0,10,8,0,0,6,LOW,0.56176,NORMAL,0.139747,0.163454,7.45,31.25,LOW
TF-2026-0004070,IMPORT_LC,CUST-00640,CP-02632,CA,IN,GBP,747301.74,2025-12-14,2026-04-10,ACTIVE,CHEMICALS,2,6,6,0,0,2,HIGH,0.48442,NORMAL,0.214283,0.339202,8.8,31.63,LOW
TF-2026-0004071,EXPORT_LC,CUST-00546,CP-01158,CA,DE,JPY,191427.08,2024-11-27,2025-03-24,SETTLED,AGRICULTURE,3,3,10,1,0,11,LOW,0.531622,NORMAL,0.542493,0.55177,10.96,51.14,MEDIUM
TF-2026-0004072,COLLECTION,CUST-00500,CP-01585,CA,IN,CNY,175060.52,2025-06-27,2025-10-22,ACTIVE,TEXTILES,5,3,8,0,0,4,LOW,0.559726,NORMAL,0.40787,0.543611,10.96,52.34,MEDIUM
TF-2026-0004073,IMPORT_LC,CUST-00779,CP-00479,CA,BR,JPY,1565176.21,2026-01-22,2026-07-03,ACTIVE,INDUSTRIAL_EQUIPMENT,5,4,15,0,1,5,MEDIUM,0.538965,NORMAL,0.446657,0.819547,14.82,64.39,MEDIUM
TF-2026-0004074,EXPORT_LC,CUST-00075,CP-00086,CA,BR,USD,1212916.35,2025-05-08,2025-07-29,CLOSED,AGRICULTURE,0,4,4,0,0,10,HIGH,0.532308,NORMAL,0.10186,0.197034,5.33,35.7,LOW
TF-2026-0004075,EXPORT_LC,CUST-00492,CP-01263,CA,DE,USD,3324551.89,2025-02-10,2025-07-23,SETTLED,CHEMICALS,3,4,4,0,0,1,MEDIUM,0.567142,NORMAL,0.399666,0.424517,7.79,53.89,MEDIUM
TF-2026-0004076,COLLECTION,CUST-00187,CP-00594,CA,FR,CAD,2215738.14,2025-08-03,2026-01-03,SETTLED,AGRICULTURE,0,4,4,0,0,15,MEDIUM,0.59699,HIGH,0.195635,0.139027,4.49,39.93,LOW
TF-2026-0004077,GUARANTEE,CUST-00081,CP-01620,CA,BR,USD,341374.38,2026-04-27,2026-09-21,SETTLED,CHEMICALS,5,6,10,0,0,1,LOW,0.523404,NORMAL,0.435498,0.680527,12.53,50.28,MEDIUM
TF-2026-0004078,IMPORT_LC,CUST-01138,CP-02485,CA,JP,EUR,188067.43,2024-09-18,2024-12-15,ACTIVE,AUTO_PARTS,1,6,6,0,0,3,HIGH,0.494141,NORMAL,0.224117,0.181493,7.03,28.76,LOW
TF-2026-0004079,GUARANTEE,CUST-00851,CP-00369,CA,IN,GBP,274601.75,2026-03-19,2026-08-11,SETTLED,CHEMICALS,0,8,4,0,0,7,MEDIUM,0.506334,NORMAL,0.200871,0.245826,7.38,28.43,LOW
TF-2026-0004080,EXPORT_LC,CUST-00774,CP-02618,CA,CN,USD,1445400.32,2025-10-26,2026-04-09,SETTLED,CHEMICALS,0,5,9,0,0,1,LOW,0.549441,NORMAL,0.142253,0.251316,8.21,32.47,LOW
TF-2026-0004081,EXPORT_LC,CUST-00344,CP-00700,CA,FR,EUR,1929244.09,2025-11-09,2026-04-30,ACTIVE,CHEMICALS,4,4,4,0,0,10,HIGH,0.538181,NORMAL,0.346061,0.448183,8.94,53.2,MEDIUM
TF-2026-0004082,COLLECTION,CUST-01026,CP-02241,CA,DE,CAD,212317.68,2026-03-13,2026-06-26,SETTLED,TEXTILES,1,8,2,0,0,1,LOW,0.51253,NORMAL,0.179613,0.146648,4.69,21.0,LOW
TF-2026-0004083,COLLECTION,CUST-01142,CP-01897,CA,CN,CNY,165845.05,2025-03-08,2025-07-11,ACTIVE,ELECTRONICS,2,6,6,0,0,9,HIGH,0.486591,NORMAL,0.204676,0.35704,8.61,32.45,LOW
TF-2026-0004084,EXPORT_LC,CUST-00864,CP-01890,CA,BR,EUR,256355.44,2024-12-30,2025-03-19,SETTLED,ELECTRONICS,5,8,8,0,0,14,LOW,0.531883,NORMAL,0.535455,0.591507,11.27,52.4,MEDIUM
TF-2026-0004085,EXPORT_LC,CUST-01188,CP-02922,CA,FR,JPY,117128.23,2025-03-28,2025-07-15,SETTLED,TEXTILES,3,5,12,0,1,1,HIGH,0.526603,NORMAL,0.369862,0.632701,11.01,57.55,MEDIUM
TF-2026-0004086,EXPORT_LC,CUST-00792,CP-01754,CA,SG,USD,3439130.96,2026-03-29,2026-06-01,SETTLED,ELECTRONICS,3,3,15,0,1,9,MEDIUM,0.57532,NORMAL,0.35687,0.662739,12.56,61.74,MEDIUM
TF-2026-0004087,GUARANTEE,CUST-00476,CP-02995,CA,BR,GBP,1808424.63,2025-12-03,2026-04-12,CLOSED,AUTO_PARTS,4,3,13,1,1,13,MEDIUM,0.573743,NORMAL,0.353778,0.793072,13.75,66.09,HIGH
TF-2026-0004088,EXPORT_LC,CUST-00048,CP-01878,CA,MX,JPY,164528.57,2025-10-22,2026-01-02,SETTLED,AUTO_PARTS,4,6,5,1,0,7,LOW,0.491183,NORMAL,0.747967,0.622771,10.2,49.17,MEDIUM
TF-2026-0004089,EXPORT_LC,CUST-00160,CP-02154,CA,CN,GBP,104266.11,2026-04-13,2026-08-31,SETTLED,CHEMICALS,3,8,16,0,1,9,LOW,0.494689,NORMAL,0.279947,0.486841,9.85,31.22,LOW
TF-2026-0004090,IMPORT_LC,CUST-00884,CP-02939,CA,MX,JPY,1742403.41,2025-10-23,2026-04-04,ACTIVE,INDUSTRIAL_EQUIPMENT,1,8,13,0,1,15,LOW,0.55793,NORMAL,0.186205,0.42749,10.11,41.41,MEDIUM
TF-2026-0004091,EXPORT_LC,CUST-00116,CP-00166,CA,DE,GBP,243729.65,2025-09-09,2026-03-02,CLOSED,AUTO_PARTS,2,3,7,0,0,9,HIGH,0.523655,NORMAL,0.237106,0.347214,7.91,42.75,MEDIUM
TF-2026-0004092,COLLECTION,CUST-00746,CP-02811,CA,BR,GBP,663506.4,2026-05-23,2026-09-19,ACTIVE,TEXTILES,2,6,3,0,0,0,LOW,0.522015,NORMAL,0.332818,0.35431,7.8,35.42,LOW
TF-2026-0004093,COLLECTION,CUST-01165,CP-01825,CA,IN,EUR,669799.52,2025-05-09,2025-09-20,SETTLED,AUTO_PARTS,1,8,6,0,0,14,LOW,0.501664,NORMAL,0.235532,0.144952,7.08,19.61,LOW
TF-2026-0004094,EXPORT_LC,CUST-00043,CP-02257,CA,SG,CAD,1933392.55,2026-04-18,2026-07-10,SETTLED,ELECTRONICS,4,9,9,0,0,11,MEDIUM,0.528108,NORMAL,0.327375,0.559245,11.99,49.09,MEDIUM
TF-2026-0004095,COLLECTION,CUST-00662,CP-01174,CA,DE,CAD,48740.67,2025-03-03,2025-08-07,ACTIVE,CHEMICALS,1,9,10,0,0,7,MEDIUM,0.55903,NORMAL,0.292113,0.187844,7.78,41.33,MEDIUM
TF-2026-0004096,COLLECTION,CUST-00498,CP-02792,CA,CN,CAD,2856414.72,2026-05-10,2026-07-17,ACTIVE,AUTO_PARTS,2,7,1,0,0,11,HIGH,0.528309,NORMAL,0.21713,0.324774,6.22,42.62,MEDIUM
TF-2026-0004097,COLLECTION,CUST-00543,CP-01594,CA,IN,USD,900291.76,2025-11-27,2026-04-26,SETTLED,AUTO_PARTS,0,6,6,0,0,13,MEDIUM,0.51663,NORMAL,0.32362,0.195872,6.34,33.26,LOW
TF-2026-0004098,IMPORT_LC,CUST-00053,CP-01186,CA,BR,GBP,100822.93,2026-05-31,2026-09-23,CLOSED,ELECTRONICS,2,3,10,0,0,5,MEDIUM,0.554089,NORMAL,0.278813,0.352631,8.55,45.98,MEDIUM
TF-2026-0004099,IMPORT_LC,CUST-01066,CP-03409,CA,GB,GBP,556686.26,2025-10-05,2026-01-14,SETTLED,ELECTRONICS,0,10,3,0,0,12,LOW,0.543494,NORMAL,0.196023,0.219003,4.77,31.8,LOW
TF-2026-0004100,EXPORT_LC,CUST-00877,CP-01621,CA,JP,USD,69633.07,2025-08-04,2025-11-03,ACTIVE,AUTO_PARTS,3,7,6,0,0,2,LOW,0.540709,NORMAL,0.345082,0.422196,8.63,42.81,MEDIUM
TF-2026-0004101,GUARANTEE,CUST-00577,CP-02746,CA,AE,USD,176242.26,2024-08-15,2025-01-20,CLOSED,AGRICULTURE,5,3,20,1,1,6,MEDIUM,0.557304,NORMAL,0.700797,0.715348,16.25,71.81,HIGH
TF-2026-0004102,GUARANTEE,CUST-01030,CP-02128,CA,SG,CNY,1359819.31,2024-08-21,2025-01-24,ACTIVE,ELECTRONICS,0,5,1,0,0,5,MEDIUM,0.519084,NORMAL,0.08129,0.293468,4.55,29.97,LOW
TF-2026-0004103,COLLECTION,CUST-00536,CP-00274,CA,CN,JPY,38423.46,2025-04-23,2025-08-31,ACTIVE,TEXTILES,5,10,5,1,0,13,LOW,0.622053,HIGH,0.757841,0.609557,10.74,68.9,HIGH
TF-2026-0004104,COLLECTION,CUST-00113,CP-02260,CA,AE,JPY,826937.22,2026-01-14,2026-06-11,SETTLED,INDUSTRIAL_EQUIPMENT,3,3,9,1,0,2,MEDIUM,0.529986,NORMAL,0.456616,0.484607,9.56,50.85,MEDIUM
TF-2026-0004105,COLLECTION,CUST-00733,CP-00286,CA,IN,JPY,2775018.22,2025-10-23,2026-01-09,CLOSED,ELECTRONICS,2,7,6,0,0,1,LOW,0.53916,NORMAL,0.324882,0.312944,7.91,38.07,LOW
TF-2026-0004106,EXPORT_LC,CUST-00727,CP-00348,CA,DE,EUR,266249.37,2025-10-14,2026-02-05,ACTIVE,TEXTILES,0,6,10,0,0,9,MEDIUM,0.500103,NORMAL,0.144985,0.190309,8.63,23.13,LOW
TF-2026-0004107,EXPORT_LC,CUST-00998,CP-00275,CA,CN,CAD,57102.48,2024-10-17,2025-02-05,SETTLED,AGRICULTURE,0,9,3,0,0,4,MEDIUM,0.583514,NORMAL,0.241869,0.191262,5.32,42.35,MEDIUM
TF-2026-0004108,IMPORT_LC,CUST-00819,CP-00567,CA,MX,USD,188225.34,2026-04-29,2026-08-10,SETTLED,CHEMICALS,5,4,10,0,0,4,MEDIUM,0.526522,NORMAL,0.521947,0.529145,13.64,53.45,MEDIUM
TF-2026-0004109,COLLECTION,CUST-00191,CP-01115,CA,IN,GBP,1471684.17,2026-03-05,2026-05-06,SETTLED,AGRICULTURE,1,3,6,0,0,15,LOW,0.586802,NORMAL,0.13759,0.252926,8.01,36.6,LOW
TF-2026-0004110,EXPORT_LC,CUST-00578,CP-02589,CA,CN,JPY,394148.18,2024-11-20,2025-04-10,SETTLED,INDUSTRIAL_EQUIPMENT,5,8,15,1,1,1,LOW,0.53187,NORMAL,0.534195,0.771461,14.08,58.65,MEDIUM
TF-2026-0004111,EXPORT_LC,CUST-01164,CP-03405,CA,AE,USD,458406.6,2026-07-02,2026-10-09,SETTLED,AGRICULTURE,1,6,2,0,0,8,MEDIUM,0.471282,NORMAL,0.264966,0.296964,6.08,24.28,LOW
TF-2026-0004112,IMPORT_LC,CUST-00996,CP-03415,CA,CN,CAD,218530.11,2026-06-25,2026-11-07,CLOSED,ELECTRONICS,3,4,14,0,1,12,HIGH,0.495526,NORMAL,0.29516,0.655781,11.83,47.8,MEDIUM
TF-2026-0004113,GUARANTEE,CUST-00082,CP-00093,CA,AE,USD,1698906.11,2025-10-03,2025-12-16,SETTLED,ELECTRONICS,4,8,11,0,1,15,HIGH,0.563577,NORMAL,0.386454,0.623454,12.53,64.98,MEDIUM
TF-2026-0004114,EXPORT_LC,CUST-00080,CP-00772,CA,DE,JPY,72277.55,2026-04-02,2026-08-30,ACTIVE,TEXTILES,3,4,6,0,0,11,HIGH,0.540617,NORMAL,0.462649,0.454574,8.43,57.44,MEDIUM
TF-2026-0004115,EXPORT_LC,CUST-01188,CP-00872,CA,US,JPY,7470879.78,2024-09-11,2025-01-23,SETTLED,TEXTILES,4,5,8,1,0,13,HIGH,0.597096,HIGH,0.300357,0.492266,11.07,60.45,MEDIUM
TF-2026-0004116,COLLECTION,CUST-01166,CP-03048,CA,BR,CAD,1000107.59,2026-02-25,2026-05-27,SETTLED,AGRICULTURE,0,10,2,0,0,8,HIGH,0.5473,NORMAL,0.168108,0.191356,5.32,40.77,MEDIUM
TF-2026-0004117,IMPORT_LC,CUST-00302,CP-00627,CA,DE,EUR,1300690.31,2025-03-17,2025-06-05,CLOSED,AGRICULTURE,0,5,9,0,0,0,MEDIUM,0.56526,NORMAL,0.30584,0.216154,7.01,43.56,MEDIUM
TF-2026-0004118,IMPORT_LC,CUST-00124,CP-01889,CA,IN,GBP,85622.42,2024-12-22,2025-05-12,CLOSED,TEXTILES,4,3,7,0,0,3,HIGH,0.570424,NORMAL,0.427166,0.46368,9.74,61.48,MEDIUM
TF-2026-0004119,COLLECTION,CUST-00355,CP-01362,CA,AE,USD,1057693.82,2024-12-30,2025-04-05,CLOSED,ELECTRONICS,0,7,3,1,0,9,MEDIUM,0.515392,NORMAL,0.56356,0.200095,5.64,40.25,MEDIUM
TF-2026-0004120,EXPORT_LC,CUST-00416,CP-01023,CA,AE,USD,763813.17,2026-05-17,2026-08-23,CLOSED,CHEMICALS,1,5,6,0,0,0,LOW,0.528366,NORMAL,0.332943,0.29067,6.66,34.93,LOW
TF-2026-0004121,GUARANTEE,CUST-00718,CP-02828,CA,MX,USD,371113.82,2026-06-23,2026-09-09,CLOSED,INDUSTRIAL_EQUIPMENT,0,4,6,1,0,12,MEDIUM,0.521042,NORMAL,0.531551,0.131374,5.32,38.3,LOW
TF-2026-0004122,IMPORT_LC,CUST-00802,CP-01399,CA,JP,EUR,216740.86,2026-02-23,2026-05-13,ACTIVE,INDUSTRIAL_EQUIPMENT,1,4,3,0,0,13,HIGH,0.506633,NORMAL,0.204415,0.190675,5.94,31.69,LOW
TF-2026-0004123,COLLECTION,CUST-00939,CP-00613,CA,GB,EUR,603256.88,2026-06-24,2026-10-03,ACTIVE,TEXTILES,4,8,12,1,1,10,LOW,0.474863,NORMAL,0.530714,0.76399,12.96,44.17,MEDIUM
TF-2026-0004124,COLLECTION,CUST-00859,CP-01628,CA,FR,CAD,377608.94,2026-06-08,2026-08-08,SETTLED,TEXTILES,3,7,16,0,1,12,MEDIUM,0.476093,NORMAL,0.347855,0.697515,13.43,41.6,MEDIUM
TF-2026-0004125,COLLECTION,CUST-00132,CP-02331,CA,BR,CAD,1658755.83,2025-09-15,2026-02-21,ACTIVE,ELECTRONICS,5,10,21,0,1,6,HIGH,0.568245,NORMAL,0.447983,0.790091,18.0,73.29,HIGH
TF-2026-0004126,IMPORT_LC,CUST-00661,CP-00824,CA,MX,EUR,266851.14,2026-01-17,2026-05-25,CLOSED,INDUSTRIAL_EQUIPMENT,5,5,4,0,0,8,MEDIUM,0.497774,NORMAL,0.622641,0.50987,10.15,48.06,MEDIUM
TF-2026-0004127,IMPORT_LC,CUST-00994,CP-01831,CA,US,JPY,249613.16,2025-06-12,2025-10-06,SETTLED,AGRICULTURE,0,10,6,0,0,11,MEDIUM,0.541584,NORMAL,0.146584,0.149321,6.42,32.51,LOW
TF-2026-0004128,IMPORT_LC,CUST-00483,CP-01925,CA,DE,USD,734308.14,2026-05-20,2026-09-19,ACTIVE,ELECTRONICS,3,3,6,1,0,4,LOW,0.51365,NORMAL,0.380749,0.531906,9.61,40.83,MEDIUM
TF-2026-0004129,GUARANTEE,CUST-00187,CP-01064,CA,DE,JPY,399931.29,2025-12-10,2026-05-24,ACTIVE,TEXTILES,2,7,10,0,0,11,MEDIUM,0.470801,NORMAL,0.32422,0.349811,10.35,27.84,LOW
TF-2026-0004130,COLLECTION,CUST-00066,CP-01608,CA,FR,GBP,1605907.76,2025-05-10,2025-08-27,CLOSED,AUTO_PARTS,0,6,5,0,0,10,HIGH,0.526273,NORMAL,0.138862,0.173864,5.97,34.46,LOW
TF-2026-0004131,EXPORT_LC,CUST-01174,CP-00569,CA,FR,CAD,43347.0,2026-03-04,2026-08-18,SETTLED,CHEMICALS,5,8,15,1,1,12,MEDIUM,0.590588,HIGH,0.665596,0.774726,13.77,75.93,HIGH
TF-2026-0004132,IMPORT_LC,CUST-00630,CP-03240,CA,AE,USD,844073.09,2024-12-23,2025-05-11,ACTIVE,TEXTILES,3,8,7,1,0,10,MEDIUM,0.47194,NORMAL,0.490328,0.565936,10.66,40.57,MEDIUM
TF-2026-0004133,EXPORT_LC,CUST-00724,CP-02884,CA,SG,CNY,126503.61,2024-11-29,2025-04-04,SETTLED,TEXTILES,2,9,5,1,0,8,MEDIUM,0.50412,NORMAL,0.525768,0.579017,10.45,49.28,MEDIUM
TF-2026-0004134,IMPORT_LC,CUST-00227,CP-00587,CA,FR,EUR,256728.67,2025-12-02,2026-03-11,ACTIVE,AGRICULTURE,4,8,11,0,1,9,HIGH,0.473372,NORMAL,0.413773,0.696523,10.16,48.09,MEDIUM
TF-2026-0004135,COLLECTION,CUST-00096,CP-01276,CA,CN,EUR,598314.05,2024-12-24,2025-03-23,ACTIVE,INDUSTRIAL_EQUIPMENT,2,7,14,0,1,3,LOW,0.471711,NORMAL,0.27003,0.610099,11.78,30.44,LOW
TF-2026-0004136,COLLECTION,CUST-01122,CP-00182,CA,SG,GBP,416647.53,2025-11-28,2026-05-27,SETTLED,TEXTILES,4,7,14,0,1,15,LOW,0.522782,NORMAL,0.371969,0.768611,14.68,51.26,MEDIUM
TF-2026-0004137,IMPORT_LC,CUST-00641,CP-00781,CA,GB,GBP,472490.05,2024-10-09,2025-03-09,ACTIVE,TEXTILES,3,5,2,0,0,11,MEDIUM,0.474918,NORMAL,0.423469,0.464623,6.59,35.49,LOW
TF-2026-0004138,COLLECTION,CUST-00464,CP-02412,CA,US,GBP,6828734.32,2026-07-27,2026-12-01,CLOSED,ELECTRONICS,4,7,21,0,1,11,HIGH,0.572713,NORMAL,0.233454,0.763426,14.65,66.31,HIGH
TF-2026-0004139,IMPORT_LC,CUST-00454,CP-02588,CA,BR,EUR,244556.65,2025-08-09,2025-11-03,ACTIVE,AGRICULTURE,2,10,5,0,0,3,LOW,0.509296,NORMAL,0.261716,0.351016,7.41,29.7,LOW
TF-2026-0004140,COLLECTION,CUST-01116,CP-02888,CA,GB,CNY,354611.56,2025-07-13,2025-09-12,ACTIVE,TEXTILES,3,4,14,0,1,14,HIGH,0.505675,NORMAL,0.338259,0.63497,11.2,51.01,MEDIUM
TF-2026-0004141,EXPORT_LC,CUST-00984,CP-02779,CA,BR,USD,962671.17,2025-06-27,2025-10-08,SETTLED,AUTO_PARTS,1,5,13,0,1,13,HIGH,0.501559,NORMAL,0.215564,0.376513,8.65,37.07,LOW
TF-2026-0004142,GUARANTEE,CUST-00544,CP-01812,CA,FR,CNY,810858.45,2025-07-14,2025-10-04,CLOSED,INDUSTRIAL_EQUIPMENT,4,3,6,1,0,8,MEDIUM,0.515735,NORMAL,0.651371,0.71674,12.53,61.05,MEDIUM
TF-2026-0004143,GUARANTEE,CUST-00096,CP-00018,CA,GB,CNY,708170.83,2025-10-01,2026-03-13,SETTLED,ELECTRONICS,5,3,11,0,1,14,LOW,0.575608,NORMAL,0.31107,0.813771,12.51,60.69,MEDIUM
TF-2026-0004144,COLLECTION,CUST-00190,CP-01773,CA,BR,EUR,520800.32,2025-05-22,2025-10-20,ACTIVE,CHEMICALS,1,5,8,0,0,1,MEDIUM,0.501999,NORMAL,0.155771,0.229046,7.59,25.23,LOW
TF-2026-0004145,COLLECTION,CUST-00893,CP-00029,CA,FR,GBP,4381203.13,2025-04-14,2025-08-05,SETTLED,AUTO_PARTS,2,6,15,0,1,4,MEDIUM,0.564735,NORMAL,0.185444,0.34708,9.0,44.45,MEDIUM
TF-2026-0004146,COLLECTION,CUST-00985,CP-00979,CA,GB,EUR,1592304.94,2025-02-08,2025-05-24,SETTLED,ELECTRONICS,0,10,8,0,0,4,LOW,0.569219,NORMAL,0.198287,0.214257,5.51,35.77,LOW
TF-2026-0004147,GUARANTEE,CUST-00087,CP-00232,CA,IN,JPY,775532.36,2025-11-11,2026-04-18,CLOSED,ELECTRONICS,0,10,2,0,0,5,HIGH,0.542745,NORMAL,0.100447,0.168958,4.12,37.03,LOW
TF-2026-0004148,COLLECTION,CUST-00291,CP-00070,CA,SG,JPY,1699611.35,2025-06-23,2025-10-09,ACTIVE,AGRICULTURE,3,5,13,0,1,9,MEDIUM,0.500839,NORMAL,0.347371,0.648184,12.18,45.37,MEDIUM
TF-2026-0004149,COLLECTION,CUST-00476,CP-02401,CA,GB,USD,239364.63,2026-04-07,2026-08-02,ACTIVE,AUTO_PARTS,4,10,15,0,1,12,MEDIUM,0.525246,NORMAL,0.452843,0.780283,15.1,59.82,MEDIUM
TF-2026-0004150,EXPORT_LC,CUST-00665,CP-02686,CA,GB,USD,221125.83,2025-09-18,2025-12-12,ACTIVE,AUTO_PARTS,5,8,14,0,1,11,MEDIUM,0.511806,NORMAL,0.579616,0.737043,14.08,58.45,MEDIUM
TF-2026-0004151,GUARANTEE,CUST-00199,CP-01456,CA,IN,JPY,977745.9,2025-03-07,2025-05-30,CLOSED,CHEMICALS,1,9,5,0,0,8,MEDIUM,0.496997,NORMAL,0.216974,0.299442,8.09,28.3,LOW
TF-2026-0004152,GUARANTEE,CUST-00593,CP-01995,CA,SG,JPY,342080.91,2025-11-09,2026-04-11,CLOSED,AGRICULTURE,4,8,15,0,1,10,MEDIUM,0.479268,NORMAL,0.367745,0.773708,13.59,45.43,MEDIUM
TF-2026-0004153,COLLECTION,CUST-00183,CP-02454,CA,SG,JPY,184774.19,2024-11-05,2025-02-04,CLOSED,ELECTRONICS,0,8,13,0,1,4,HIGH,0.527951,NORMAL,0.143021,0.501745,9.07,46.48,MEDIUM
TF-2026-0004154,EXPORT_LC,CUST-00697,CP-00497,CA,SG,CNY,976699.8,2026-06-04,2026-09-18,CLOSED,CHEMICALS,2,6,11,0,1,15,LOW,0.531228,NORMAL,0.288433,0.598899,9.44,45.12,MEDIUM
TF-2026-0004155,GUARANTEE,CUST-00727,CP-02668,CA,MX,USD,1290623.23,2025-06-02,2025-08-23,CLOSED,ELECTRONICS,4,5,6,0,0,14,MEDIUM,0.53505,NORMAL,0.530808,0.542296,9.7,56.29,MEDIUM
TF-2026-0004156,EXPORT_LC,CUST-00006,CP-01025,CA,MX,USD,1794665.4,2026-02-19,2026-06-26,SETTLED,AGRICULTURE,5,10,15,0,1,14,HIGH,0.595045,HIGH,0.429172,0.753858,14.08,73.39,HIGH
TF-2026-0004157,EXPORT_LC,CUST-00236,CP-02837,CA,GB,USD,155320.42,2025-10-01,2025-12-13,SETTLED,AUTO_PARTS,2,5,11,0,1,2,MEDIUM,0.505582,NORMAL,0.430338,0.621151,10.61,48.27,MEDIUM
TF-2026-0004158,GUARANTEE,CUST-00526,CP-00110,CA,GB,CNY,294728.1,2025-10-04,2026-02-07,CLOSED,AGRICULTURE,2,9,7,0,0,9,HIGH,0.481998,NORMAL,0.195849,0.337458,9.22,30.47,LOW
TF-2026-0004159,COLLECTION,CUST-00841,CP-01855,CA,IN,JPY,2045977.18,2025-04-15,2025-07-19,CLOSED,INDUSTRIAL_EQUIPMENT,0,4,1,0,0,3,HIGH,0.557829,NORMAL,0.22582,0.320548,6.12,48.84,MEDIUM
TF-2026-0004160,IMPORT_LC,CUST-00384,CP-00736,CA,CN,GBP,322223.72,2025-09-10,2025-12-06,ACTIVE,AUTO_PARTS,0,10,6,0,0,12,MEDIUM,0.544423,NORMAL,0.193698,0.128135,6.24,33.72,LOW
TF-2026-0004161,IMPORT_LC,CUST-00795,CP-01712,CA,IN,CNY,463810.84,2026-05-21,2026-08-08,CLOSED,TEXTILES,5,5,11,0,1,12,LOW,0.509448,NORMAL,0.41062,0.784526,13.23,49.42,MEDIUM
TF-2026-0004162,GUARANTEE,CUST-00858,CP-02377,CA,BR,EUR,327562.6,2025-12-12,2026-05-14,ACTIVE,CHEMICALS,0,3,2,0,0,8,LOW,0.545295,NORMAL,0.254695,0.203861,4.11,33.34,LOW
TF-2026-0004163,IMPORT_LC,CUST-00256,CP-00971,CA,BR,EUR,168267.3,2026-08-10,2026-12-01,CLOSED,TEXTILES,2,4,12,0,1,3,LOW,0.504626,NORMAL,0.30391,0.583073,10.63,37.89,LOW
TF-2026-0004164,GUARANTEE,CUST-00522,CP-02864,CA,US,JPY,582681.45,2025-02-15,2025-08-01,ACTIVE,INDUSTRIAL_EQUIPMENT,1,10,6,0,0,10,MEDIUM,0.513345,NORMAL,0.112498,0.178727,6.85,25.32,LOW
TF-2026-0004165,IMPORT_LC,CUST-01078,CP-03211,CA,DE,EUR,695856.17,2025-09-11,2025-12-30,CLOSED,AUTO_PARTS,5,7,4,0,0,15,MEDIUM,0.537087,NORMAL,0.55023,0.565193,9.82,58.15,MEDIUM
TF-2026-0004166,EXPORT_LC,CUST-00316,CP-01203,CA,GB,GBP,497698.48,2025-09-03,2026-02-27,SETTLED,TEXTILES,0,6,10,1,0,2,MEDIUM,0.512395,NORMAL,0.426509,0.169076,6.33,34.15,LOW
TF-2026-0004167,IMPORT_LC,CUST-00348,CP-00807,CA,DE,CNY,982808.22,2024-08-31,2025-02-08,CLOSED,CHEMICALS,3,10,7,1,0,15,LOW,0.558335,NORMAL,0.622562,0.450938,9.71,55.37,MEDIUM
TF-2026-0004168,COLLECTION,CUST-00471,CP-00311,CA,AE,CNY,3454022.82,2024-11-06,2025-04-26,ACTIVE,TEXTILES,3,4,4,0,0,2,LOW,0.566011,NORMAL,0.435119,0.53685,9.43,53.76,MEDIUM
TF-2026-0004169,COLLECTION,CUST-00090,CP-03079,CA,IN,JPY,693179.85,2025-04-01,2025-08-06,SETTLED,ELECTRONICS,2,8,11,0,1,2,LOW,0.489817,NORMAL,0.194054,0.337565,9.18,22.18,LOW
TF-2026-0004170,GUARANTEE,CUST-00469,CP-00820,CA,SG,EUR,232327.01,2026-01-02,2026-06-16,ACTIVE,INDUSTRIAL_EQUIPMENT,4,3,16,0,1,13,LOW,0.538206,NORMAL,0.47924,0.724063,14.01,56.85,MEDIUM
TF-2026-0004171,IMPORT_LC,CUST-00635,CP-01903,CA,DE,CNY,940656.39,2026-01-29,2026-04-27,CLOSED,AGRICULTURE,3,6,5,0,0,3,MEDIUM,0.485474,NORMAL,0.351192,0.617842,10.77,40.73,MEDIUM
TF-2026-0004172,GUARANTEE,CUST-00419,CP-00232,CA,IN,CNY,2174557.8,2024-09-18,2024-11-20,ACTIVE,ELECTRONICS,5,6,7,0,0,5,LOW,0.540036,NORMAL,0.613423,0.459613,9.81,52.05,MEDIUM
TF-2026-0004173,GUARANTEE,CUST-00765,CP-01512,CA,MX,GBP,3835681.36,2026-07-07,2026-11-21,SETTLED,TEXTILES,1,5,8,0,0,8,HIGH,0.550655,NORMAL,0.217052,0.21451,7.58,43.67,MEDIUM
TF-2026-0004174,IMPORT_LC,CUST-00381,CP-02598,CA,SG,CNY,200276.15,2026-07-21,2026-12-20,ACTIVE,INDUSTRIAL_EQUIPMENT,3,7,11,0,1,11,MEDIUM,0.478293,NORMAL,0.496906,0.641986,11.33,44.51,MEDIUM
TF-2026-0004175,GUARANTEE,CUST-00725,CP-00129,CA,CN,CAD,681047.62,2025-04-20,2025-09-21,CLOSED,AGRICULTURE,5,6,12,0,1,10,LOW,0.496152,NORMAL,0.45996,0.83297,13.78,49.1,MEDIUM
TF-2026-0004176,IMPORT_LC,CUST-00949,CP-00647,CA,JP,CAD,2249231.49,2025-04-29,2025-10-09,CLOSED,AGRICULTURE,4,3,8,0,0,8,HIGH,0.556733,NORMAL,0.291243,0.470713,10.26,55.86,MEDIUM
TF-2026-0004177,COLLECTION,CUST-00625,CP-01786,CA,MX,USD,98568.53,2025-01-03,2025-03-22,CLOSED,AGRICULTURE,2,4,10,0,0,11,HIGH,0.532731,NORMAL,0.157748,0.294155,10.03,40.86,MEDIUM
TF-2026-0004178,EXPORT_LC,CUST-00188,CP-01761,CA,AE,USD,829791.57,2025-03-29,2025-07-25,SETTLED,ELECTRONICS,4,10,18,0,1,12,HIGH,0.522682,NORMAL,0.391906,0.809117,16.31,63.25,MEDIUM
TF-2026-0004179,COLLECTION,CUST-01012,CP-01561,CA,IN,GBP,324564.4,2024-08-31,2024-12-24,SETTLED,TEXTILES,4,9,12,0,1,2,MEDIUM,0.510394,NORMAL,0.43174,0.695365,14.19,52.16,MEDIUM
TF-2026-0004180,IMPORT_LC,CUST-00474,CP-00135,CA,MX,CAD,1000370.07,2026-05-10,2026-10-27,CLOSED,ELECTRONICS,0,4,8,0,0,15,HIGH,0.575811,NORMAL,0.30061,0.216599,6.55,49.52,MEDIUM
TF-2026-0004181,EXPORT_LC,CUST-00562,CP-02919,CA,JP,CAD,1396652.28,2025-01-26,2025-05-16,ACTIVE,TEXTILES,3,7,7,0,0,1,HIGH,0.515517,NORMAL,0.320723,0.516925,10.91,49.1,MEDIUM
TF-2026-0004182,COLLECTION,CUST-00727,CP-02116,CA,BR,EUR,669113.93,2026-02-23,2026-06-18,SETTLED,ELECTRONICS,3,4,6,1,0,4,MEDIUM,0.482154,NORMAL,0.680651,0.392817,9.38,41.99,MEDIUM
TF-2026-0004183,EXPORT_LC,CUST-00655,CP-01514,CA,SG,CAD,66497.98,2026-01-27,2026-07-21,CLOSED,INDUSTRIAL_EQUIPMENT,1,4,10,0,0,4,LOW,0.552457,NORMAL,0.300402,0.237958,8.98,37.35,LOW
TF-2026-0004184,IMPORT_LC,CUST-00293,CP-02530,CA,US,JPY,2426436.16,2025-09-10,2025-11-21,ACTIVE,AGRICULTURE,4,3,10,0,0,4,HIGH,0.568923,NORMAL,0.323884,0.499219,11.53,59.48,MEDIUM
TF-2026-0004185,EXPORT_LC,CUST-00309,CP-03213,CA,AE,EUR,173271.47,2024-12-27,2025-05-03,SETTLED,CHEMICALS,5,9,15,0,1,7,MEDIUM,0.530632,NORMAL,0.65396,0.810289,13.85,68.35,HIGH
TF-2026-0004186,IMPORT_LC,CUST-00021,CP-00745,CA,JP,CNY,976155.63,2025-04-19,2025-09-23,SETTLED,AUTO_PARTS,2,7,10,0,0,7,LOW,0.471102,NORMAL,0.227173,0.401469,10.36,21.78,LOW
TF-2026-0004187,IMPORT_LC,CUST-01157,CP-02087,CA,BR,CAD,19490.99,2024-09-27,2025-01-31,CLOSED,ELECTRONICS,3,5,10,0,0,5,LOW,0.579675,NORMAL,0.454523,0.34375,10.15,48.84,MEDIUM
TF-2026-0004188,EXPORT_LC,CUST-00050,CP-01890,CA,BR,JPY,403505.02,2026-06-19,2026-10-16,CLOSED,CHEMICALS,3,4,9,0,0,14,MEDIUM,0.503498,NORMAL,0.32144,0.619857,11.63,44.36,MEDIUM
TF-2026-0004189,EXPORT_LC,CUST-00931,CP-01618,CA,MX,EUR,226045.06,2025-12-14,2026-04-29,CLOSED,INDUSTRIAL_EQUIPMENT,2,10,14,1,1,9,MEDIUM,0.505276,NORMAL,0.375513,0.457198,10.07,40.76,MEDIUM
TF-2026-0004190,EXPORT_LC,CUST-00663,CP-02770,CA,IN,JPY,391339.72,2025-01-05,2025-06-17,ACTIVE,CHEMICALS,4,9,18,0,1,8,MEDIUM,0.485495,NORMAL,0.325282,0.8257,15.77,47.23,MEDIUM
TF-2026-0004191,COLLECTION,CUST-01116,CP-01930,CA,IN,CAD,405713.03,2025-07-12,2025-11-23,ACTIVE,CHEMICALS,0,4,8,0,0,0,HIGH,0.551261,NORMAL,0.217633,0.255438,7.85,45.26,MEDIUM
TF-2026-0004192,GUARANTEE,CUST-00231,CP-02160,CA,SG,EUR,50694.45,2026-03-10,2026-07-25,ACTIVE,INDUSTRIAL_EQUIPMENT,1,3,15,0,1,1,HIGH,0.617231,HIGH,0.153384,0.270488,6.49,48.84,MEDIUM
TF-2026-0004193,COLLECTION,CUST-00325,CP-02202,CA,BR,GBP,721482.13,2026-08-08,2026-11-06,ACTIVE,AGRICULTURE,4,4,14,1,1,7,LOW,0.489305,NORMAL,0.403986,0.730802,13.28,42.13,MEDIUM
TF-2026-0004194,EXPORT_LC,CUST-00988,CP-00510,CA,SG,CNY,164734.71,2025-06-24,2025-09-10,SETTLED,AUTO_PARTS,4,3,5,0,0,11,LOW,0.545267,NORMAL,0.414565,0.592411,8.4,51.73,MEDIUM
TF-2026-0004195,EXPORT_LC,CUST-00461,CP-02673,CA,MX,JPY,241097.76,2024-09-12,2024-11-16,ACTIVE,CHEMICALS,0,7,2,0,0,4,MEDIUM,0.510748,NORMAL,0.14537,0.238868,7.05,27.72,LOW
TF-2026-0004196,COLLECTION,CUST-00218,CP-02674,CA,CN,USD,289893.17,2024-11-20,2025-01-23,SETTLED,AGRICULTURE,5,9,12,1,1,12,HIGH,0.525161,NORMAL,0.470497,0.714382,13.55,63.01,MEDIUM
TF-2026-0004197,IMPORT_LC,CUST-00203,CP-00909,CA,BR,EUR,352538.92,2025-08-16,2026-01-12,SETTLED,TEXTILES,3,3,17,0,1,12,MEDIUM,0.517565,NORMAL,0.393775,0.71152,14.1,53.64,MEDIUM
TF-2026-0004198,GUARANTEE,CUST-00019,CP-00432,CA,GB,CNY,1217366.21,2025-06-21,2025-10-14,CLOSED,INDUSTRIAL_EQUIPMENT,1,6,5,0,0,11,HIGH,0.493762,NORMAL,0.206987,0.203475,6.12,28.89,LOW
TF-2026-0004199,COLLECTION,CUST-00280,CP-02748,CA,CN,GBP,318223.91,2025-09-24,2026-01-20,SETTLED,AGRICULTURE,5,8,9,1,0,5,MEDIUM,0.497979,NORMAL,0.679398,0.673006,13.04,55.53,MEDIUM
TF-2026-0004200,EXPORT_LC,CUST-00391,CP-02971,CA,SG,CAD,2992112.28,2025-04-23,2025-08-10,ACTIVE,AGRICULTURE,4,4,13,0,1,8,LOW,0.53782,NORMAL,0.328309,0.742653,12.37,52.89,MEDIUM
TF-2026-0004201,EXPORT_LC,CUST-01164,CP-01220,CA,US,CNY,306379.63,2026-01-15,2026-06-14,SETTLED,TEXTILES,2,3,14,0,1,11,MEDIUM,0.528152,NORMAL,0.358596,0.402046,10.51,44.53,MEDIUM
TF-2026-0004202,IMPORT_LC,CUST-00630,CP-02534,CA,MX,CNY,2170771.58,2026-06-09,2026-11-17,SETTLED,AUTO_PARTS,1,7,8,0,0,5,MEDIUM,0.518117,NORMAL,0.215652,0.17238,7.6,29.52,LOW
TF-2026-0004203,IMPORT_LC,CUST-00318,CP-00438,CA,BR,USD,430805.19,2026-08-02,2027-01-08,ACTIVE,CHEMICALS,0,3,3,1,0,10,LOW,0.546273,NORMAL,0.447206,0.219392,3.67,39.86,LOW
TF-2026-0004204,GUARANTEE,CUST-00145,CP-01836,CA,MX,GBP,588867.56,2026-01-05,2026-05-06,ACTIVE,TEXTILES,2,3,14,0,1,0,LOW,0.560581,NORMAL,0.315318,0.587092,11.44,51.19,MEDIUM
TF-2026-0004205,GUARANTEE,CUST-00300,CP-01018,CA,AE,CNY,1270861.83,2025-08-04,2025-10-23,ACTIVE,AGRICULTURE,1,5,7,1,0,1,HIGH,0.523109,NORMAL,0.433592,0.273054,7.97,45.85,MEDIUM
TF-2026-0004206,GUARANTEE,CUST-00598,CP-02645,CA,AE,JPY,422020.5,2026-02-15,2026-07-14,SETTLED,CHEMICALS,2,8,8,0,0,12,HIGH,0.484409,NORMAL,0.2618,0.295281,8.59,31.51,LOW
TF-2026-0004207,COLLECTION,CUST-00903,CP-02140,CA,SG,USD,147294.05,2025-07-31,2026-01-23,ACTIVE,TEXTILES,1,3,7,0,0,15,HIGH,0.582522,NORMAL,0.23472,0.270136,7.51,49.85,MEDIUM
TF-2026-0004208,COLLECTION,CUST-00532,CP-03314,CA,SG,CAD,269547.78,2025-08-31,2026-01-09,SETTLED,AUTO_PARTS,2,10,11,0,1,3,LOW,0.508339,NORMAL,0.231535,0.566967,10.36,36.09,LOW
TF-2026-0004209,GUARANTEE,CUST-00114,CP-02457,CA,BR,CAD,19476.36,2026-02-18,2026-07-11,ACTIVE,TEXTILES,4,6,11,1,1,11,HIGH,0.594859,HIGH,0.737534,0.682411,11.58,80.1,HIGH
TF-2026-0004210,EXPORT_LC,CUST-00908,CP-01118,CA,DE,USD,99988.62,2026-02-12,2026-04-16,SETTLED,ELECTRONICS,4,9,16,1,1,7,LOW,0.530426,NORMAL,0.567764,0.804258,14.23,60.48,MEDIUM
TF-2026-0004211,EXPORT_LC,CUST-01076,CP-01633,CA,BR,EUR,139674.66,2025-01-21,2025-04-02,SETTLED,INDUSTRIAL_EQUIPMENT,1,5,12,0,1,12,HIGH,0.516362,NORMAL,0.224843,0.512922,10.02,46.33,MEDIUM
TF-2026-0004212,COLLECTION,CUST-00576,CP-01209,CA,JP,CNY,31084.14,2024-09-22,2024-11-21,CLOSED,TEXTILES,3,4,10,0,0,11,LOW,0.584296,NORMAL,0.422732,0.441772,10.65,51.62,MEDIUM
TF-2026-0004213,IMPORT_LC,CUST-01001,CP-02542,CA,DE,CAD,703917.59,2025-06-06,2025-11-28,CLOSED,TEXTILES,3,3,9,0,0,11,LOW,0.513532,NORMAL,0.245263,0.577697,11.3,38.32,LOW
TF-2026-0004214,GUARANTEE,CUST-00291,CP-00307,CA,MX,EUR,257739.8,2024-09-22,2024-12-23,CLOSED,INDUSTRIAL_EQUIPMENT,3,3,10,0,0,2,MEDIUM,0.533283,NORMAL,0.541242,0.419485,10.92,51.9,MEDIUM
TF-2026-0004215,COLLECTION,CUST-00075,CP-00528,CA,AE,EUR,1350944.23,2025-07-28,2026-01-11,CLOSED,AGRICULTURE,1,8,12,1,1,13,HIGH,0.513354,NORMAL,0.363725,0.417588,9.46,46.23,MEDIUM
TF-2026-0004216,GUARANTEE,CUST-00396,CP-01966,CA,IN,GBP,1403746.95,2026-06-28,2026-12-21,ACTIVE,ELECTRONICS,5,6,16,1,1,15,LOW,0.571351,NORMAL,0.742021,0.692273,13.44,68.99,HIGH
TF-2026-0004217,IMPORT_LC,CUST-00802,CP-00050,CA,JP,CAD,2126728.82,2026-02-03,2026-05-11,ACTIVE,CHEMICALS,2,4,10,0,0,1,HIGH,0.542658,NORMAL,0.238817,0.292487,8.78,45.49,MEDIUM
TF-2026-0004218,GUARANTEE,CUST-00319,CP-01749,CA,SG,GBP,2432061.2,2024-10-31,2025-02-03,CLOSED,CHEMICALS,1,5,2,0,0,12,HIGH,0.541131,NORMAL,0.20919,0.269326,4.92,43.5,MEDIUM
TF-2026-0004219,EXPORT_LC,CUST-00211,CP-02243,CA,SG,EUR,814141.91,2025-12-30,2026-05-10,ACTIVE,INDUSTRIAL_EQUIPMENT,0,5,5,0,0,8,LOW,0.513196,NORMAL,0.127396,0.257657,7.31,23.46,LOW
TF-2026-0004220,COLLECTION,CUST-00085,CP-02731,CA,FR,CNY,440048.32,2026-02-21,2026-04-25,ACTIVE,AUTO_PARTS,1,4,9,0,0,13,MEDIUM,0.501559,NORMAL,0.264015,0.236956,8.34,28.63,LOW
TF-2026-0004221,COLLECTION,CUST-00335,CP-01754,CA,SG,JPY,962663.97,2025-06-22,2025-10-29,CLOSED,AUTO_PARTS,0,7,11,1,1,9,MEDIUM,0.513277,NORMAL,0.508592,0.280709,6.84,40.74,MEDIUM
TF-2026-0004222,EXPORT_LC,CUST-01060,CP-00997,CA,JP,EUR,231105.37,2025-08-04,2025-12-24,CLOSED,INDUSTRIAL_EQUIPMENT,5,4,11,0,1,0,HIGH,0.563358,NORMAL,0.554127,0.741965,12.11,74.14,HIGH
TF-2026-0004223,IMPORT_LC,CUST-00477,CP-02903,CA,GB,CNY,387712.56,2024-09-06,2025-02-06,CLOSED,CHEMICALS,2,7,15,0,1,8,LOW,0.462037,NORMAL,0.243406,0.552418,11.68,26.76,LOW
TF-2026-0004224,COLLECTION,CUST-00819,CP-00434,CA,BR,USD,180775.25,2025-01-31,2025-05-16,ACTIVE,INDUSTRIAL_EQUIPMENT,4,9,14,0,1,6,MEDIUM,0.512123,NORMAL,0.583766,0.796003,13.63,60.72,MEDIUM
TF-2026-0004225,EXPORT_LC,CUST-00544,CP-01001,CA,FR,CAD,674559.53,2025-01-15,2025-04-05,CLOSED,AUTO_PARTS,2,4,15,0,1,11,MEDIUM,0.490392,NORMAL,0.205301,0.597382,12.1,36.79,LOW
TF-2026-0004226,GUARANTEE,CUST-00482,CP-03497,CA,GB,USD,648962.05,2026-06-20,2026-08-24,SETTLED,ELECTRONICS,3,5,11,1,1,13,MEDIUM,0.489941,NORMAL,0.629364,0.574365,9.1,48.57,MEDIUM
TF-2026-0004227,IMPORT_LC,CUST-01107,CP-01860,CA,BR,EUR,112758.71,2025-11-25,2026-04-18,SETTLED,AUTO_PARTS,4,5,12,1,1,8,HIGH,0.510874,NORMAL,0.514658,0.755074,11.26,61.91,MEDIUM
TF-2026-0004228,IMPORT_LC,CUST-00397,CP-02590,CA,DE,CNY,955357.78,2026-06-01,2026-11-20,SETTLED,AUTO_PARTS,5,7,13,0,1,9,HIGH,0.48873,NORMAL,0.419253,0.866318,13.88,57.2,MEDIUM
TF-2026-0004229,COLLECTION,CUST-00062,CP-00428,CA,JP,CNY,1285311.02,2026-01-15,2026-04-05,SETTLED,INDUSTRIAL_EQUIPMENT,3,9,8,1,0,0,LOW,0.547174,NORMAL,0.416719,0.397909,9.17,45.44,MEDIUM
TF-2026-0004230,EXPORT_LC,CUST-01127,CP-03341,CA,GB,CNY,2010187.33,2025-05-17,2025-11-02,SETTLED,INDUSTRIAL_EQUIPMENT,5,7,18,1,1,7,HIGH,0.531733,NORMAL,0.734558,0.801722,16.18,75.68,HIGH
TF-2026-0004231,IMPORT_LC,CUST-00335,CP-00792,CA,JP,CNY,175041.57,2025-02-28,2025-06-30,CLOSED,CHEMICALS,1,10,17,0,1,2,MEDIUM,0.534369,NORMAL,0.18887,0.442766,11.66,42.4,MEDIUM
TF-2026-0004232,GUARANTEE,CUST-01117,CP-00711,CA,US,EUR,1802985.01,2025-04-05,2025-07-24,SETTLED,ELECTRONICS,4,7,22,0,1,7,MEDIUM,0.505757,NORMAL,0.42838,0.652618,12.03,49.36,MEDIUM
TF-2026-0004233,IMPORT_LC,CUST-01013,CP-00520,CA,GB,USD,9807856.81,2025-04-17,2025-06-28,SETTLED,AUTO_PARTS,5,8,7,0,0,13,MEDIUM,0.616058,HIGH,0.499183,0.506661,9.35,62.45,MEDIUM
TF-2026-0004234,EXPORT_LC,CUST-00386,CP-03048,CA,BR,JPY,959550.62,2025-01-08,2025-05-10,SETTLED,AGRICULTURE,1,9,11,0,1,8,MEDIUM,0.49554,NORMAL,0.12488,0.573959,10.16,34.83,LOW
TF-2026-0004235,IMPORT_LC,CUST-00104,CP-02010,CA,IN,CAD,126959.27,2026-04-06,2026-09-10,CLOSED,CHEMICALS,5,4,17,0,1,9,LOW,0.540593,NORMAL,0.365225,0.707015,14.21,53.34,MEDIUM
TF-2026-0004236,EXPORT_LC,CUST-00734,CP-00861,CA,FR,EUR,239384.35,2025-09-07,2025-12-28,CLOSED,AGRICULTURE,0,5,6,0,0,6,HIGH,0.512289,NORMAL,0.232311,0.270156,7.43,36.82,LOW
TF-2026-0004237,IMPORT_LC,CUST-00156,CP-00942,CA,JP,JPY,151547.18,2025-10-23,2026-03-18,ACTIVE,AUTO_PARTS,2,8,14,0,1,8,MEDIUM,0.489843,NORMAL,0.342883,0.510832,11.15,37.72,LOW
TF-2026-0004238,IMPORT_LC,CUST-00435,CP-02557,CA,IN,JPY,118471.32,2025-11-05,2026-04-10,ACTIVE,AGRICULTURE,5,10,11,0,1,10,MEDIUM,0.566344,NORMAL,0.350374,0.772612,12.71,64.49,MEDIUM
TF-2026-0004239,GUARANTEE,CUST-00653,CP-01959,CA,IN,USD,162543.8,2025-08-13,2026-01-16,SETTLED,TEXTILES,0,6,12,0,1,6,MEDIUM,0.523158,NORMAL,0.205929,0.398527,8.95,38.43,LOW
TF-2026-0004240,EXPORT_LC,CUST-00107,CP-00460,CA,DE,GBP,541004.36,2024-09-25,2024-12-02,ACTIVE,AUTO_PARTS,2,9,6,0,0,8,HIGH,0.476665,NORMAL,0.2208,0.320799,8.4,29.69,LOW
TF-2026-0004241,IMPORT_LC,CUST-00288,CP-02614,CA,JP,JPY,1023737.59,2025-11-09,2026-01-15,ACTIVE,AUTO_PARTS,1,4,3,0,0,3,MEDIUM,0.50564,NORMAL,0.16013,0.241675,6.96,26.89,LOW
TF-2026-0004242,EXPORT_LC,CUST-00101,CP-02840,CA,US,GBP,357242.05,2025-11-24,2026-04-16,CLOSED,INDUSTRIAL_EQUIPMENT,5,3,13,1,1,13,LOW,0.551635,NORMAL,0.542976,0.783868,12.99,63.58,MEDIUM
TF-2026-0004243,GUARANTEE,CUST-00496,CP-03489,CA,MX,JPY,190090.4,2026-07-12,2026-10-09,SETTLED,AUTO_PARTS,2,8,9,0,0,9,HIGH,0.481715,NORMAL,0.29631,0.288857,9.26,31.73,LOW
TF-2026-0004244,COLLECTION,CUST-00101,CP-03280,CA,CN,CAD,40530.84,2026-06-24,2026-09-26,SETTLED,TEXTILES,1,9,9,0,0,7,LOW,0.565925,NORMAL,0.263337,0.155255,7.85,35.22,LOW
TF-2026-0004245,GUARANTEE,CUST-00586,CP-01526,CA,MX,JPY,492021.78,2026-03-05,2026-05-30,CLOSED,AGRICULTURE,5,4,13,0,1,3,MEDIUM,0.509733,NORMAL,0.473522,0.654242,12.71,51.8,MEDIUM
TF-2026-0004246,IMPORT_LC,CUST-00359,CP-01734,CA,US,GBP,109959.91,2025-01-20,2025-03-26,ACTIVE,CHEMICALS,5,10,19,1,1,1,HIGH,0.598881,HIGH,0.684963,0.671213,13.88,78.31,HIGH
TF-2026-0004247,IMPORT_LC,CUST-00914,CP-01785,CA,DE,GBP,220369.42,2024-12-28,2025-05-22,SETTLED,ELECTRONICS,2,5,10,0,0,13,HIGH,0.504581,NORMAL,0.278486,0.398226,8.63,40.65,MEDIUM
TF-2026-0004248,EXPORT_LC,CUST-00711,CP-02034,CA,CN,GBP,3441554.31,2026-01-24,2026-06-28,CLOSED,INDUSTRIAL_EQUIPMENT,1,6,9,0,0,4,MEDIUM,0.548761,NORMAL,0.182313,0.266779,8.31,39.07,LOW
TF-2026-0004249,GUARANTEE,CUST-00068,CP-02399,CA,SG,CAD,189363.05,2025-12-29,2026-03-10,SETTLED,TEXTILES,1,6,9,0,0,0,MEDIUM,0.531719,NORMAL,0.318697,0.258488,7.48,39.19,LOW
TF-2026-0004250,COLLECTION,CUST-01047,CP-02603,CA,IN,CAD,796362.13,2024-09-19,2024-12-08,SETTLED,TEXTILES,0,3,10,0,0,6,LOW,0.543809,NORMAL,0.199047,0.263942,6.86,33.54,LOW
TF-2026-0004251,IMPORT_LC,CUST-00777,CP-00824,CA,MX,USD,1413415.15,2025-01-04,2025-05-25,ACTIVE,AGRICULTURE,4,5,13,0,1,8,HIGH,0.496966,NORMAL,0.406416,0.575484,11.45,48.64,MEDIUM
TF-2026-0004252,IMPORT_LC,CUST-00178,CP-01999,CA,GB,CAD,821788.08,2026-05-30,2026-09-27,CLOSED,AUTO_PARTS,3,8,8,1,0,8,LOW,0.464822,NORMAL,0.58769,0.407533,8.85,32.2,LOW
TF-2026-0004253,COLLECTION,CUST-00465,CP-00099,CA,SG,CAD,2931953.41,2025-08-27,2025-11-13,CLOSED,INDUSTRIAL_EQUIPMENT,4,7,21,0,1,15,MEDIUM,0.578354,NORMAL,0.460442,0.747961,16.1,68.05,HIGH
TF-2026-0004254,IMPORT_LC,CUST-00074,CP-02798,CA,DE,GBP,320874.9,2026-05-28,2026-10-31,CLOSED,ELECTRONICS,1,8,7,0,0,7,HIGH,0.472941,NORMAL,0.281299,0.233902,7.86,27.86,LOW
TF-2026-0004255,COLLECTION,CUST-00296,CP-02811,CA,BR,CAD,259833.97,2025-05-12,2025-08-17,ACTIVE,AGRICULTURE,1,9,5,0,0,0,HIGH,0.533699,NORMAL,0.223062,0.263496,6.34,42.0,MEDIUM
TF-2026-0004256,COLLECTION,CUST-01035,CP-01377,CA,GB,CAD,1420199.15,2024-12-17,2025-03-27,ACTIVE,ELECTRONICS,1,9,11,0,1,15,LOW,0.565047,NORMAL,0.219864,0.465402,9.19,44.65,MEDIUM
TF-2026-0004257,EXPORT_LC,CUST-00814,CP-01534,CA,MX,USD,170073.39,2026-06-17,2026-10-02,ACTIVE,CHEMICALS,1,10,7,0,0,3,HIGH,0.531663,NORMAL,0.22068,0.37007,9.39,45.13,MEDIUM
TF-2026-0004258,COLLECTION,CUST-00785,CP-02621,CA,MX,EUR,1036899.58,2024-11-24,2025-01-29,CLOSED,AGRICULTURE,5,4,13,0,1,9,HIGH,0.516216,NORMAL,0.560352,0.684948,13.62,62.37,MEDIUM
TF-2026-0004259,COLLECTION,CUST-00346,CP-02190,CA,MX,CNY,1164448.41,2025-07-07,2025-12-05,ACTIVE,TEXTILES,1,3,11,1,1,12,MEDIUM,0.540735,NORMAL,0.59957,0.429359,9.1,55.7,MEDIUM
TF-2026-0004260,EXPORT_LC,CUST-00466,CP-03426,CA,CN,USD,654798.87,2025-09-12,2026-02-21,ACTIVE,TEXTILES,2,9,10,0,0,14,MEDIUM,0.512812,NORMAL,0.414811,0.524523,9.15,46.35,MEDIUM
TF-2026-0004261,IMPORT_LC,CUST-00202,CP-00045,CA,SG,JPY,127640.7,2024-08-18,2024-12-09,CLOSED,AUTO_PARTS,2,6,10,1,0,15,MEDIUM,0.549959,NORMAL,0.655377,0.441132,10.14,59.63,MEDIUM
TF-2026-0004262,EXPORT_LC,CUST-00163,CP-02188,CA,CN,CAD,1205907.59,2026-05-29,2026-09-08,CLOSED,CHEMICALS,2,3,5,0,0,15,HIGH,0.585326,NORMAL,0.209897,0.422461,7.74,54.63,MEDIUM
TF-2026-0004263,EXPORT_LC,CUST-00095,CP-00429,CA,BR,EUR,1719154.78,2025-12-25,2026-06-03,SETTLED,AUTO_PARTS,1,5,13,1,1,3,HIGH,0.516701,NORMAL,0.432224,0.515907,11.4,52.74,MEDIUM
TF-2026-0004264,EXPORT_LC,CUST-01040,CP-00409,CA,AE,GBP,29532.77,2026-01-27,2026-06-27,SETTLED,TEXTILES,3,10,10,0,0,4,LOW,0.592778,HIGH,0.405788,0.526087,10.87,54.55,MEDIUM
TF-2026-0004265,EXPORT_LC,CUST-00836,CP-02592,CA,DE,EUR,143980.44,2026-01-15,2026-03-19,ACTIVE,AGRICULTURE,0,10,7,0,0,3,HIGH,0.564398,NORMAL,0.247156,0.239152,6.18,47.45,MEDIUM
TF-2026-0004266,IMPORT_LC,CUST-01061,CP-00004,CA,SG,CNY,190745.61,2025-05-13,2025-08-06,ACTIVE,ELECTRONICS,2,4,13,1,1,4,HIGH,0.497921,NORMAL,0.266874,0.602305,10.35,45.68,MEDIUM
TF-2026-0004267,IMPORT_LC,CUST-01026,CP-02187,CA,MX,GBP,2260610.8,2026-07-02,2026-10-01,SETTLED,AUTO_PARTS,4,3,14,0,1,15,LOW,0.608791,HIGH,0.479924,0.554938,12.25,58.35,MEDIUM
TF-2026-0004268,EXPORT_LC,CUST-00879,CP-00926,CA,BR,JPY,2651561.52,2025-12-17,2026-04-26,ACTIVE,TEXTILES,5,3,14,0,1,4,LOW,0.589459,HIGH,0.447652,0.799157,14.4,65.18,HIGH
TF-2026-0004269,GUARANTEE,CUST-00809,CP-02513,CA,GB,CNY,445963.71,2026-05-11,2026-07-23,ACTIVE,CHEMICALS,2,7,7,1,0,2,MEDIUM,0.477505,NORMAL,0.327779,0.473038,9.81,33.38,LOW
TF-2026-0004270,IMPORT_LC,CUST-00327,CP-01859,CA,MX,GBP,982158.58,2026-06-02,2026-09-06,SETTLED,ELECTRONICS,1,8,11,0,1,9,LOW,0.485362,NORMAL,0.248198,0.487622,10.02,28.06,LOW
TF-2026-0004271,EXPORT_LC,CUST-00067,CP-02601,CA,IN,EUR,2296276.85,2025-05-03,2025-10-26,ACTIVE,AUTO_PARTS,0,3,10,0,0,2,MEDIUM,0.596013,HIGH,0.231768,0.269027,6.01,45.53,MEDIUM
TF-2026-0004272,IMPORT_LC,CUST-00535,CP-03488,CA,FR,JPY,654862.59,2026-01-16,2026-06-24,ACTIVE,CHEMICALS,4,4,9,0,0,2,MEDIUM,0.497998,NORMAL,0.436177,0.526079,11.31,43.11,MEDIUM
TF-2026-0004273,COLLECTION,CUST-00391,CP-02458,CA,CN,EUR,301425.31,2024-11-03,2025-03-09,ACTIVE,INDUSTRIAL_EQUIPMENT,3,8,16,1,1,1,LOW,0.495758,NORMAL,0.618656,0.434041,9.92,39.79,LOW
TF-2026-0004274,EXPORT_LC,CUST-00731,CP-00546,CA,AE,CAD,1303080.5,2025-03-21,2025-09-03,CLOSED,CHEMICALS,3,4,16,0,1,14,LOW,0.538684,NORMAL,0.316414,0.669003,13.2,50.12,MEDIUM
TF-2026-0004275,IMPORT_LC,CUST-00375,CP-01319,CA,BR,JPY,190202.56,2025-06-27,2025-12-03,SETTLED,CHEMICALS,3,4,16,0,1,11,MEDIUM,0.499287,NORMAL,0.346473,0.630672,13.41,44.36,MEDIUM
TF-2026-0004276,EXPORT_LC,CUST-00654,CP-00485,CA,JP,USD,1323023.89,2026-03-03,2026-06-15,SETTLED,AUTO_PARTS,3,6,8,0,0,0,HIGH,0.545775,NORMAL,0.43422,0.358883,8.91,54.25,MEDIUM
TF-2026-0004277,EXPORT_LC,CUST-00581,CP-00730,CA,BR,USD,201834.91,2024-11-10,2025-02-21,CLOSED,ELECTRONICS,4,9,12,1,1,4,LOW,0.508385,NORMAL,0.647172,0.798568,12.74,56.7,MEDIUM
TF-2026-0004278,GUARANTEE,CUST-00669,CP-00165,CA,AE,CAD,780077.37,2025-08-09,2025-11-26,ACTIVE,AUTO_PARTS,3,6,11,1,1,9,MEDIUM,0.466261,NORMAL,0.619958,0.58434,12.55,44.48,MEDIUM
TF-2026-0004279,COLLECTION,CUST-00411,CP-02943,CA,MX,GBP,2741080.0,2026-03-12,2026-09-03,ACTIVE,AUTO_PARTS,1,5,10,0,0,13,HIGH,0.550973,NORMAL,0.260338,0.216676,9.01,45.1,MEDIUM
TF-2026-0004280,GUARANTEE,CUST-00352,CP-00505,CA,CN,GBP,46858.59,2024-11-22,2025-02-26,ACTIVE,AUTO_PARTS,2,9,16,0,1,1,LOW,0.577044,NORMAL,0.287545,0.521626,11.89,49.87,MEDIUM
TF-2026-0004281,GUARANTEE,CUST-00931,CP-03163,CA,GB,CAD,168095.09,2026-04-19,2026-10-06,ACTIVE,ELECTRONICS,2,10,13,0,1,14,MEDIUM,0.545305,NORMAL,0.24968,0.593553,11.41,51.83,MEDIUM
TF-2026-0004282,EXPORT_LC,CUST-00873,CP-03253,CA,AE,EUR,781306.84,2024-09-12,2025-02-22,SETTLED,ELECTRONICS,4,8,13,0,1,2,MEDIUM,0.502435,NORMAL,0.427095,0.800365,12.96,53.49,MEDIUM
TF-2026-0004283,IMPORT_LC,CUST-00020,CP-01251,CA,CN,JPY,1946317.7,2025-08-17,2025-12-12,ACTIVE,AUTO_PARTS,4,6,12,0,1,9,MEDIUM,0.509399,NORMAL,0.43746,0.770705,12.09,54.7,MEDIUM
TF-2026-0004284,EXPORT_LC,CUST-00513,CP-02912,CA,MX,JPY,1252122.74,2025-10-23,2026-03-04,SETTLED,TEXTILES,3,10,16,0,1,11,LOW,0.525062,NORMAL,0.376662,0.731579,13.24,50.76,MEDIUM
TF-2026-0004285,GUARANTEE,CUST-00721,CP-03286,CA,AE,CNY,557717.92,2024-12-16,2025-03-15,CLOSED,AGRICULTURE,2,4,13,0,1,1,HIGH,0.497907,NORMAL,0.32312,0.49849,10.77,43.72,MEDIUM
TF-2026-0004286,IMPORT_LC,CUST-00098,CP-02808,CA,CN,CAD,453007.57,2025-05-20,2025-08-11,SETTLED,ELECTRONICS,3,7,8,0,0,2,LOW,0.480311,NORMAL,0.303336,0.358536,9.24,24.11,LOW
TF-2026-0004287,IMPORT_LC,CUST-00480,CP-00721,CA,US,EUR,76017.29,2025-03-24,2025-08-31,SETTLED,INDUSTRIAL_EQUIPMENT,3,9,13,0,1,14,LOW,0.561113,NORMAL,0.346582,0.657,11.88,54.64,MEDIUM
TF-2026-0004288,COLLECTION,CUST-00651,CP-00525,CA,FR,GBP,1172312.17,2026-01-03,2026-03-14,ACTIVE,AGRICULTURE,4,9,15,0,1,12,MEDIUM,0.512317,NORMAL,0.394197,0.700689,12.65,51.76,MEDIUM
TF-2026-0004289,COLLECTION,CUST-00008,CP-00743,CA,MX,USD,740227.96,2025-10-05,2026-03-19,CLOSED,ELECTRONICS,2,9,12,1,1,8,MEDIUM,0.482258,NORMAL,0.546939,0.483296,9.9,41.16,MEDIUM
TF-2026-0004290,IMPORT_LC,CUST-00508,CP-00352,CA,AE,CAD,129879.05,2026-07-03,2026-10-26,SETTLED,INDUSTRIAL_EQUIPMENT,0,5,10,0,0,4,HIGH,0.535223,NORMAL,0.233731,0.280403,8.36,43.26,MEDIUM
TF-2026-0004291,COLLECTION,CUST-00702,CP-01477,CA,BR,USD,2573981.01,2025-02-07,2025-07-31,ACTIVE,AGRICULTURE,4,7,7,0,0,6,MEDIUM,0.523712,NORMAL,0.33121,0.553,10.74,47.8,MEDIUM
TF-2026-0004292,GUARANTEE,CUST-00150,CP-00316,CA,US,CNY,1479313.85,2026-07-19,2026-12-24,SETTLED,AGRICULTURE,2,5,8,0,0,0,LOW,0.545323,NORMAL,0.246104,0.370637,9.16,38.93,LOW
TF-2026-0004293,COLLECTION,CUST-00441,CP-00229,CA,GB,USD,1577646.11,2025-03-15,2025-05-29,CLOSED,ELECTRONICS,5,8,9,1,0,7,MEDIUM,0.521749,NORMAL,0.48885,0.567433,12.39,52.48,MEDIUM
TF-2026-0004294,IMPORT_LC,CUST-01180,CP-01139,CA,IN,GBP,3352684.72,2025-07-14,2025-10-23,ACTIVE,AUTO_PARTS,4,8,10,1,0,5,HIGH,0.543583,NORMAL,0.456191,0.605551,14.68,63.16,MEDIUM
TF-2026-0004295,IMPORT_LC,CUST-00352,CP-01618,CA,MX,JPY,51450.65,2024-12-04,2025-03-26,ACTIVE,ELECTRONICS,3,9,7,1,0,9,LOW,0.549559,NORMAL,0.689625,0.352991,9.09,52.47,MEDIUM
TF-2026-0004296,IMPORT_LC,CUST-00725,CP-00598,CA,GB,EUR,144861.77,2026-03-05,2026-05-28,SETTLED,CHEMICALS,0,5,5,0,0,12,LOW,0.53775,NORMAL,0.188222,0.164252,5.48,28.42,LOW
TF-2026-0004297,COLLECTION,CUST-00098,CP-03329,CA,BR,USD,1534298.57,2025-02-07,2025-05-24,ACTIVE,AUTO_PARTS,3,4,12,1,1,13,LOW,0.5243,NORMAL,0.651395,0.53934,12.43,52.05,MEDIUM
TF-2026-0004298,EXPORT_LC,CUST-00376,CP-01160,CA,SG,JPY,1912438.71,2026-08-05,2026-11-03,CLOSED,AGRICULTURE,3,4,12,0,1,13,HIGH,0.53688,NORMAL,0.373609,0.703701,11.85,62.63,MEDIUM
TF-2026-0004299,IMPORT_LC,CUST-00553,CP-03320,CA,CN,CAD,1022821.91,2025-05-27,2025-08-18,ACTIVE,ELECTRONICS,4,9,20,1,1,13,MEDIUM,0.515954,NORMAL,0.366107,0.775106,16.21,54.59,MEDIUM
TF-2026-0004300,IMPORT_LC,CUST-01126,CP-01840,CA,AE,USD,59604.58,2026-05-14,2026-09-01,SETTLED,INDUSTRIAL_EQUIPMENT,5,9,17,0,1,4,LOW,0.581413,NORMAL,0.500798,0.760105,15.71,64.9,MEDIUM
TF-2026-0004301,IMPORT_LC,CUST-00029,CP-02802,CA,AE,CAD,237023.66,2025-12-08,2026-04-04,SETTLED,INDUSTRIAL_EQUIPMENT,1,6,21,0,1,13,MEDIUM,0.494159,NORMAL,0.257824,0.482059,11.88,35.3,LOW
TF-2026-0004302,IMPORT_LC,CUST-00507,CP-00452,CA,BR,USD,253533.2,2026-07-02,2026-10-24,CLOSED,ELECTRONICS,0,7,12,0,1,13,MEDIUM,0.514851,NORMAL,0.160051,0.405566,9.73,35.15,LOW
TF-2026-0004303,GUARANTEE,CUST-00535,CP-03353,CA,MX,JPY,348314.59,2026-07-05,2026-11-14,ACTIVE,ELECTRONICS,3,4,9,1,0,11,MEDIUM,0.48467,NORMAL,0.684668,0.58407,13.35,49.38,MEDIUM
TF-2026-0004304,IMPORT_LC,CUST-00387,CP-01389,CA,SG,GBP,659335.71,2024-12-07,2025-03-05,ACTIVE,ELECTRONICS,0,9,2,0,0,3,MEDIUM,0.529819,NORMAL,0.146486,0.292045,7.1,34.77,LOW
TF-2026-0004305,IMPORT_LC,CUST-00282,CP-00839,CA,BR,EUR,100328.21,2025-10-14,2026-03-12,CLOSED,AGRICULTURE,5,3,15,0,1,8,MEDIUM,0.576565,NORMAL,0.494778,0.681756,12.25,66.65,HIGH
TF-2026-0004306,IMPORT_LC,CUST-00338,CP-00814,CA,JP,CNY,129717.49,2026-02-16,2026-08-02,SETTLED,AGRICULTURE,0,5,4,0,0,5,MEDIUM,0.53412,NORMAL,0.151914,0.148809,4.8,30.93,LOW
TF-2026-0004307,GUARANTEE,CUST-00745,CP-02531,CA,CN,USD,3626642.5,2026-07-07,2026-09-18,CLOSED,CHEMICALS,3,9,9,0,0,9,HIGH,0.546571,NORMAL,0.3309,0.336681,9.76,50.58,MEDIUM
TF-2026-0004308,IMPORT_LC,CUST-00780,CP-01903,CA,DE,CAD,832115.37,2026-03-08,2026-07-26,SETTLED,ELECTRONICS,1,9,6,1,0,3,MEDIUM,0.505358,NORMAL,0.506136,0.325682,8.45,40.13,MEDIUM
TF-2026-0004309,IMPORT_LC,CUST-00800,CP-01973,CA,FR,EUR,1060864.38,2026-05-28,2026-08-13,CLOSED,CHEMICALS,3,9,17,1,1,13,HIGH,0.508354,NORMAL,0.466382,0.663054,13.92,56.51,MEDIUM
TF-2026-0004310,GUARANTEE,CUST-00756,CP-03031,CA,CN,CAD,673815.15,2026-02-08,2026-07-15,SETTLED,ELECTRONICS,3,4,17,0,1,2,HIGH,0.492448,NORMAL,0.428936,0.576506,12.69,48.33,MEDIUM
TF-2026-0004311,COLLECTION,CUST-00552,CP-01306,CA,IN,JPY,84236.85,2024-11-09,2025-05-03,CLOSED,ELECTRONICS,0,6,10,0,0,15,HIGH,0.593861,HIGH,0.109889,0.272041,9.07,46.85,MEDIUM
TF-2026-0004312,EXPORT_LC,CUST-00809,CP-01480,CA,FR,USD,1287855.19,2025-10-22,2026-03-24,CLOSED,ELECTRONICS,3,10,16,1,1,6,MEDIUM,0.523493,NORMAL,0.586811,0.688454,13.34,60.13,MEDIUM
TF-2026-0004313,EXPORT_LC,CUST-00634,CP-02790,CA,AE,JPY,422231.5,2025-12-17,2026-05-25,CLOSED,AUTO_PARTS,4,6,14,1,1,7,HIGH,0.469286,NORMAL,0.669827,0.731092,13.69,56.36,MEDIUM
TF-2026-0004314,IMPORT_LC,CUST-00963,CP-03171,CA,CN,CAD,1548375.49,2025-04-22,2025-09-21,SETTLED,TEXTILES,0,6,10,0,0,2,HIGH,0.543062,NORMAL,0.185759,0.165539,7.99,39.53,LOW
TF-2026-0004315,COLLECTION,CUST-00503,CP-00715,CA,SG,USD,375310.86,2026-01-25,2026-07-14,CLOSED,AUTO_PARTS,3,4,17,0,1,8,LOW,0.474382,NORMAL,0.401035,0.476916,10.43,30.16,LOW
TF-2026-0004316,EXPORT_LC,CUST-01086,CP-00695,CA,CN,GBP,318815.87,2025-08-17,2025-10-27,SETTLED,AGRICULTURE,5,3,12,0,1,14,HIGH,0.574249,NORMAL,0.420017,0.784747,12.23,72.82,HIGH
TF-2026-0004317,IMPORT_LC,CUST-00933,CP-00738,CA,FR,CNY,110574.29,2025-09-06,2025-12-02,CLOSED,ELECTRONICS,0,3,12,0,1,7,HIGH,0.567704,NORMAL,0.199334,0.415997,7.94,52.66,MEDIUM
TF-2026-0004318,COLLECTION,CUST-00081,CP-03494,CA,GB,CNY,456829.09,2026-01-09,2026-04-12,ACTIVE,ELECTRONICS,4,5,20,0,1,10,LOW,0.481159,NORMAL,0.338683,0.79643,15.82,40.65,MEDIUM
TF-2026-0004319,IMPORT_LC,CUST-01113,CP-02466,CA,DE,EUR,623575.03,2025-11-11,2026-04-09,SETTLED,CHEMICALS,3,8,12,1,1,1,HIGH,0.495396,NORMAL,0.748359,0.664477,11.19,61.67,MEDIUM
TF-2026-0004320,EXPORT_LC,CUST-00312,CP-00064,CA,US,JPY,367892.48,2024-11-15,2025-02-07,ACTIVE,ELECTRONICS,2,4,11,0,1,1,LOW,0.497307,NORMAL,0.242525,0.560373,10.32,33.27,LOW
TF-2026-0004321,GUARANTEE,CUST-00744,CP-01050,CA,DE,CNY,119526.07,2025-07-04,2025-11-29,CLOSED,ELECTRONICS,5,4,15,0,1,8,MEDIUM,0.538119,NORMAL,0.44121,0.781176,14.99,62.69,MEDIUM
TF-2026-0004322,EXPORT_LC,CUST-00652,CP-00806,CA,JP,CNY,431968.91,2025-04-17,2025-09-27,CLOSED,ELECTRONICS,0,5,6,0,0,12,LOW,0.513879,NORMAL,0.1605,0.198463,6.76,22.63,LOW
TF-2026-0004323,IMPORT_LC,CUST-00603,CP-00345,CA,IN,GBP,51079.19,2025-01-15,2025-05-29,ACTIVE,TEXTILES,2,7,11,0,1,12,MEDIUM,0.560826,NORMAL,0.442703,0.39303,8.36,53.26,MEDIUM
TF-2026-0004324,EXPORT_LC,CUST-00903,CP-00918,CA,CN,CAD,4220967.94,2025-03-10,2025-06-07,CLOSED,CHEMICALS,1,6,3,0,0,0,HIGH,0.59655,HIGH,0.252282,0.248841,5.91,50.45,MEDIUM
TF-2026-0004325,GUARANTEE,CUST-00435,CP-02584,CA,US,EUR,34443.26,2026-06-27,2026-10-14,CLOSED,INDUSTRIAL_EQUIPMENT,4,5,29,0,1,15,MEDIUM,0.624125,HIGH,0.400469,0.57128,12.49,61.87,MEDIUM
TF-2026-0004326,GUARANTEE,CUST-01003,CP-00747,CA,US,GBP,290107.56,2026-05-27,2026-08-13,CLOSED,TEXTILES,0,5,1,0,0,15,LOW,0.558745,NORMAL,0.156734,0.23424,5.22,33.87,LOW
TF-2026-0004327,IMPORT_LC,CUST-00349,CP-01849,CA,SG,CAD,4625334.67,2024-08-20,2025-01-30,CLOSED,TEXTILES,5,9,9,0,0,6,LOW,0.600141,HIGH,0.39947,0.570721,12.37,56.25,MEDIUM
TF-2026-0004328,IMPORT_LC,CUST-00403,CP-00981,CA,MX,CAD,787403.98,2026-03-05,2026-05-11,ACTIVE,CHEMICALS,5,4,14,0,1,14,HIGH,0.547571,NORMAL,0.502055,0.776714,13.93,71.31,HIGH
TF-2026-0004329,IMPORT_LC,CUST-01008,CP-00415,CA,IN,CAD,932288.6,2025-11-08,2026-02-20,SETTLED,TEXTILES,5,6,9,1,0,1,HIGH,0.525426,NORMAL,0.654828,0.717234,12.26,68.74,HIGH
TF-2026-0004330,EXPORT_LC,CUST-01005,CP-02779,CA,BR,JPY,274954.42,2026-03-06,2026-05-25,SETTLED,AGRICULTURE,5,10,10,1,0,13,MEDIUM,0.550591,NORMAL,0.491556,0.766486,13.68,66.21,HIGH
TF-2026-0004331,COLLECTION,CUST-00257,CP-01156,CA,AE,GBP,142873.36,2025-04-30,2025-08-15,SETTLED,AUTO_PARTS,0,9,4,0,0,5,LOW,0.536701,NORMAL,0.292675,0.195635,6.02,32.38,LOW
TF-2026-0004332,IMPORT_LC,CUST-00543,CP-00866,CA,SG,JPY,1856551.95,2025-11-28,2026-03-18,CLOSED,INDUSTRIAL_EQUIPMENT,2,8,9,0,0,8,MEDIUM,0.503258,NORMAL,0.269406,0.33203,9.21,32.66,LOW
TF-2026-0004333,EXPORT_LC,CUST-00947,CP-00111,CA,US,EUR,790486.69,2025-03-04,2025-07-28,SETTLED,CHEMICALS,5,3,13,0,1,9,HIGH,0.536908,NORMAL,0.382202,0.747271,14.12,64.43,MEDIUM
TF-2026-0004334,EXPORT_LC,CUST-00893,CP-01574,CA,GB,CAD,103371.46,2025-05-12,2025-09-10,SETTLED,CHEMICALS,0,9,16,0,1,5,MEDIUM,0.550627,NORMAL,0.203846,0.30286,6.86,41.36,MEDIUM
TF-2026-0004335,COLLECTION,CUST-00588,CP-00749,CA,SG,CAD,1875808.73,2025-03-25,2025-08-26,CLOSED,AUTO_PARTS,4,6,8,0,0,7,MEDIUM,0.506602,NORMAL,0.531669,0.547798,11.38,48.99,MEDIUM
TF-2026-0004336,COLLECTION,CUST-01055,CP-00952,CA,CN,USD,1240196.07,2026-06-01,2026-11-06,CLOSED,INDUSTRIAL_EQUIPMENT,3,9,6,0,0,8,HIGH,0.489337,NORMAL,0.336171,0.526455,10.86,42.95,MEDIUM
TF-2026-0004337,GUARANTEE,CUST-00835,CP-01462,CA,SG,EUR,1371192.57,2026-04-28,2026-07-16,CLOSED,AGRICULTURE,0,9,2,0,0,0,LOW,0.57794,NORMAL,0.285825,0.19989,3.39,38.6,LOW
TF-2026-0004338,EXPORT_LC,CUST-00036,CP-00333,CA,SG,CAD,1076605.1,2025-11-09,2026-04-02,ACTIVE,AUTO_PARTS,1,7,12,0,1,12,MEDIUM,0.495313,NORMAL,0.180451,0.496717,8.74,33.74,LOW
TF-2026-0004339,EXPORT_LC,CUST-01018,CP-02087,CA,BR,USD,507656.17,2025-06-30,2025-11-14,ACTIVE,INDUSTRIAL_EQUIPMENT,1,3,11,0,1,5,LOW,0.51771,NORMAL,0.163301,0.507215,10.16,34.61,LOW
TF-2026-0004340,GUARANTEE,CUST-00781,CP-02031,CA,FR,JPY,264773.62,2025-05-31,2025-10-20,CLOSED,AGRICULTURE,2,6,8,0,0,9,HIGH,0.468383,NORMAL,0.178272,0.478739,9.58,32.71,LOW
TF-2026-0004341,IMPORT_LC,CUST-00913,CP-01231,CA,IN,USD,1849004.23,2026-02-04,2026-06-11,CLOSED,AUTO_PARTS,2,9,9,0,0,13,HIGH,0.534448,NORMAL,0.339028,0.205874,9.28,43.66,MEDIUM
TF-2026-0004342,EXPORT_LC,CUST-00337,CP-02423,CA,FR,GBP,278368.55,2026-08-08,2027-01-12,CLOSED,ELECTRONICS,5,3,11,1,1,10,HIGH,0.546812,NORMAL,0.612139,0.701475,11.71,71.83,HIGH
TF-2026-0004343,COLLECTION,CUST-00562,CP-03179,CA,DE,USD,583080.79,2024-12-11,2025-03-10,CLOSED,AGRICULTURE,1,10,5,0,0,5,HIGH,0.511843,NORMAL,0.17978,0.267663,8.03,35.03,LOW
TF-2026-0004344,GUARANTEE,CUST-00625,CP-00849,CA,DE,CNY,82954.12,2025-08-19,2025-12-27,SETTLED,AGRICULTURE,4,6,18,0,1,11,HIGH,0.537578,NORMAL,0.433904,0.602333,10.11,61.03,MEDIUM
TF-2026-0004345,GUARANTEE,CUST-01140,CP-02479,CA,JP,GBP,719578.19,2026-02-24,2026-07-06,SETTLED,TEXTILES,5,3,7,1,0,4,MEDIUM,0.541717,NORMAL,0.445588,0.614013,11.57,57.8,MEDIUM
TF-2026-0004346,COLLECTION,CUST-00848,CP-00883,CA,GB,JPY,205674.01,2025-04-07,2025-08-09,CLOSED,INDUSTRIAL_EQUIPMENT,0,8,1,0,0,12,MEDIUM,0.523994,NORMAL,0.22402,0.177425,3.82,31.51,LOW
TF-2026-0004347,GUARANTEE,CUST-01141,CP-00814,CA,JP,JPY,43283.74,2025-02-24,2025-07-05,CLOSED,AUTO_PARTS,1,3,8,0,0,5,MEDIUM,0.601781,HIGH,0.268316,0.178754,7.98,43.67,MEDIUM
TF-2026-0004348,EXPORT_LC,CUST-01000,CP-03154,CA,GB,CNY,812958.7,2025-10-31,2026-04-25,CLOSED,AUTO_PARTS,4,5,14,0,1,15,MEDIUM,0.53638,NORMAL,0.440123,0.712415,13.34,59.81,MEDIUM
TF-2026-0004349,EXPORT_LC,CUST-00289,CP-00328,CA,US,CAD,842266.9,2025-12-05,2026-05-10,CLOSED,CHEMICALS,0,10,2,0,0,6,MEDIUM,0.546284,NORMAL,0.142239,0.207679,6.35,35.32,LOW
TF-2026-0004350,GUARANTEE,CUST-00320,CP-00382,CA,SG,GBP,1149086.24,2025-04-03,2025-06-28,ACTIVE,AUTO_PARTS,5,3,19,0,1,6,MEDIUM,0.556623,NORMAL,0.448374,0.799398,17.09,67.07,HIGH
TF-2026-0004351,EXPORT_LC,CUST-00249,CP-03477,CA,MX,GBP,382073.71,2026-08-04,2026-12-10,ACTIVE,ELECTRONICS,3,8,10,0,0,6,MEDIUM,0.467162,NORMAL,0.376474,0.444589,10.14,32.37,LOW
TF-2026-0004352,EXPORT_LC,CUST-01158,CP-02671,CA,IN,CNY,235197.08,2024-10-02,2025-01-11,SETTLED,CHEMICALS,3,10,12,1,1,9,LOW,0.502794,NORMAL,0.394649,0.589568,11.21,40.25,MEDIUM
TF-2026-0004353,GUARANTEE,CUST-00421,CP-01418,CA,JP,CNY,97141.42,2025-11-12,2026-01-13,CLOSED,TEXTILES,0,10,6,0,0,1,LOW,0.587009,NORMAL,0.159971,0.201245,5.64,35.47,LOW
TF-2026-0004354,GUARANTEE,CUST-00967,CP-01021,CA,SG,JPY,621936.55,2026-06-03,2026-08-15,CLOSED,AGRICULTURE,2,10,14,0,1,1,LOW,0.524492,NORMAL,0.192821,0.606265,12.22,40.7,MEDIUM
TF-2026-0004355,EXPORT_LC,CUST-00330,CP-01412,CA,SG,JPY,720200.23,2025-05-25,2025-07-24,CLOSED,INDUSTRIAL_EQUIPMENT,1,4,5,0,0,11,MEDIUM,0.497106,NORMAL,0.15842,0.318404,6.87,27.24,LOW
TF-2026-0004356,EXPORT_LC,CUST-00848,CP-02555,CA,AE,USD,315701.69,2026-05-11,2026-08-29,SETTLED,AUTO_PARTS,3,3,12,1,1,5,MEDIUM,0.512249,NORMAL,0.587936,0.681993,11.69,56.88,MEDIUM
TF-2026-0004357,IMPORT_LC,CUST-00559,CP-00948,CA,US,JPY,391594.4,2025-11-29,2026-02-19,ACTIVE,TEXTILES,0,6,13,0,1,12,MEDIUM,0.504009,NORMAL,0.107101,0.402476,9.11,30.52,LOW
TF-2026-0004358,GUARANTEE,CUST-01130,CP-02460,CA,CN,EUR,37962.94,2025-03-02,2025-07-15,CLOSED,TEXTILES,2,10,13,0,1,14,LOW,0.612103,HIGH,0.293017,0.555649,10.77,52.91,MEDIUM
TF-2026-0004359,COLLECTION,CUST-00186,CP-02472,CA,JP,CNY,1105139.57,2025-04-04,2025-09-08,SETTLED,CHEMICALS,2,8,12,0,1,4,HIGH,0.48675,NORMAL,0.167348,0.403526,9.57,33.0,LOW
TF-2026-0004360,GUARANTEE,CUST-00596,CP-01031,CA,AE,EUR,110386.03,2025-10-04,2026-02-04,CLOSED,INDUSTRIAL_EQUIPMENT,5,8,6,0,0,3,LOW,0.54622,NORMAL,0.445469,0.582401,10.91,52.51,MEDIUM
TF-2026-0004361,GUARANTEE,CUST-00286,CP-01997,CA,FR,GBP,2050464.68,2025-05-14,2025-10-04,CLOSED,AGRICULTURE,0,5,11,0,1,10,MEDIUM,0.540225,NORMAL,0.092553,0.210668,5.73,32.74,LOW
TF-2026-0004362,IMPORT_LC,CUST-00291,CP-01566,CA,FR,JPY,107403.96,2024-10-01,2025-03-29,SETTLED,INDUSTRIAL_EQUIPMENT,4,5,17,0,1,9,MEDIUM,0.514385,NORMAL,0.382271,0.714435,14.17,52.5,MEDIUM
TF-2026-0004363,COLLECTION,CUST-00633,CP-01283,CA,BR,EUR,972973.37,2025-02-11,2025-04-14,CLOSED,CHEMICALS,4,9,3,1,0,14,LOW,0.53058,NORMAL,0.733967,0.52548,8.98,55.77,MEDIUM
TF-2026-0004364,EXPORT_LC,CUST-00388,CP-03100,CA,IN,EUR,303501.21,2026-08-12,2027-01-24,ACTIVE,CHEMICALS,0,7,8,0,0,9,HIGH,0.503393,NORMAL,0.159727,0.157699,6.81,28.31,LOW
TF-2026-0004365,EXPORT_LC,CUST-00488,CP-03484,CA,DE,JPY,236189.65,2025-06-18,2025-11-26,SETTLED,TEXTILES,5,9,13,1,1,5,MEDIUM,0.523452,NORMAL,0.706797,0.835703,13.84,68.86,HIGH
TF-2026-0004366,COLLECTION,CUST-00487,CP-02401,CA,GB,JPY,630128.47,2026-03-24,2026-07-13,SETTLED,ELECTRONICS,1,9,11,0,1,12,LOW,0.497034,NORMAL,0.152893,0.466868,8.99,27.25,LOW
TF-2026-0004367,COLLECTION,CUST-00744,CP-02486,CA,BR,USD,416546.79,2026-05-21,2026-10-22,CLOSED,ELECTRONICS,0,7,7,0,0,1,MEDIUM,0.524982,NORMAL,0.176245,0.167986,6.95,30.0,LOW
TF-2026-0004368,COLLECTION,CUST-00947,CP-01409,CA,GB,EUR,712833.76,2025-02-09,2025-05-09,ACTIVE,CHEMICALS,0,7,7,0,0,11,HIGH,0.505299,NORMAL,0.144057,0.156682,6.69,28.32,LOW
TF-2026-0004369,EXPORT_LC,CUST-01014,CP-03047,CA,DE,CNY,522538.86,2025-12-04,2026-02-22,SETTLED,CHEMICALS,0,9,3,0,0,7,HIGH,0.510117,NORMAL,0.084775,0.175168,5.08,28.49,LOW
TF-2026-0004370,IMPORT_LC,CUST-01038,CP-03272,CA,US,CNY,486671.1,2025-05-28,2025-11-23,SETTLED,ELECTRONICS,5,4,14,1,1,6,HIGH,0.50291,NORMAL,0.61122,0.861871,13.9,66.32,HIGH
TF-2026-0004371,EXPORT_LC,CUST-00401,CP-02378,CA,US,CNY,173659.89,2025-04-13,2025-06-21,CLOSED,AUTO_PARTS,0,10,6,1,0,13,LOW,0.564494,NORMAL,0.461539,0.224034,6.55,43.38,MEDIUM
TF-2026-0004372,GUARANTEE,CUST-00531,CP-00793,CA,FR,USD,1443258.98,2025-05-17,2025-09-03,CLOSED,AGRICULTURE,3,10,11,1,1,11,LOW,0.53033,NORMAL,0.595631,0.692633,11.09,57.39,MEDIUM
TF-2026-0004373,EXPORT_LC,CUST-00525,CP-03267,CA,SG,CNY,89243.05,2026-05-13,2026-08-24,SETTLED,CHEMICALS,4,6,15,1,1,9,MEDIUM,0.514322,NORMAL,0.69213,0.779546,13.5,64.06,MEDIUM
TF-2026-0004374,GUARANTEE,CUST-00867,CP-01405,CA,SG,CNY,1552120.39,2024-12-10,2025-04-16,CLOSED,AUTO_PARTS,1,3,11,1,1,8,MEDIUM,0.542852,NORMAL,0.200082,0.509928,8.77,46.98,MEDIUM
TF-2026-0004375,IMPORT_LC,CUST-00205,CP-02169,CA,US,CNY,162845.52,2025-10-17,2025-12-20,CLOSED,TEXTILES,1,6,9,0,0,3,HIGH,0.500168,NORMAL,0.22176,0.23046,8.77,31.85,LOW
TF-2026-0004376,EXPORT_LC,CUST-00678,CP-00187,CA,IN,JPY,508528.38,2025-04-21,2025-09-23,ACTIVE,AGRICULTURE,1,9,12,0,1,14,MEDIUM,0.513659,NORMAL,0.149403,0.529417,9.81,38.82,LOW
TF-2026-0004377,GUARANTEE,CUST-01176,CP-03055,CA,IN,CNY,396642.4,2025-09-28,2025-12-02,SETTLED,AGRICULTURE,3,8,11,0,1,1,HIGH,0.494839,NORMAL,0.262804,0.606604,10.38,44.93,MEDIUM
TF-2026-0004378,IMPORT_LC,CUST-00434,CP-01861,CA,GB,CAD,1304830.39,2025-08-04,2025-10-25,SETTLED,TEXTILES,2,10,8,1,0,6,LOW,0.525616,NORMAL,0.559586,0.426696,11.54,45.79,MEDIUM
TF-2026-0004379,EXPORT_LC,CUST-00001,CP-00273,CA,GB,CNY,685556.09,2025-09-08,2025-12-13,CLOSED,AUTO_PARTS,2,4,11,1,1,0,LOW,0.527136,NORMAL,0.393412,0.459875,10.12,42.31,MEDIUM
TF-2026-0004380,GUARANTEE,CUST-00364,CP-00640,CA,FR,CNY,310663.51,2025-06-22,2025-09-22,SETTLED,INDUSTRIAL_EQUIPMENT,0,9,8,0,0,1,HIGH,0.53625,NORMAL,0.137104,0.315348,5.41,41.79,MEDIUM
TF-2026-0004381,EXPORT_LC,CUST-00981,CP-00466,CA,JP,CAD,177457.33,2025-03-12,2025-06-19,SETTLED,AUTO_PARTS,3,5,4,0,0,11,HIGH,0.491152,NORMAL,0.393438,0.552467,10.4,46.06,MEDIUM
TF-2026-0004382,COLLECTION,CUST-00702,CP-01407,CA,FR,CNY,621464.63,2025-02-10,2025-07-16,CLOSED,CHEMICALS,5,7,17,0,1,13,MEDIUM,0.504124,NORMAL,0.421101,0.675539,12.75,49.53,MEDIUM
TF-2026-0004383,IMPORT_LC,CUST-00024,CP-01328,CA,US,CAD,425852.66,2024-12-08,2025-03-15,CLOSED,AGRICULTURE,1,6,2,0,0,10,LOW,0.475521,NORMAL,0.171237,0.213924,5.23,14.24,LOW
TF-2026-0004384,COLLECTION,CUST-00273,CP-02129,CA,BR,CNY,467623.63,2026-06-15,2026-12-09,CLOSED,AUTO_PARTS,4,6,6,0,0,13,LOW,0.495162,NORMAL,0.41415,0.573445,10.74,38.41,LOW
TF-2026-0004385,EXPORT_LC,CUST-00680,CP-00816,CA,DE,GBP,1102459.11,2025-07-14,2025-11-03,SETTLED,AGRICULTURE,0,3,6,0,0,2,MEDIUM,0.567736,NORMAL,0.148018,0.19278,6.08,38.32,LOW
TF-2026-0004386,COLLECTION,CUST-00592,CP-00152,CA,AE,EUR,609079.61,2025-07-07,2025-09-17,SETTLED,CHEMICALS,2,4,7,1,0,3,HIGH,0.484617,NORMAL,0.3771,0.443176,8.34,40.21,MEDIUM
TF-2026-0004387,GUARANTEE,CUST-00891,CP-01524,CA,BR,USD,334619.45,2024-11-07,2025-04-08,ACTIVE,ELECTRONICS,1,4,11,0,1,9,LOW,0.48956,NORMAL,0.271966,0.38325,8.85,26.07,LOW
TF-2026-0004388,COLLECTION,CUST-00322,CP-01945,CA,US,CAD,742063.23,2026-04-13,2026-10-02,CLOSED,CHEMICALS,0,3,7,0,0,3,HIGH,0.558587,NORMAL,0.157236,0.32751,7.38,47.13,MEDIUM
TF-2026-0004389,IMPORT_LC,CUST-00988,CP-02517,CA,DE,CNY,1537685.25,2025-07-28,2025-12-02,CLOSED,AUTO_PARTS,1,9,2,1,0,12,LOW,0.526294,NORMAL,0.525215,0.170816,5.91,35.96,LOW
TF-2026-0004390,EXPORT_LC,CUST-00759,CP-00534,CA,SG,USD,217889.69,2025-03-29,2025-07-07,SETTLED,CHEMICALS,1,7,5,1,0,0,LOW,0.530993,NORMAL,0.528742,0.3188,7.27,42.48,MEDIUM
TF-2026-0004391,GUARANTEE,CUST-01169,CP-00624,CA,JP,CAD,1215625.12,2026-01-14,2026-05-27,ACTIVE,AGRICULTURE,4,5,15,1,1,8,LOW,0.488552,NORMAL,0.452892,0.759786,12.73,44.43,MEDIUM
TF-2026-0004392,GUARANTEE,CUST-00405,CP-03072,CA,GB,JPY,1824174.07,2026-07-23,2026-12-17,ACTIVE,INDUSTRIAL_EQUIPMENT,0,10,8,0,0,13,LOW,0.579314,NORMAL,0.138748,0.211981,7.27,34.72,LOW
TF-2026-0004393,IMPORT_LC,CUST-00469,CP-00514,CA,US,GBP,25090.36,2024-08-25,2024-12-25,CLOSED,INDUSTRIAL_EQUIPMENT,1,5,6,1,0,11,LOW,0.589358,HIGH,0.552472,0.271258,7.71,49.83,MEDIUM
TF-2026-0004394,EXPORT_LC,CUST-01182,CP-00501,CA,IN,CNY,2640791.46,2025-02-25,2025-07-02,SETTLED,TEXTILES,5,10,9,1,0,1,LOW,0.61117,HIGH,0.378737,0.594001,11.25,56.8,MEDIUM
TF-2026-0004395,COLLECTION,CUST-00054,CP-02514,CA,GB,CNY,415344.94,2025-11-25,2026-03-17,CLOSED,ELECTRONICS,0,9,9,0,0,6,LOW,0.511761,NORMAL,0.194431,0.170015,7.84,22.03,LOW
TF-2026-0004396,GUARANTEE,CUST-00337,CP-03050,CA,US,CAD,3054440.59,2025-05-02,2025-10-02,ACTIVE,CHEMICALS,1,8,6,0,0,8,HIGH,0.5316,NORMAL,0.164399,0.237872,6.27,38.8,LOW
TF-2026-0004397,IMPORT_LC,CUST-00695,CP-00875,CA,SG,CAD,199081.79,2024-09-15,2024-11-26,SETTLED,TEXTILES,0,7,6,0,0,3,LOW,0.522279,NORMAL,0.13556,0.16985,6.68,23.1,LOW
TF-2026-0004398,IMPORT_LC,CUST-00433,CP-00550,CA,MX,GBP,2783767.41,2025-10-18,2025-12-27,CLOSED,CHEMICALS,3,9,11,0,1,6,MEDIUM,0.537784,NORMAL,0.323755,0.560771,10.45,51.37,MEDIUM
TF-2026-0004399,IMPORT_LC,CUST-00637,CP-00311,CA,AE,JPY,1146325.07,2024-09-10,2025-01-28,ACTIVE,ELECTRONICS,3,7,7,0,0,2,MEDIUM,0.497668,NORMAL,0.312825,0.449343,9.19,36.62,LOW
TF-2026-0004400,IMPORT_LC,CUST-00778,CP-00851,CA,SG,CNY,451193.81,2025-09-14,2026-01-17,SETTLED,TEXTILES,3,10,9,0,0,7,HIGH,0.493762,NORMAL,0.382403,0.376382,9.33,40.21,MEDIUM
TF-2026-0004401,EXPORT_LC,CUST-00855,CP-01867,CA,FR,JPY,984459.99,2025-06-11,2025-11-01,CLOSED,AUTO_PARTS,1,7,11,0,1,0,HIGH,0.535229,NORMAL,0.186402,0.336244,9.8,43.8,MEDIUM
TF-2026-0004402,EXPORT_LC,CUST-00182,CP-00653,CA,BR,GBP,3330445.44,2024-10-20,2025-01-17,SETTLED,ELECTRONICS,0,7,7,0,0,9,HIGH,0.556711,NORMAL,0.134892,0.204157,7.45,41.84,MEDIUM
TF-2026-0004403,EXPORT_LC,CUST-00587,CP-01332,CA,JP,CNY,359151.56,2026-03-10,2026-09-04,CLOSED,ELECTRONICS,3,5,11,0,1,2,LOW,0.486471,NORMAL,0.38839,0.607152,10.04,36.68,LOW
TF-2026-0004404,COLLECTION,CUST-00753,CP-02768,CA,FR,CAD,285656.93,2026-05-11,2026-07-24,ACTIVE,CHEMICALS,1,6,1,0,0,3,LOW,0.486461,NORMAL,0.122835,0.252472,5.24,16.29,LOW
TF-2026-0004405,EXPORT_LC,CUST-00589,CP-02096,CA,BR,USD,346811.97,2026-03-08,2026-08-04,ACTIVE,AGRICULTURE,2,3,11,0,1,9,HIGH,0.518333,NORMAL,0.265029,0.643337,10.63,52.55,MEDIUM
TF-2026-0004406,COLLECTION,CUST-00690,CP-00261,CA,SG,CNY,143748.34,2025-09-18,2026-01-23,ACTIVE,INDUSTRIAL_EQUIPMENT,4,5,9,0,0,6,HIGH,0.50328,NORMAL,0.608662,0.499856,10.29,53.72,MEDIUM
TF-2026-0004407,COLLECTION,CUST-00738,CP-01920,CA,GB,GBP,89879.18,2025-06-23,2025-08-31,SETTLED,AGRICULTURE,5,10,8,0,0,4,HIGH,0.58555,NORMAL,0.561861,0.572748,10.95,70.45,HIGH
TF-2026-0004408,IMPORT_LC,CUST-00575,CP-01833,CA,JP,EUR,334950.35,2025-04-26,2025-07-17,CLOSED,CHEMICALS,2,7,7,0,0,9,HIGH,0.461949,NORMAL,0.327088,0.291703,8.23,30.13,LOW
TF-2026-0004409,GUARANTEE,CUST-01006,CP-01383,CA,AE,EUR,944129.85,2024-09-29,2024-12-14,ACTIVE,TEXTILES,3,4,13,0,1,13,HIGH,0.502304,NORMAL,0.476022,0.699178,12.89,56.39,MEDIUM
TF-2026-0004410,EXPORT_LC,CUST-00566,CP-01971,CA,US,EUR,369696.28,2026-05-01,2026-10-25,ACTIVE,INDUSTRIAL_EQUIPMENT,0,8,6,1,0,14,LOW,0.527082,NORMAL,0.18337,0.191932,6.67,26.6,LOW
TF-2026-0004411,IMPORT_LC,CUST-00231,CP-02991,CA,AE,USD,417552.19,2025-05-29,2025-10-23,SETTLED,AGRICULTURE,0,9,3,0,0,7,HIGH,0.510661,NORMAL,0.21594,0.194222,7.48,33.24,LOW
TF-2026-0004412,IMPORT_LC,CUST-00760,CP-01575,CA,SG,CNY,395318.23,2026-02-19,2026-06-23,CLOSED,ELECTRONICS,5,8,15,0,1,14,HIGH,0.528724,NORMAL,0.372982,0.842213,15.34,65.51,HIGH
TF-2026-0004413,GUARANTEE,CUST-01060,CP-00597,CA,JP,USD,905731.29,2024-10-14,2025-02-24,SETTLED,CHEMICALS,2,4,2,0,0,10,HIGH,0.492991,NORMAL,0.188333,0.430014,9.7,36.11,LOW
TF-2026-0004414,COLLECTION,CUST-00374,CP-01901,CA,IN,CAD,370264.2,2025-01-21,2025-05-01,SETTLED,CHEMICALS,2,4,10,0,0,4,HIGH,0.48261,NORMAL,0.171188,0.321507,9.87,29.32,LOW
TF-2026-0004415,IMPORT_LC,CUST-00418,CP-00443,CA,AE,CAD,1087261.03,2026-07-10,2026-11-05,SETTLED,CHEMICALS,1,4,11,0,1,5,HIGH,0.4983,NORMAL,0.174628,0.477142,9.62,38.61,LOW
TF-2026-0004416,EXPORT_LC,CUST-01149,CP-01810,CA,CN,CNY,200317.7,2026-08-03,2026-11-23,SETTLED,ELECTRONICS,3,6,13,1,1,5,HIGH,0.47506,NORMAL,0.682779,0.68243,12.23,55.91,MEDIUM
TF-2026-0004417,EXPORT_LC,CUST-00996,CP-00579,CA,MX,CAD,153390.99,2025-03-06,2025-06-18,CLOSED,AUTO_PARTS,3,9,6,0,0,14,HIGH,0.531091,NORMAL,0.470715,0.532348,9.41,58.23,MEDIUM
TF-2026-0004418,GUARANTEE,CUST-00309,CP-01522,CA,BR,USD,574185.06,2024-08-13,2024-11-12,SETTLED,CHEMICALS,2,10,13,0,1,4,MEDIUM,0.503441,NORMAL,0.404995,0.496232,10.5,42.53,MEDIUM
TF-2026-0004419,IMPORT_LC,CUST-00996,CP-02661,CA,CN,CNY,228402.24,2026-05-16,2026-09-28,SETTLED,AGRICULTURE,3,4,6,0,0,15,HIGH,0.529527,NORMAL,0.303384,0.406769,8.89,48.41,MEDIUM
TF-2026-0004420,GUARANTEE,CUST-00682,CP-03268,CA,FR,USD,518948.51,2024-09-18,2024-12-30,ACTIVE,TEXTILES,3,9,9,0,0,7,HIGH,0.46885,NORMAL,0.431369,0.399766,9.46,37.58,LOW
TF-2026-0004421,EXPORT_LC,CUST-01073,CP-00718,CA,AE,CAD,111207.95,2026-01-27,2026-05-05,CLOSED,AUTO_PARTS,2,8,7,0,0,14,MEDIUM,0.533452,NORMAL,0.285763,0.4278,9.64,44.59,MEDIUM
TF-2026-0004422,IMPORT_LC,CUST-00627,CP-00823,CA,FR,CAD,431021.37,2025-12-01,2026-04-11,ACTIVE,AUTO_PARTS,4,10,16,0,1,6,LOW,0.51487,NORMAL,0.352271,0.722369,13.83,47.02,MEDIUM
TF-2026-0004423,COLLECTION,CUST-00857,CP-00475,CA,IN,GBP,859735.79,2025-06-21,2025-12-01,ACTIVE,TEXTILES,3,4,23,0,1,12,MEDIUM,0.49169,NORMAL,0.289795,0.73561,15.98,44.52,MEDIUM
TF-2026-0004424,EXPORT_LC,CUST-00995,CP-01379,CA,IN,JPY,431026.56,2025-01-28,2025-04-04,CLOSED,ELECTRONICS,3,4,9,0,0,3,HIGH,0.484881,NORMAL,0.483619,0.459624,10.58,44.06,MEDIUM
TF-2026-0004425,GUARANTEE,CUST-00236,CP-02228,CA,DE,GBP,317774.64,2025-03-08,2025-06-26,CLOSED,TEXTILES,1,9,10,0,0,8,MEDIUM,0.483732,NORMAL,0.176403,0.186812,9.47,20.01,LOW
TF-2026-0004426,EXPORT_LC,CUST-00526,CP-01970,CA,US,USD,283753.92,2024-08-19,2024-10-23,SETTLED,ELECTRONICS,1,6,6,0,0,3,HIGH,0.486461,NORMAL,0.191805,0.291283,7.79,29.72,LOW
TF-2026-0004427,EXPORT_LC,CUST-00167,CP-02464,CA,AE,JPY,436526.09,2026-08-02,2027-01-19,ACTIVE,TEXTILES,3,3,12,0,1,4,MEDIUM,0.511368,NORMAL,0.485721,0.712927,11.49,54.66,MEDIUM
TF-2026-0004428,IMPORT_LC,CUST-00012,CP-00325,CA,DE,CAD,376688.39,2025-01-30,2025-06-27,SETTLED,AUTO_PARTS,5,4,15,0,1,8,LOW,0.506972,NORMAL,0.390005,0.827702,14.4,49.63,MEDIUM
TF-2026-0004429,COLLECTION,CUST-00999,CP-01232,CA,AE,EUR,582487.59,2025-01-05,2025-04-03,CLOSED,ELECTRONICS,5,8,15,1,1,2,LOW,0.513624,NORMAL,0.735862,0.750232,14.09,59.12,MEDIUM
TF-2026-0004430,IMPORT_LC,CUST-01179,CP-02996,CA,US,CAD,197711.58,2025-10-29,2026-03-06,CLOSED,ELECTRONICS,3,8,6,1,0,3,HIGH,0.489405,NORMAL,0.6367,0.425871,8.97,48.47,MEDIUM
TF-2026-0004431,IMPORT_LC,CUST-00510,CP-03212,CA,US,EUR,173070.89,2024-10-13,2025-01-02,SETTLED,ELECTRONICS,4,6,2,0,0,13,LOW,0.512419,NORMAL,0.410298,0.50817,7.78,40.55,MEDIUM
TF-2026-0004432,EXPORT_LC,CUST-00692,CP-02015,CA,BR,GBP,150303.59,2024-09-01,2025-02-12,SETTLED,CHEMICALS,4,4,16,0,1,4,LOW,0.509075,NORMAL,0.398942,0.718986,11.86,46.63,MEDIUM
TF-2026-0004433,IMPORT_LC,CUST-00453,CP-02018,CA,JP,USD,698160.17,2025-08-02,2025-11-19,ACTIVE,AUTO_PARTS,5,6,21,1,1,4,MEDIUM,0.497448,NORMAL,0.425455,0.843527,17.17,53.71,MEDIUM
TF-2026-0004434,IMPORT_LC,CUST-01095,CP-02809,CA,JP,USD,126122.78,2025-11-10,2026-04-02,CLOSED,INDUSTRIAL_EQUIPMENT,5,7,13,0,1,13,HIGH,0.536954,NORMAL,0.286631,0.797575,14.31,63.33,MEDIUM
TF-2026-0004435,EXPORT_LC,CUST-01104,CP-02266,CA,CN,JPY,1172019.04,2026-07-22,2026-11-28,SETTLED,CHEMICALS,2,3,4,0,0,12,HIGH,0.542593,NORMAL,0.266454,0.305649,6.22,46.77,MEDIUM
TF-2026-0004436,EXPORT_LC,CUST-00450,CP-00677,CA,DE,GBP,533676.33,2025-12-31,2026-05-06,CLOSED,INDUSTRIAL_EQUIPMENT,3,6,6,0,0,3,HIGH,0.472203,NORMAL,0.35188,0.466677,9.5,38.01,LOW
TF-2026-0004437,IMPORT_LC,CUST-00742,CP-02363,CA,CN,USD,2585452.54,2024-09-25,2025-03-23,CLOSED,INDUSTRIAL_EQUIPMENT,5,10,9,1,0,6,LOW,0.591256,HIGH,0.370479,0.555277,12.31,54.43,MEDIUM
TF-2026-0004438,IMPORT_LC,CUST-00345,CP-00498,CA,IN,CNY,299433.51,2026-07-19,2026-12-29,CLOSED,AGRICULTURE,1,10,7,0,0,3,LOW,0.51828,NORMAL,0.287601,0.170412,8.51,26.65,LOW
TF-2026-0004439,COLLECTION,CUST-00679,CP-00907,CA,JP,USD,731912.75,2026-02-22,2026-06-21,SETTLED,AGRICULTURE,2,3,15,0,1,6,HIGH,0.513922,NORMAL,0.21804,0.640367,12.76,49.84,MEDIUM
TF-2026-0004440,IMPORT_LC,CUST-00703,CP-03067,CA,BR,EUR,541689.03,2025-12-04,2026-04-01,SETTLED,INDUSTRIAL_EQUIPMENT,5,8,19,0,1,10,HIGH,0.49378,NORMAL,0.561231,0.860572,16.93,62.53,MEDIUM
TF-2026-0004441,GUARANTEE,CUST-00135,CP-00540,CA,CN,JPY,259119.21,2026-05-27,2026-08-23,ACTIVE,INDUSTRIAL_EQUIPMENT,1,3,10,0,0,10,LOW,0.532562,NORMAL,0.117583,0.211003,8.35,26.69,LOW
TF-2026-0004442,GUARANTEE,CUST-00815,CP-00344,CA,FR,CAD,610441.01,2025-06-25,2025-09-18,ACTIVE,ELECTRONICS,5,7,11,0,1,11,MEDIUM,0.49295,NORMAL,0.390889,0.790951,12.87,49.8,MEDIUM
TF-2026-0004443,GUARANTEE,CUST-00872,CP-02212,CA,JP,GBP,690354.58,2025-11-27,2026-03-17,SETTLED,AGRICULTURE,4,6,14,0,1,7,MEDIUM,0.471873,NORMAL,0.370172,0.848677,14.7,46.84,MEDIUM
TF-2026-0004444,GUARANTEE,CUST-00523,CP-00354,CA,JP,USD,1809517.83,2024-08-20,2024-11-11,SETTLED,ELECTRONICS,2,7,8,0,0,3,MEDIUM,0.510027,NORMAL,0.265053,0.44876,8.64,38.45,LOW
TF-2026-0004445,EXPORT_LC,CUST-00726,CP-02320,CA,MX,CAD,682051.3,2024-12-22,2025-06-09,ACTIVE,CHEMICALS,0,10,4,0,0,7,LOW,0.537882,NORMAL,0.152043,0.233063,6.06,29.77,LOW
TF-2026-0004446,IMPORT_LC,CUST-01039,CP-01133,CA,BR,GBP,2543974.24,2024-08-18,2024-10-21,SETTLED,INDUSTRIAL_EQUIPMENT,2,9,10,0,0,14,MEDIUM,0.564545,NORMAL,0.187483,0.281981,9.25,42.2,MEDIUM
TF-2026-0004447,COLLECTION,CUST-00232,CP-01357,CA,SG,CAD,739748.13,2026-04-14,2026-08-22,CLOSED,TEXTILES,4,4,17,0,1,4,MEDIUM,0.490335,NORMAL,0.413547,0.711877,14.11,47.03,MEDIUM
TF-2026-0004448,IMPORT_LC,CUST-00874,CP-00503,CA,MX,GBP,820707.27,2025-03-23,2025-08-05,SETTLED,AGRICULTURE,0,3,6,0,0,3,HIGH,0.559432,NORMAL,0.176241,0.138352,5.1,41.17,MEDIUM
TF-2026-0004449,EXPORT_LC,CUST-00112,CP-01079,CA,BR,CAD,793080.13,2026-03-22,2026-07-27,ACTIVE,ELECTRONICS,4,3,15,0,1,15,LOW,0.570224,NORMAL,0.334738,0.763034,13.75,59.17,MEDIUM
TF-2026-0004450,GUARANTEE,CUST-01067,CP-00242,CA,FR,EUR,89277.8,2025-03-23,2025-06-30,SETTLED,CHEMICALS,3,6,13,0,1,7,HIGH,0.502326,NORMAL,0.407892,0.721289,11.84,55.13,MEDIUM
TF-2026-0004451,GUARANTEE,CUST-00113,CP-03198,CA,GB,USD,331248.21,2026-05-16,2026-09-19,ACTIVE,AUTO_PARTS,4,7,17,0,1,0,MEDIUM,0.525521,NORMAL,0.449572,0.708893,15.16,57.33,MEDIUM
TF-2026-0004452,COLLECTION,CUST-00577,CP-03295,CA,JP,EUR,634694.24,2025-08-04,2025-12-01,ACTIVE,TEXTILES,5,10,9,1,0,0,MEDIUM,0.588731,NORMAL,0.576822,0.533004,11.52,64.68,MEDIUM
TF-2026-0004453,GUARANTEE,CUST-00153,CP-01771,CA,GB,CNY,373901.74,2026-05-07,2026-07-12,ACTIVE,AGRICULTURE,4,6,16,0,1,4,HIGH,0.481385,NORMAL,0.428808,0.802295,14.96,53.62,MEDIUM
TF-2026-0004454,IMPORT_LC,CUST-01090,CP-02352,CA,MX,GBP,1632047.71,2026-02-22,2026-08-05,CLOSED,CHEMICALS,2,10,11,0,1,6,HIGH,0.536936,NORMAL,0.296842,0.521874,10.77,53.99,MEDIUM
TF-2026-0004455,COLLECTION,CUST-00542,CP-01556,CA,GB,USD,1844150.99,2026-07-06,2026-09-27,ACTIVE,TEXTILES,1,8,6,0,0,12,HIGH,0.524133,NORMAL,0.208312,0.278478,7.23,39.61,LOW
TF-2026-0004456,COLLECTION,CUST-01177,CP-01375,CA,FR,JPY,133182.16,2024-09-11,2024-11-15,CLOSED,CHEMICALS,2,6,12,0,1,13,LOW,0.514028,NORMAL,0.214,0.560584,10.66,36.95,LOW
TF-2026-0004457,GUARANTEE,CUST-00051,CP-02232,CA,CN,CAD,1052442.55,2026-01-16,2026-06-02,ACTIVE,TEXTILES,4,6,14,1,1,5,HIGH,0.486361,NORMAL,0.728137,0.72321,13.36,60.91,MEDIUM
TF-2026-0004458,GUARANTEE,CUST-00415,CP-00380,CA,CN,CNY,126220.45,2024-11-15,2025-02-28,CLOSED,ELECTRONICS,4,4,13,0,1,7,LOW,0.512836,NORMAL,0.380087,0.746965,11.97,48.1,MEDIUM
TF-2026-0004459,IMPORT_LC,CUST-00952,CP-00520,CA,GB,JPY,1260244.93,2025-04-12,2025-07-20,CLOSED,INDUSTRIAL_EQUIPMENT,2,4,6,0,0,13,LOW,0.522359,NORMAL,0.281034,0.369798,9.16,34.47,LOW
TF-2026-0004460,EXPORT_LC,CUST-00308,CP-01464,CA,CN,CAD,1262323.88,2025-05-18,2025-07-19,ACTIVE,AUTO_PARTS,5,6,16,0,1,2,HIGH,0.525864,NORMAL,0.56825,0.727316,14.72,66.61,HIGH
TF-2026-0004461,GUARANTEE,CUST-01074,CP-00608,CA,MX,GBP,304845.91,2025-05-09,2025-09-05,ACTIVE,AUTO_PARTS,1,6,8,0,0,12,HIGH,0.486428,NORMAL,0.249573,0.272226,8.81,30.78,LOW
TF-2026-0004462,COLLECTION,CUST-00425,CP-01297,CA,GB,EUR,175872.67,2024-12-29,2025-05-15,ACTIVE,INDUSTRIAL_EQUIPMENT,3,4,7,0,0,2,HIGH,0.5051,NORMAL,0.402153,0.368212,9.36,43.4,MEDIUM
TF-2026-0004463,COLLECTION,CUST-00492,CP-00099,CA,SG,GBP,185671.29,2025-04-06,2025-06-28,ACTIVE,AGRICULTURE,5,10,19,1,1,15,MEDIUM,0.587113,NORMAL,0.508415,0.781918,16.31,71.25,HIGH
TF-2026-0004464,EXPORT_LC,CUST-00687,CP-00468,CA,AE,USD,436038.76,2025-06-22,2025-09-29,ACTIVE,CHEMICALS,2,10,9,0,0,9,HIGH,0.496397,NORMAL,0.255736,0.465357,9.21,40.15,MEDIUM
TF-2026-0004465,EXPORT_LC,CUST-00645,CP-00762,CA,US,CAD,178072.73,2025-02-20,2025-06-09,ACTIVE,AGRICULTURE,3,7,2,0,0,2,LOW,0.495718,NORMAL,0.417891,0.388673,7.71,32.17,LOW
TF-2026-0004466,EXPORT_LC,CUST-00190,CP-00230,CA,MX,JPY,618898.92,2026-05-02,2026-08-03,CLOSED,AGRICULTURE,0,4,1,0,0,9,MEDIUM,0.520779,NORMAL,0.214634,0.214993,3.57,31.66,LOW
TF-2026-0004467,IMPORT_LC,CUST-00073,CP-01233,CA,AE,EUR,126353.09,2026-07-08,2026-12-27,CLOSED,ELECTRONICS,4,4,14,0,1,4,HIGH,0.516967,NORMAL,0.486499,0.574331,12.11,56.47,MEDIUM
TF-2026-0004468,EXPORT_LC,CUST-00417,CP-02583,CA,DE,CAD,272027.27,2026-05-20,2026-11-15,ACTIVE,ELECTRONICS,5,6,9,0,0,2,HIGH,0.514739,NORMAL,0.459127,0.619568,12.41,56.58,MEDIUM
TF-2026-0004469,COLLECTION,CUST-00674,CP-01206,CA,DE,USD,364970.88,2026-07-01,2026-12-23,ACTIVE,TEXTILES,1,8,6,0,0,11,LOW,0.483826,NORMAL,0.187055,0.169119,7.41,14.73,LOW
TF-2026-0004470,GUARANTEE,CUST-00720,CP-03383,CA,IN,EUR,3206589.66,2026-04-11,2026-07-04,SETTLED,CHEMICALS,4,10,15,1,1,7,MEDIUM,0.573872,NORMAL,0.669716,0.743201,15.03,73.84,HIGH
TF-2026-0004471,IMPORT_LC,CUST-01135,CP-01820,CA,FR,GBP,198615.75,2024-09-01,2024-12-18,SETTLED,ELECTRONICS,5,7,14,0,1,12,HIGH,0.510396,NORMAL,0.529814,0.742125,13.97,61.74,MEDIUM
TF-2026-0004472,COLLECTION,CUST-00839,CP-01501,CA,US,USD,1389336.46,2026-07-18,2027-01-08,SETTLED,INDUSTRIAL_EQUIPMENT,5,3,13,1,1,6,MEDIUM,0.565637,NORMAL,0.483896,0.720648,15.84,66.58,HIGH
TF-2026-0004473,GUARANTEE,CUST-00485,CP-01695,CA,SG,JPY,1539486.93,2024-11-14,2025-01-26,CLOSED,AUTO_PARTS,4,5,9,1,0,12,LOW,0.519735,NORMAL,0.665726,0.523045,11.18,50.65,MEDIUM
TF-2026-0004474,EXPORT_LC,CUST-00097,CP-03376,CA,BR,CAD,452373.63,2025-04-18,2025-08-22,CLOSED,AGRICULTURE,0,9,14,0,1,6,MEDIUM,0.512266,NORMAL,0.141305,0.431014,9.32,34.71,LOW
TF-2026-0004475,GUARANTEE,CUST-01153,CP-00768,CA,GB,CAD,95832.05,2026-01-01,2026-05-03,CLOSED,INDUSTRIAL_EQUIPMENT,2,5,8,0,0,10,LOW,0.52031,NORMAL,0.20338,0.33803,9.4,30.49,LOW
TF-2026-0004476,IMPORT_LC,CUST-00593,CP-02801,CA,AE,GBP,963582.86,2026-06-27,2026-09-12,CLOSED,INDUSTRIAL_EQUIPMENT,2,4,11,1,1,10,MEDIUM,0.493677,NORMAL,0.31597,0.557655,10.09,39.53,LOW
TF-2026-0004477,IMPORT_LC,CUST-00550,CP-01647,CA,MX,GBP,56261.09,2025-11-23,2026-01-24,CLOSED,ELECTRONICS,4,10,10,1,0,7,HIGH,0.576564,NORMAL,0.589616,0.535869,12.08,69.39,HIGH
TF-2026-0004478,IMPORT_LC,CUST-00852,CP-02269,CA,AE,JPY,171854.42,2024-12-29,2025-05-06,SETTLED,AUTO_PARTS,5,7,17,0,1,14,LOW,0.535755,NORMAL,0.597233,0.809635,15.89,62.81,MEDIUM
TF-2026-0004479,IMPORT_LC,CUST-00008,CP-02389,CA,BR,GBP,287562.56,2026-04-12,2026-08-24,CLOSED,ELECTRONICS,5,10,11,1,1,15,MEDIUM,0.582132,NORMAL,0.460975,0.826473,12.93,71.06,HIGH
TF-2026-0004480,COLLECTION,CUST-00331,CP-03429,CA,BR,EUR,139468.9,2025-01-07,2025-05-24,CLOSED,ELECTRONICS,4,10,18,1,1,10,HIGH,0.538799,NORMAL,0.696667,0.723749,14.65,73.5,HIGH
TF-2026-0004481,IMPORT_LC,CUST-01027,CP-02114,CA,IN,USD,1120806.25,2026-03-28,2026-06-22,CLOSED,INDUSTRIAL_EQUIPMENT,0,9,4,1,0,6,MEDIUM,0.528156,NORMAL,0.170858,0.174549,5.97,30.94,LOW
TF-2026-0004482,EXPORT_LC,CUST-01016,CP-01645,CA,GB,JPY,93784.44,2024-08-17,2024-10-17,SETTLED,CHEMICALS,5,7,18,0,1,8,MEDIUM,0.530514,NORMAL,0.454473,0.722324,12.98,59.24,MEDIUM
TF-2026-0004483,EXPORT_LC,CUST-00803,CP-01634,CA,AE,EUR,1041027.98,2025-04-25,2025-07-03,CLOSED,TEXTILES,0,8,14,0,1,9,MEDIUM,0.518791,NORMAL,0.197788,0.424298,9.31,37.98,LOW
TF-2026-0004484,IMPORT_LC,CUST-00847,CP-03336,CA,SG,JPY,1459086.44,2025-09-30,2026-03-11,SETTLED,TEXTILES,0,4,9,0,0,6,MEDIUM,0.530674,NORMAL,0.153001,0.325277,6.73,36.36,LOW
TF-2026-0004485,EXPORT_LC,CUST-00310,CP-00618,CA,MX,CNY,87755.42,2026-01-26,2026-04-27,CLOSED,AGRICULTURE,1,10,12,0,1,3,LOW,0.560786,NORMAL,0.268995,0.361015,8.82,41.92,MEDIUM
TF-2026-0004486,EXPORT_LC,CUST-00595,CP-00749,CA,SG,EUR,753842.07,2025-12-03,2026-02-16,ACTIVE,AUTO_PARTS,5,9,10,0,0,7,MEDIUM,0.514213,NORMAL,0.393638,0.59308,11.96,48.53,MEDIUM
TF-2026-0004487,EXPORT_LC,CUST-00865,CP-01164,CA,US,EUR,180892.13,2024-12-22,2025-03-03,CLOSED,INDUSTRIAL_EQUIPMENT,0,5,9,0,0,12,LOW,0.531873,NORMAL,0.230732,0.229348,7.96,30.58,LOW
TF-2026-0004488,GUARANTEE,CUST-00487,CP-01656,CA,US,JPY,147903.04,2026-03-24,2026-08-02,ACTIVE,CHEMICALS,2,8,14,0,1,11,LOW,0.497625,NORMAL,0.271631,0.562491,11.6,34.32,LOW
TF-2026-0004489,GUARANTEE,CUST-00355,CP-00104,CA,BR,USD,118907.36,2026-05-01,2026-10-09,CLOSED,TEXTILES,0,7,5,0,0,10,MEDIUM,0.530867,NORMAL,0.12821,0.172735,6.08,30.34,LOW
TF-2026-0004490,IMPORT_LC,CUST-00880,CP-00416,CA,JP,USD,512019.51,2026-08-10,2026-10-23,CLOSED,AUTO_PARTS,1,6,9,0,0,2,LOW,0.4889,NORMAL,0.116514,0.207838,8.05,15.11,LOW
TF-2026-0004491,GUARANTEE,CUST-00921,CP-02724,CA,CN,CAD,229838.58,2025-10-30,2026-02-13,ACTIVE,AGRICULTURE,2,6,8,1,0,2,HIGH,0.485525,NORMAL,0.332306,0.398637,8.75,37.51,LOW
TF-2026-0004492,IMPORT_LC,CUST-00827,CP-01076,CA,GB,GBP,851904.92,2024-11-24,2025-02-27,CLOSED,CHEMICALS,3,10,13,1,1,12,HIGH,0.51174,NORMAL,0.607611,0.683922,10.71,62.4,MEDIUM
TF-2026-0004493,EXPORT_LC,CUST-00527,CP-00614,CA,MX,CAD,1295108.24,2026-06-06,2026-09-15,SETTLED,AUTO_PARTS,5,8,12,0,1,2,LOW,0.534982,NORMAL,0.474101,0.833031,12.79,59.74,MEDIUM
TF-2026-0004494,GUARANTEE,CUST-00681,CP-02567,CA,IN,USD,1155628.65,2024-10-25,2025-01-13,ACTIVE,ELECTRONICS,2,4,11,1,1,7,HIGH,0.497656,NORMAL,0.292748,0.533577,10.36,43.96,MEDIUM
TF-2026-0004495,EXPORT_LC,CUST-00239,CP-03471,CA,AE,CAD,6733217.62,2026-04-30,2026-06-29,ACTIVE,INDUSTRIAL_EQUIPMENT,0,4,1,0,0,12,HIGH,0.610022,HIGH,0.192308,0.256952,4.25,49.35,MEDIUM
TF-2026-0004496,GUARANTEE,CUST-00777,CP-03002,CA,SG,GBP,209162.27,2025-02-17,2025-08-06,SETTLED,CHEMICALS,4,10,9,1,0,12,HIGH,0.527975,NORMAL,0.711105,0.678618,11.11,69.72,HIGH
TF-2026-0004497,EXPORT_LC,CUST-00819,CP-03178,CA,BR,GBP,295353.4,2026-05-28,2026-11-24,CLOSED,CHEMICALS,1,5,14,0,1,0,MEDIUM,0.523838,NORMAL,0.327422,0.468366,10.37,44.76,MEDIUM
TF-2026-0004498,EXPORT_LC,CUST-00852,CP-03040,CA,US,EUR,444658.1,2025-09-23,2026-02-05,CLOSED,INDUSTRIAL_EQUIPMENT,3,10,13,0,1,11,LOW,0.507209,NORMAL,0.321401,0.587475,12.21,39.21,LOW
TF-2026-0004499,COLLECTION,CUST-00077,CP-00239,CA,GB,JPY,864305.96,2025-09-01,2026-01-12,ACTIVE,AUTO_PARTS,1,8,12,0,1,9,HIGH,0.482422,NORMAL,0.258539,0.440985,9.23,36.07,LOW
TF-2026-0004500,EXPORT_LC,CUST-00719,CP-00225,CA,IN,JPY,211721.08,2025-05-26,2025-10-02,SETTLED,AUTO_PARTS,3,7,12,0,1,9,MEDIUM,0.466029,NORMAL,0.480048,0.689038,11.26,43.92,MEDIUM
TF-2026-0004501,GUARANTEE,CUST-00436,CP-02315,CA,AE,JPY,757245.56,2026-01-16,2026-06-07,SETTLED,CHEMICALS,0,7,7,0,0,9,MEDIUM,0.507936,NORMAL,0.204812,0.202256,6.47,27.4,LOW
TF-2026-0004502,GUARANTEE,CUST-01081,CP-01796,CA,GB,CNY,230296.6,2025-07-23,2026-01-07,ACTIVE,AUTO_PARTS,4,7,20,0,1,2,HIGH,0.501756,NORMAL,0.30002,0.745904,16.07,52.6,MEDIUM
TF-2026-0004503,COLLECTION,CUST-00396,CP-00276,CA,FR,USD,179056.06,2026-08-11,2026-12-28,SETTLED,ELECTRONICS,2,7,13,0,1,10,LOW,0.483921,NORMAL,0.228964,0.606142,12.12,31.32,LOW
TF-2026-0004504,COLLECTION,CUST-00227,CP-00812,CA,JP,USD,59779.01,2026-04-30,2026-08-12,SETTLED,TEXTILES,2,4,17,0,1,8,HIGH,0.55111,NORMAL,0.260556,0.463789,11.17,53.81,MEDIUM
TF-2026-0004505,IMPORT_LC,CUST-01058,CP-01509,CA,BR,CNY,314132.72,2025-09-24,2026-01-16,CLOSED,CHEMICALS,5,10,13,0,1,13,HIGH,0.547119,NORMAL,0.383638,0.800978,13.97,68.54,HIGH
TF-2026-0004506,COLLECTION,CUST-01188,CP-02516,CA,IN,CAD,97758.31,2026-06-01,2026-11-25,CLOSED,AUTO_PARTS,3,7,19,1,1,10,HIGH,0.49991,NORMAL,0.619319,0.475167,10.55,52.26,MEDIUM
TF-2026-0004507,COLLECTION,CUST-01014,CP-02221,CA,DE,CAD,56075.56,2025-02-20,2025-07-01,ACTIVE,ELECTRONICS,0,8,8,0,0,5,HIGH,0.575192,NORMAL,0.214234,0.15574,7.1,44.71,MEDIUM
TF-2026-0004508,GUARANTEE,CUST-00209,CP-00247,CA,MX,EUR,1405870.25,2026-04-13,2026-06-28,ACTIVE,CHEMICALS,2,10,13,0,1,7,LOW,0.517113,NORMAL,0.22407,0.619535,12.05,40.22,MEDIUM
TF-2026-0004509,COLLECTION,CUST-00085,CP-00852,CA,IN,CNY,115886.52,2024-12-14,2025-06-01,ACTIVE,AUTO_PARTS,4,3,17,0,1,1,MEDIUM,0.573317,NORMAL,0.312915,0.719625,14.28,62.23,MEDIUM
TF-2026-0004510,IMPORT_LC,CUST-01189,CP-02254,CA,IN,USD,501947.38,2025-09-12,2026-02-11,CLOSED,AGRICULTURE,3,5,7,1,0,7,LOW,0.463215,NORMAL,0.58991,0.334699,8.61,29.61,LOW
TF-2026-0004511,IMPORT_LC,CUST-01194,CP-03037,CA,BR,EUR,321834.86,2025-12-09,2026-04-30,CLOSED,AUTO_PARTS,0,5,2,0,0,9,LOW,0.506235,NORMAL,0.231626,0.158771,4.13,21.27,LOW
TF-2026-0004512,IMPORT_LC,CUST-00455,CP-00129,CA,CN,JPY,187265.63,2025-05-23,2025-08-16,CLOSED,TEXTILES,4,6,14,0,1,10,MEDIUM,0.492291,NORMAL,0.51323,0.65029,10.25,48.37,MEDIUM
TF-2026-0004513,EXPORT_LC,CUST-01020,CP-02978,CA,DE,USD,133620.61,2026-06-14,2026-11-20,CLOSED,TEXTILES,2,6,8,0,0,0,MEDIUM,0.546753,NORMAL,0.490617,0.495274,10.41,55.95,MEDIUM
TF-2026-0004514,GUARANTEE,CUST-00015,CP-01386,CA,IN,GBP,845993.26,2026-07-15,2026-10-04,ACTIVE,ELECTRONICS,0,6,6,0,0,13,HIGH,0.51496,NORMAL,0.119511,0.227118,6.25,32.74,LOW
TF-2026-0004515,IMPORT_LC,CUST-00941,CP-02805,CA,BR,CAD,406281.91,2024-08-25,2024-12-02,ACTIVE,ELECTRONICS,1,5,5,0,0,13,HIGH,0.492696,NORMAL,0.186414,0.255499,6.0,29.87,LOW
TF-2026-0004516,EXPORT_LC,CUST-00575,CP-01619,CA,BR,CNY,361571.75,2026-05-07,2026-07-07,SETTLED,ELECTRONICS,4,9,13,0,1,11,HIGH,0.495769,NORMAL,0.36306,0.655475,13.37,49.88,MEDIUM
TF-2026-0004517,GUARANTEE,CUST-00249,CP-01257,CA,IN,EUR,994684.84,2026-05-08,2026-10-15,CLOSED,AGRICULTURE,3,8,4,0,0,7,MEDIUM,0.470848,NORMAL,0.472152,0.548762,11.87,39.25,LOW
TF-2026-0004518,COLLECTION,CUST-00565,CP-02808,CA,CN,EUR,817442.12,2024-10-01,2025-01-20,SETTLED,CHEMICALS,4,4,15,1,1,2,LOW,0.500148,NORMAL,0.719381,0.643313,13.34,51.22,MEDIUM
TF-2026-0004519,EXPORT_LC,CUST-00097,CP-01960,CA,FR,GBP,282913.84,2026-06-07,2026-08-31,CLOSED,CHEMICALS,4,9,10,1,0,1,MEDIUM,0.523311,NORMAL,0.422047,0.577607,11.73,51.24,MEDIUM
TF-2026-0004520,GUARANTEE,CUST-00153,CP-02581,CA,FR,USD,321509.26,2025-09-04,2026-02-12,CLOSED,AUTO_PARTS,2,5,8,0,0,4,HIGH,0.477915,NORMAL,0.224573,0.250095,8.83,27.57,LOW
TF-2026-0004521,GUARANTEE,CUST-00140,CP-03481,CA,DE,GBP,119323.95,2025-05-31,2025-10-04,ACTIVE,AUTO_PARTS,2,4,9,0,0,10,LOW,0.520417,NORMAL,0.292109,0.283104,9.06,31.25,LOW
TF-2026-0004522,EXPORT_LC,CUST-01168,CP-03018,CA,BR,CNY,6003852.74,2025-12-03,2026-04-05,ACTIVE,AUTO_PARTS,2,5,9,0,0,13,MEDIUM,0.587388,NORMAL,0.161752,0.425863,9.24,48.4,MEDIUM
TF-2026-0004523,EXPORT_LC,CUST-00067,CP-00945,CA,AE,CAD,263476.03,2024-12-10,2025-02-12,CLOSED,AUTO_PARTS,5,6,14,1,1,9,MEDIUM,0.491244,NORMAL,0.621626,0.708593,12.89,53.41,MEDIUM
TF-2026-0004524,GUARANTEE,CUST-00727,CP-01674,CA,BR,EUR,72645.54,2026-05-19,2026-10-20,SETTLED,ELECTRONICS,4,10,9,1,0,9,MEDIUM,0.567055,NORMAL,0.569705,0.50824,11.68,61.91,MEDIUM
TF-2026-0004525,IMPORT_LC,CUST-00619,CP-01676,CA,BR,CNY,326089.93,2026-01-06,2026-04-26,CLOSED,ELECTRONICS,2,8,14,0,1,0,HIGH,0.519883,NORMAL,0.253891,0.576037,11.77,50.19,MEDIUM
TF-2026-0004526,COLLECTION,CUST-00262,CP-00682,CA,FR,USD,104912.59,2026-02-28,2026-06-28,ACTIVE,AUTO_PARTS,0,8,1,1,0,9,HIGH,0.540278,NORMAL,0.476231,0.160661,5.01,47.52,MEDIUM
TF-2026-0004527,COLLECTION,CUST-00485,CP-01834,CA,FR,CNY,1804370.13,2025-09-21,2025-12-13,CLOSED,INDUSTRIAL_EQUIPMENT,2,9,6,0,0,8,LOW,0.512604,NORMAL,0.207503,0.315294,7.61,27.75,LOW
TF-2026-0004528,EXPORT_LC,CUST-00946,CP-03101,CA,FR,USD,682842.04,2026-05-02,2026-08-20,SETTLED,CHEMICALS,4,4,10,0,0,2,LOW,0.499406,NORMAL,0.423723,0.481335,10.84,36.47,LOW
TF-2026-0004529,IMPORT_LC,CUST-00533,CP-02348,CA,AE,CNY,396866.46,2024-12-09,2025-03-29,ACTIVE,ELECTRONICS,3,8,1,1,0,10,MEDIUM,0.467918,NORMAL,0.392493,0.533646,9.98,36.03,LOW
TF-2026-0004530,IMPORT_LC,CUST-00946,CP-02516,CA,IN,CAD,1281188.36,2025-04-13,2025-08-12,CLOSED,ELECTRONICS,4,8,15,0,1,10,LOW,0.496444,NORMAL,0.335682,0.722844,13.55,41.57,MEDIUM
TF-2026-0004531,IMPORT_LC,CUST-00465,CP-02978,CA,DE,GBP,409594.19,2024-11-17,2025-04-29,CLOSED,AUTO_PARTS,2,5,11,0,1,0,MEDIUM,0.513944,NORMAL,0.424486,0.367125,9.68,41.47,MEDIUM
TF-2026-0004532,IMPORT_LC,CUST-01192,CP-03224,CA,US,CAD,238147.67,2025-05-04,2025-08-18,CLOSED,ELECTRONICS,0,4,11,0,1,0,HIGH,0.552885,NORMAL,0.247754,0.493375,9.16,54.78,MEDIUM
TF-2026-0004533,IMPORT_LC,CUST-00292,CP-03005,CA,AE,CAD,1022806.09,2026-06-06,2026-08-17,CLOSED,ELECTRONICS,2,6,12,0,1,13,MEDIUM,0.496491,NORMAL,0.317987,0.622832,10.4,42.57,MEDIUM
TF-2026-0004534,COLLECTION,CUST-00845,CP-00474,CA,JP,CNY,379498.79,2025-07-02,2025-12-16,SETTLED,TEXTILES,2,6,4,1,0,4,LOW,0.469943,NORMAL,0.473765,0.419594,11.79,29.65,LOW
TF-2026-0004535,IMPORT_LC,CUST-00459,CP-03238,CA,MX,JPY,547020.11,2025-01-26,2025-06-13,CLOSED,CHEMICALS,2,7,6,0,0,6,MEDIUM,0.46034,NORMAL,0.266049,0.314034,8.31,24.04,LOW
TF-2026-0004536,EXPORT_LC,CUST-00510,CP-01016,CA,SG,CAD,1433205.88,2026-08-03,2027-01-29,ACTIVE,AUTO_PARTS,3,8,15,0,1,5,LOW,0.49169,NORMAL,0.316153,0.677305,13.03,38.26,LOW
TF-2026-0004537,IMPORT_LC,CUST-00321,CP-01584,CA,US,CAD,601844.73,2025-08-15,2025-12-20,SETTLED,AGRICULTURE,3,7,9,0,0,0,LOW,0.514038,NORMAL,0.416128,0.360879,9.05,36.03,LOW
TF-2026-0004538,COLLECTION,CUST-00841,CP-02177,CA,JP,USD,1170472.33,2025-10-03,2025-12-26,ACTIVE,AGRICULTURE,1,4,5,0,0,2,HIGH,0.515302,NORMAL,0.135128,0.440883,10.62,40.78,MEDIUM
TF-2026-0004539,COLLECTION,CUST-00063,CP-01609,CA,US,GBP,449664.56,2026-01-10,2026-03-25,ACTIVE,TEXTILES,5,4,11,0,1,4,LOW,0.503957,NORMAL,0.527387,0.791858,12.3,51.74,MEDIUM
TF-2026-0004540,EXPORT_LC,CUST-00457,CP-01782,CA,FR,USD,91263.23,2025-01-24,2025-04-28,ACTIVE,AGRICULTURE,5,6,15,0,1,2,LOW,0.556976,NORMAL,0.472295,0.820696,14.22,63.61,MEDIUM
TF-2026-0004541,COLLECTION,CUST-01103,CP-02499,CA,FR,JPY,369575.12,2024-10-14,2025-03-28,ACTIVE,AUTO_PARTS,1,5,2,1,0,15,MEDIUM,0.527432,NORMAL,0.237547,0.229816,6.07,34.67,LOW
TF-2026-0004542,GUARANTEE,CUST-00341,CP-00605,CA,US,GBP,476314.56,2026-01-04,2026-03-07,CLOSED,AGRICULTURE,0,3,12,0,1,12,MEDIUM,0.551118,NORMAL,0.13814,0.23405,6.83,37.1,LOW
TF-2026-0004543,COLLECTION,CUST-00340,CP-01351,CA,SG,EUR,1258178.01,2026-05-18,2026-11-06,CLOSED,ELECTRONICS,3,6,19,0,1,5,MEDIUM,0.484797,NORMAL,0.388869,0.475792,11.12,36.74,LOW
TF-2026-0004544,IMPORT_LC,CUST-00444,CP-01859,CA,MX,CAD,1326886.31,2025-10-16,2026-02-28,SETTLED,INDUSTRIAL_EQUIPMENT,5,4,18,0,1,9,HIGH,0.534363,NORMAL,0.527212,0.814825,16.06,70.57,HIGH
TF-2026-0004545,EXPORT_LC,CUST-00334,CP-03049,CA,JP,USD,265659.8,2025-04-29,2025-09-09,SETTLED,INDUSTRIAL_EQUIPMENT,5,6,9,0,0,11,HIGH,0.503906,NORMAL,0.376671,0.648871,11.8,52.2,MEDIUM
TF-2026-0004546,COLLECTION,CUST-00480,CP-02757,CA,FR,CNY,130746.26,2026-06-16,2026-12-04,ACTIVE,TEXTILES,2,3,15,0,1,5,LOW,0.543288,NORMAL,0.307026,0.382008,9.26,40.8,MEDIUM
TF-2026-0004547,COLLECTION,CUST-01097,CP-02293,CA,DE,USD,138602.48,2026-06-23,2026-12-05,ACTIVE,ELECTRONICS,4,4,6,1,0,3,MEDIUM,0.514939,NORMAL,0.646397,0.6778,13.25,59.31,MEDIUM
TF-2026-0004548,IMPORT_LC,CUST-00975,CP-00044,CA,CN,CNY,758318.77,2025-04-14,2025-08-11,SETTLED,INDUSTRIAL_EQUIPMENT,3,8,11,0,1,15,MEDIUM,0.520738,NORMAL,0.306898,0.675075,11.07,50.5,MEDIUM
TF-2026-0004549,IMPORT_LC,CUST-00360,CP-02976,CA,MX,CNY,1020471.23,2025-06-23,2025-08-29,ACTIVE,AUTO_PARTS,4,3,10,0,0,0,MEDIUM,0.573553,NORMAL,0.499055,0.522815,12.42,60.98,MEDIUM
TF-2026-0004550,GUARANTEE,CUST-00545,CP-02718,CA,CN,CNY,1072383.44,2025-08-19,2025-12-11,CLOSED,AGRICULTURE,5,6,14,0,1,8,MEDIUM,0.495853,NORMAL,0.554661,0.739665,14.95,53.58,MEDIUM
TF-2026-0004551,GUARANTEE,CUST-00222,CP-01609,CA,US,CNY,298919.85,2025-07-25,2026-01-13,ACTIVE,INDUSTRIAL_EQUIPMENT,2,7,13,0,1,4,LOW,0.47142,NORMAL,0.183999,0.589531,12.19,27.1,LOW
TF-2026-0004552,IMPORT_LC,CUST-00592,CP-00608,CA,MX,GBP,389086.35,2025-10-14,2026-02-19,SETTLED,CHEMICALS,3,3,7,0,0,12,HIGH,0.51535,NORMAL,0.371148,0.459911,9.88,48.54,MEDIUM
TF-2026-0004553,COLLECTION,CUST-00059,CP-02411,CA,SG,CAD,211397.79,2026-01-13,2026-04-21,ACTIVE,TEXTILES,4,7,15,0,1,10,LOW,0.484307,NORMAL,0.449418,0.651124,10.73,39.59,LOW
TF-2026-0004554,COLLECTION,CUST-00924,CP-00455,CA,CN,CNY,64644.02,2024-10-25,2025-02-23,SETTLED,INDUSTRIAL_EQUIPMENT,4,7,11,1,1,2,MEDIUM,0.554781,NORMAL,0.677709,0.701745,12.06,70.27,HIGH
TF-2026-0004555,COLLECTION,CUST-00290,CP-01062,CA,JP,CNY,102348.27,2025-01-14,2025-06-10,SETTLED,INDUSTRIAL_EQUIPMENT,2,9,7,0,0,11,LOW,0.522949,NORMAL,0.229304,0.32233,9.15,31.4,LOW
TF-2026-0004556,GUARANTEE,CUST-00122,CP-02520,CA,MX,EUR,172168.9,2026-01-18,2026-03-22,CLOSED,AUTO_PARTS,2,3,6,1,0,5,LOW,0.534116,NORMAL,0.653193,0.432056,9.62,50.88,MEDIUM
TF-2026-0004557,COLLECTION,CUST-00124,CP-00432,CA,GB,GBP,709139.21,2025-11-16,2026-01-27,CLOSED,INDUSTRIAL_EQUIPMENT,4,3,12,0,1,11,HIGH,0.524558,NORMAL,0.375066,0.732096,14.63,60.59,MEDIUM
TF-2026-0004558,COLLECTION,CUST-00433,CP-00207,CA,FR,USD,55600.25,2025-05-23,2025-08-15,ACTIVE,AUTO_PARTS,3,5,6,0,0,0,MEDIUM,0.589269,HIGH,0.45628,0.383155,8.54,55.86,MEDIUM
TF-2026-0004559,COLLECTION,CUST-00519,CP-00032,CA,SG,CAD,480017.54,2025-04-23,2025-08-13,SETTLED,TEXTILES,5,8,14,1,1,13,MEDIUM,0.513752,NORMAL,0.682349,0.758254,15.01,62.83,MEDIUM
TF-2026-0004560,IMPORT_LC,CUST-00484,CP-01676,CA,BR,USD,698333.4,2026-01-16,2026-05-11,ACTIVE,ELECTRONICS,5,9,16,0,1,0,MEDIUM,0.568121,NORMAL,0.431007,0.844376,15.86,69.68,HIGH
TF-2026-0004561,GUARANTEE,CUST-00020,CP-02608,CA,JP,JPY,37550.46,2025-02-14,2025-05-05,SETTLED,CHEMICALS,2,10,5,1,0,5,MEDIUM,0.578725,NORMAL,0.346148,0.305512,7.95,49.17,MEDIUM
TF-2026-0004562,EXPORT_LC,CUST-00696,CP-01786,CA,MX,CAD,1039983.22,2025-04-14,2025-08-15,SETTLED,AGRICULTURE,2,5,6,0,0,11,MEDIUM,0.487403,NORMAL,0.338195,0.432434,8.68,34.28,LOW
TF-2026-0004563,IMPORT_LC,CUST-01029,CP-02627,CA,BR,USD,498299.31,2025-08-02,2025-12-06,ACTIVE,CHEMICALS,0,8,1,0,0,11,LOW,0.506,NORMAL,0.199137,0.189544,3.84,21.33,LOW
TF-2026-0004564,COLLECTION,CUST-00755,CP-01586,CA,JP,GBP,353306.83,2026-03-29,2026-09-13,CLOSED,ELECTRONICS,4,7,20,1,1,9,HIGH,0.466616,NORMAL,0.65083,0.76616,15.9,56.79,MEDIUM
TF-2026-0004565,COLLECTION,CUST-00101,CP-00539,CA,FR,EUR,438065.18,2025-12-18,2026-03-06,ACTIVE,AUTO_PARTS,1,7,9,0,0,15,LOW,0.523028,NORMAL,0.28285,0.180964,8.4,28.09,LOW
TF-2026-0004566,EXPORT_LC,CUST-01145,CP-00649,CA,DE,GBP,300752.94,2025-07-11,2025-11-20,SETTLED,TEXTILES,4,5,10,0,0,1,HIGH,0.509527,NORMAL,0.379637,0.517893,11.48,49.18,MEDIUM
TF-2026-0004567,GUARANTEE,CUST-00891,CP-00616,CA,FR,CAD,1832622.47,2026-02-27,2026-04-30,CLOSED,AGRICULTURE,2,9,4,1,0,1,LOW,0.53797,NORMAL,0.257645,0.406874,8.46,39.03,LOW
TF-2026-0004568,IMPORT_LC,CUST-00982,CP-02325,CA,JP,CNY,439371.77,2025-08-20,2026-01-11,CLOSED,INDUSTRIAL_EQUIPMENT,0,9,7,0,0,13,LOW,0.525461,NORMAL,0.264238,0.178036,6.53,28.17,LOW
TF-2026-0004569,EXPORT_LC,CUST-01165,CP-03332,CA,BR,GBP,549919.05,2026-05-19,2026-09-09,SETTLED,INDUSTRIAL_EQUIPMENT,1,5,9,0,0,10,LOW,0.479565,NORMAL,0.079468,0.346846,9.09,16.89,LOW
TF-2026-0004570,IMPORT_LC,CUST-01060,CP-02490,CA,BR,CAD,175491.77,2025-09-27,2026-03-22,SETTLED,AUTO_PARTS,3,3,10,0,0,11,HIGH,0.534674,NORMAL,0.374126,0.454008,10.82,53.43,MEDIUM
TF-2026-0004571,COLLECTION,CUST-00728,CP-02311,CA,GB,USD,529738.22,2024-08-18,2025-02-01,CLOSED,AUTO_PARTS,4,7,9,1,0,0,MEDIUM,0.520521,NORMAL,0.477736,0.6775,13.31,55.66,MEDIUM
TF-2026-0004572,COLLECTION,CUST-01118,CP-02848,CA,CN,EUR,1679688.81,2026-04-08,2026-06-20,CLOSED,ELECTRONICS,5,6,12,0,1,6,HIGH,0.527879,NORMAL,0.604833,0.68776,12.77,66.82,HIGH
TF-2026-0004573,IMPORT_LC,CUST-00842,CP-02605,CA,GB,CAD,2907901.75,2025-07-13,2025-12-19,CLOSED,ELECTRONICS,3,7,6,1,0,0,HIGH,0.562708,NORMAL,0.638964,0.405702,8.15,64.84,MEDIUM
TF-2026-0004574,GUARANTEE,CUST-00935,CP-02177,CA,JP,GBP,418642.85,2025-04-01,2025-07-17,ACTIVE,AGRICULTURE,0,4,11,0,1,2,LOW,0.519965,NORMAL,0.105724,0.436704,8.31,30.91,LOW
TF-2026-0004575,GUARANTEE,CUST-01186,CP-01906,CA,JP,EUR,431271.58,2026-03-05,2026-07-18,ACTIVE,INDUSTRIAL_EQUIPMENT,2,9,4,1,0,14,HIGH,0.513667,NORMAL,0.591905,0.262239,7.08,47.75,MEDIUM
TF-2026-0004576,GUARANTEE,CUST-01140,CP-00082,CA,GB,JPY,548189.72,2024-10-20,2025-01-13,ACTIVE,TEXTILES,1,3,10,0,0,12,MEDIUM,0.526093,NORMAL,0.119301,0.328634,7.11,34.23,LOW
TF-2026-0004577,IMPORT_LC,CUST-00150,CP-02291,CA,BR,CNY,218918.24,2026-01-29,2026-06-05,CLOSED,AUTO_PARTS,1,7,7,0,0,5,LOW,0.478816,NORMAL,0.310953,0.175342,8.1,17.71,LOW
TF-2026-0004578,IMPORT_LC,CUST-00289,CP-01212,CA,IN,USD,839805.39,2025-10-31,2026-04-20,ACTIVE,INDUSTRIAL_EQUIPMENT,3,10,11,0,1,0,MEDIUM,0.552146,NORMAL,0.417872,0.654032,11.67,60.38,MEDIUM
TF-2026-0004579,COLLECTION,CUST-00455,CP-00954,CA,MX,CAD,650976.24,2024-10-18,2025-02-25,SETTLED,ELECTRONICS,4,4,6,0,0,1,MEDIUM,0.513657,NORMAL,0.354425,0.682314,14.52,50.31,MEDIUM
TF-2026-0004580,COLLECTION,CUST-00954,CP-00982,CA,GB,GBP,220291.82,2026-06-14,2026-08-29,CLOSED,TEXTILES,5,4,13,0,1,10,HIGH,0.525199,NORMAL,0.509418,0.790089,13.16,66.84,HIGH
TF-2026-0004581,COLLECTION,CUST-00719,CP-00738,CA,FR,CAD,724056.38,2025-02-22,2025-08-18,CLOSED,TEXTILES,4,8,21,0,1,7,MEDIUM,0.47597,NORMAL,0.484376,0.765444,16.17,48.02,MEDIUM
TF-2026-0004582,IMPORT_LC,CUST-00732,CP-03071,CA,JP,EUR,800348.31,2025-02-19,2025-05-25,SETTLED,CHEMICALS,2,5,12,0,1,7,MEDIUM,0.473926,NORMAL,0.240413,0.552634,10.33,32.94,LOW
TF-2026-0004583,IMPORT_LC,CUST-00579,CP-00880,CA,SG,CAD,482039.73,2024-09-16,2025-01-29,CLOSED,INDUSTRIAL_EQUIPMENT,4,9,11,0,1,15,MEDIUM,0.544714,NORMAL,0.388657,0.780024,12.99,62.43,MEDIUM
TF-2026-0004584,EXPORT_LC,CUST-00348,CP-01981,CA,US,EUR,913623.84,2026-07-18,2026-10-12,CLOSED,AUTO_PARTS,4,5,13,0,1,3,LOW,0.491847,NORMAL,0.430624,0.643388,11.67,40.56,MEDIUM
TF-2026-0004585,IMPORT_LC,CUST-01175,CP-03358,CA,BR,CNY,919022.23,2025-01-12,2025-07-03,CLOSED,CHEMICALS,4,4,13,0,1,10,HIGH,0.501337,NORMAL,0.495085,0.745664,14.21,58.33,MEDIUM
TF-2026-0004586,COLLECTION,CUST-00429,CP-01867,CA,FR,CAD,1236601.89,2025-08-10,2026-01-10,CLOSED,CHEMICALS,3,5,9,0,0,0,HIGH,0.539138,NORMAL,0.478594,0.369567,9.76,54.66,MEDIUM
TF-2026-0004587,COLLECTION,CUST-00446,CP-02360,CA,JP,CAD,549243.82,2025-12-02,2026-04-09,CLOSED,AUTO_PARTS,5,10,13,0,1,4,LOW,0.537173,NORMAL,0.40923,0.817103,13.29,57.75,MEDIUM
TF-2026-0004588,EXPORT_LC,CUST-01141,CP-02758,CA,CN,CAD,461572.06,2025-05-23,2025-09-26,ACTIVE,AUTO_PARTS,1,9,1,0,0,4,MEDIUM,0.488077,NORMAL,0.183102,0.277143,5.62,24.33,LOW
TF-2026-0004589,GUARANTEE,CUST-00220,CP-01780,CA,AE,USD,239528.31,2025-05-02,2025-07-01,CLOSED,ELECTRONICS,2,5,12,0,1,6,LOW,0.479833,NORMAL,0.365366,0.682631,11.16,37.25,LOW
TF-2026-0004590,GUARANTEE,CUST-00347,CP-00031,CA,CN,USD,453163.88,2025-12-24,2026-06-20,ACTIVE,CHEMICALS,3,8,8,0,0,12,HIGH,0.478436,NORMAL,0.298873,0.366465,9.48,33.94,LOW
TF-2026-0004591,GUARANTEE,CUST-00803,CP-02438,CA,CN,USD,189746.89,2025-05-27,2025-09-05,ACTIVE,CHEMICALS,1,10,4,0,0,3,MEDIUM,0.528092,NORMAL,0.21216,0.243729,6.33,34.58,LOW
TF-2026-0004592,COLLECTION,CUST-00090,CP-01741,CA,IN,CAD,438560.6,2025-10-08,2026-01-12,CLOSED,AGRICULTURE,2,3,12,0,1,4,LOW,0.514705,NORMAL,0.202417,0.498536,10.82,34.63,LOW
TF-2026-0004593,EXPORT_LC,CUST-00153,CP-01362,CA,AE,EUR,1686248.88,2024-09-17,2025-01-23,SETTLED,AUTO_PARTS,5,4,12,1,1,9,HIGH,0.54825,NORMAL,0.536773,0.610766,14.11,66.66,HIGH
TF-2026-0004594,IMPORT_LC,CUST-00538,CP-02159,CA,SG,USD,93751.3,2026-07-12,2026-11-20,SETTLED,INDUSTRIAL_EQUIPMENT,2,7,11,0,1,5,HIGH,0.507403,NORMAL,0.380214,0.490248,9.76,47.64,MEDIUM
TF-2026-0004595,IMPORT_LC,CUST-01079,CP-02326,CA,US,JPY,540923.28,2026-02-19,2026-07-12,CLOSED,INDUSTRIAL_EQUIPMENT,4,4,14,0,1,7,HIGH,0.485853,NORMAL,0.538237,0.772596,12.86,56.85,MEDIUM
TF-2026-0004596,EXPORT_LC,CUST-00350,CP-03217,CA,CN,USD,308594.86,2024-10-26,2025-03-16,SETTLED,AUTO_PARTS,4,9,16,0,1,13,HIGH,0.508517,NORMAL,0.390524,0.796411,14.32,58.95,MEDIUM
TF-2026-0004597,COLLECTION,CUST-00495,CP-01241,CA,MX,CAD,103651.05,2025-04-29,2025-08-06,CLOSED,ELECTRONICS,1,7,15,0,1,14,HIGH,0.536705,NORMAL,0.127034,0.479174,10.44,47.34,MEDIUM
TF-2026-0004598,GUARANTEE,CUST-00348,CP-03240,CA,AE,CAD,493451.31,2026-03-24,2026-06-04,SETTLED,AGRICULTURE,5,5,17,0,1,10,LOW,0.497813,NORMAL,0.454108,0.825763,15.57,49.07,MEDIUM
TF-2026-0004599,IMPORT_LC,CUST-01200,CP-02264,CA,GB,JPY,112744.7,2024-12-22,2025-05-04,SETTLED,AGRICULTURE,1,7,9,1,0,1,MEDIUM,0.529346,NORMAL,0.245768,0.270072,7.86,36.85,LOW
TF-2026-0004600,EXPORT_LC,CUST-00786,CP-02372,CA,AE,JPY,373139.06,2025-04-08,2025-09-19,ACTIVE,TEXTILES,0,6,4,0,0,5,MEDIUM,0.500538,NORMAL,0.171463,0.238001,5.29,25.68,LOW
TF-2026-0004601,IMPORT_LC,CUST-00117,CP-02425,CA,IN,EUR,75856.36,2025-08-15,2026-01-13,ACTIVE,ELECTRONICS,5,10,25,0,1,13,LOW,0.600806,HIGH,0.507797,0.753898,17.07,65.95,HIGH
TF-2026-0004602,COLLECTION,CUST-00062,CP-02636,CA,GB,CNY,935314.23,2025-02-07,2025-04-12,CLOSED,TEXTILES,0,9,7,0,0,2,LOW,0.541218,NORMAL,0.278893,0.177383,6.68,32.41,LOW
TF-2026-0004603,COLLECTION,CUST-00731,CP-00665,CA,FR,EUR,190654.79,2026-06-01,2026-10-11,ACTIVE,INDUSTRIAL_EQUIPMENT,3,10,12,0,1,11,LOW,0.516179,NORMAL,0.248764,0.735288,12.23,44.78,MEDIUM
TF-2026-0004604,GUARANTEE,CUST-00895,CP-00942,CA,JP,GBP,1751201.18,2024-08-15,2024-11-11,ACTIVE,AGRICULTURE,4,6,18,0,1,8,MEDIUM,0.50275,NORMAL,0.287217,0.825941,14.97,50.28,MEDIUM
TF-2026-0004605,COLLECTION,CUST-00518,CP-01534,CA,MX,CAD,3193146.45,2025-07-21,2025-11-17,ACTIVE,TEXTILES,1,5,11,0,1,3,HIGH,0.552374,NORMAL,0.296282,0.485474,10.22,55.88,MEDIUM
TF-2026-0004606,COLLECTION,CUST-01058,CP-03311,CA,IN,GBP,14521.15,2026-03-22,2026-08-16,CLOSED,CHEMICALS,1,8,10,0,0,7,HIGH,0.582066,NORMAL,0.291526,0.242788,8.22,50.54,MEDIUM
TF-2026-0004607,COLLECTION,CUST-01042,CP-02456,CA,CN,CAD,539264.0,2026-02-08,2026-05-26,SETTLED,CHEMICALS,1,8,6,0,0,7,HIGH,0.473519,NORMAL,0.15072,0.263737,6.81,25.07,LOW
TF-2026-0004608,COLLECTION,CUST-01161,CP-00296,CA,US,GBP,781257.32,2025-07-14,2025-09-23,ACTIVE,ELECTRONICS,4,7,14,0,1,0,HIGH,0.529128,NORMAL,0.457223,0.716811,12.14,63.74,MEDIUM
TF-2026-0004609,EXPORT_LC,CUST-00716,CP-03456,CA,FR,JPY,325123.54,2025-05-05,2025-10-31,CLOSED,ELECTRONICS,5,9,19,1,1,6,MEDIUM,0.518916,NORMAL,0.558101,0.7883,15.49,61.57,MEDIUM
TF-2026-0004610,EXPORT_LC,CUST-00356,CP-01054,CA,US,JPY,402516.81,2025-08-15,2026-02-02,ACTIVE,CHEMICALS,1,5,14,0,1,3,LOW,0.488697,NORMAL,0.135336,0.491611,10.4,25.56,LOW
TF-2026-0004611,IMPORT_LC,CUST-00652,CP-00909,CA,BR,CNY,2732215.51,2025-01-13,2025-03-26,SETTLED,INDUSTRIAL_EQUIPMENT,3,8,10,1,0,12,LOW,0.534727,NORMAL,0.62643,0.457727,10.62,51.14,MEDIUM
TF-2026-0004612,COLLECTION,CUST-00279,CP-03159,CA,SG,CNY,57825.11,2025-06-04,2025-08-30,SETTLED,ELECTRONICS,5,5,16,1,1,9,HIGH,0.561164,NORMAL,0.554979,0.749907,14.49,74.15,HIGH
TF-2026-0004613,IMPORT_LC,CUST-00911,CP-01630,CA,US,CNY,157495.03,2025-10-10,2026-02-13,SETTLED,AGRICULTURE,3,5,18,0,1,6,MEDIUM,0.488201,NORMAL,0.592336,0.523842,10.1,45.27,MEDIUM
TF-2026-0004614,EXPORT_LC,CUST-00161,CP-01101,CA,BR,EUR,658725.33,2026-03-16,2026-05-16,SETTLED,ELECTRONICS,5,6,7,0,0,14,MEDIUM,0.529739,NORMAL,0.459715,0.533886,10.62,52.6,MEDIUM
TF-2026-0004615,EXPORT_LC,CUST-00303,CP-03253,CA,AE,CNY,42526.45,2024-11-03,2025-03-18,SETTLED,ELECTRONICS,2,10,4,1,0,2,LOW,0.586893,NORMAL,0.551197,0.527262,9.97,58.61,MEDIUM
TF-2026-0004616,EXPORT_LC,CUST-00181,CP-00335,CA,MX,JPY,231329.89,2026-05-08,2026-09-19,SETTLED,AGRICULTURE,0,8,7,0,0,4,LOW,0.516934,NORMAL,0.220203,0.185116,6.92,24.85,LOW
TF-2026-0004617,COLLECTION,CUST-00182,CP-01716,CA,IN,CNY,854451.83,2025-01-19,2025-04-04,ACTIVE,AUTO_PARTS,1,10,6,0,0,13,HIGH,0.531044,NORMAL,0.220094,0.169757,6.99,38.01,LOW
TF-2026-0004618,EXPORT_LC,CUST-00883,CP-00845,CA,BR,GBP,1233407.63,2025-06-26,2025-12-10,SETTLED,CHEMICALS,4,3,10,0,0,14,MEDIUM,0.573429,NORMAL,0.325391,0.525934,11.11,55.85,MEDIUM
TF-2026-0004619,EXPORT_LC,CUST-01114,CP-02967,CA,DE,CNY,138973.04,2025-12-07,2026-03-13,SETTLED,ELECTRONICS,0,10,4,0,0,13,MEDIUM,0.567115,NORMAL,0.198363,0.195954,6.32,39.84,LOW
TF-2026-0004620,GUARANTEE,CUST-00857,CP-00832,CA,CN,CNY,1486010.3,2026-05-07,2026-10-13,ACTIVE,TEXTILES,4,6,8,1,0,15,MEDIUM,0.556857,NORMAL,0.521188,0.513819,10.58,59.31,MEDIUM
TF-2026-0004621,IMPORT_LC,CUST-00576,CP-03275,CA,SG,CAD,1021140.1,2025-01-21,2025-04-25,ACTIVE,AUTO_PARTS,5,5,9,1,0,15,LOW,0.556876,NORMAL,0.622035,0.643228,13.63,61.87,MEDIUM
TF-2026-0004622,COLLECTION,CUST-00717,CP-03430,CA,MX,CNY,601605.69,2026-05-16,2026-10-02,ACTIVE,ELECTRONICS,2,7,6,0,0,14,HIGH,0.496296,NORMAL,0.145334,0.361731,7.8,33.21,LOW
TF-2026-0004623,GUARANTEE,CUST-00024,CP-00374,CA,CN,CAD,2938735.53,2025-04-24,2025-07-21,SETTLED,ELECTRONICS,2,4,14,0,1,15,LOW,0.591415,HIGH,0.213155,0.571235,10.89,50.28,MEDIUM
TF-2026-0004624,GUARANTEE,CUST-00317,CP-03386,CA,CN,EUR,127439.85,2026-01-27,2026-06-10,SETTLED,ELECTRONICS,4,4,13,0,1,3,HIGH,0.519909,NORMAL,0.401399,0.658982,11.67,57.53,MEDIUM
TF-2026-0004625,EXPORT_LC,CUST-00756,CP-03100,CA,IN,CAD,5092617.51,2025-01-27,2025-07-23,ACTIVE,CHEMICALS,1,9,2,1,0,9,HIGH,0.582382,NORMAL,0.196974,0.232948,5.36,47.39,MEDIUM
TF-2026-0004626,EXPORT_LC,CUST-00398,CP-00827,CA,DE,EUR,330516.43,2026-05-23,2026-09-19,ACTIVE,INDUSTRIAL_EQUIPMENT,0,4,14,0,1,1,HIGH,0.531126,NORMAL,0.161651,0.369582,8.91,43.27,MEDIUM
TF-2026-0004627,EXPORT_LC,CUST-00732,CP-00113,CA,BR,GBP,482206.38,2026-06-15,2026-09-07,SETTLED,ELECTRONICS,4,10,11,0,1,8,MEDIUM,0.507238,NORMAL,0.41634,0.821987,13.04,55.28,MEDIUM
TF-2026-0004628,IMPORT_LC,CUST-00943,CP-03403,CA,GB,CAD,478780.97,2025-01-31,2025-06-17,CLOSED,ELECTRONICS,0,10,11,1,1,10,HIGH,0.535098,NORMAL,0.507984,0.219667,5.83,49.34,MEDIUM
TF-2026-0004629,IMPORT_LC,CUST-01170,CP-00219,CA,SG,JPY,224330.73,2026-07-20,2027-01-11,SETTLED,INDUSTRIAL_EQUIPMENT,2,7,2,0,0,1,LOW,0.497562,NORMAL,0.306427,0.305938,6.58,26.37,LOW
TF-2026-0004630,IMPORT_LC,CUST-00641,CP-01931,CA,SG,JPY,623670.92,2025-05-04,2025-07-25,ACTIVE,TEXTILES,2,5,10,0,0,15,MEDIUM,0.527804,NORMAL,0.417268,0.441698,10.28,47.55,MEDIUM
TF-2026-0004631,COLLECTION,CUST-00965,CP-01422,CA,BR,GBP,184440.01,2025-05-02,2025-08-31,SETTLED,CHEMICALS,1,4,15,1,1,13,HIGH,0.514159,NORMAL,0.464602,0.513032,10.67,52.84,MEDIUM
TF-2026-0004632,GUARANTEE,CUST-01111,CP-00661,CA,SG,USD,473869.85,2025-04-03,2025-06-14,ACTIVE,AGRICULTURE,0,5,6,0,0,15,LOW,0.553747,NORMAL,0.136197,0.227522,6.01,32.28,LOW
TF-2026-0004633,GUARANTEE,CUST-00426,CP-00456,CA,SG,GBP,596666.11,2024-11-08,2025-02-27,CLOSED,AUTO_PARTS,5,7,18,1,1,3,MEDIUM,0.498492,NORMAL,0.492253,0.782982,15.7,53.88,MEDIUM
TF-2026-0004634,EXPORT_LC,CUST-00012,CP-00058,CA,GB,USD,1412314.22,2025-01-22,2025-04-25,CLOSED,INDUSTRIAL_EQUIPMENT,3,7,9,1,0,3,LOW,0.499558,NORMAL,0.362795,0.401263,9.28,31.86,LOW
TF-2026-0004635,GUARANTEE,CUST-00765,CP-02455,CA,CN,USD,961841.85,2026-05-14,2026-07-21,CLOSED,ELECTRONICS,3,8,10,0,0,5,HIGH,0.476245,NORMAL,0.436127,0.375572,10.51,38.02,LOW
TF-2026-0004636,COLLECTION,CUST-00867,CP-02661,CA,CN,CAD,1660034.14,2025-06-18,2025-11-16,ACTIVE,INDUSTRIAL_EQUIPMENT,0,9,6,1,0,15,MEDIUM,0.59328,HIGH,0.439742,0.165535,5.67,47.98,MEDIUM
TF-2026-0004637,EXPORT_LC,CUST-01060,CP-03018,CA,BR,CNY,690999.3,2026-01-14,2026-04-22,SETTLED,INDUSTRIAL_EQUIPMENT,1,9,8,0,0,13,HIGH,0.50297,NORMAL,0.141366,0.260419,7.72,31.2,LOW
TF-2026-0004638,IMPORT_LC,CUST-00140,CP-02373,CA,SG,GBP,204481.7,2026-06-27,2026-12-05,CLOSED,CHEMICALS,3,8,9,0,0,7,LOW,0.472527,NORMAL,0.426219,0.507081,11.19,31.67,LOW
TF-2026-0004639,GUARANTEE,CUST-01163,CP-01072,CA,US,CNY,160396.12,2026-04-09,2026-09-04,CLOSED,AUTO_PARTS,3,6,16,1,1,5,HIGH,0.483499,NORMAL,0.631796,0.520547,10.83,50.27,MEDIUM
TF-2026-0004640,IMPORT_LC,CUST-00382,CP-03140,CA,BR,CAD,894383.98,2025-07-14,2025-11-23,CLOSED,INDUSTRIAL_EQUIPMENT,0,3,7,0,0,1,MEDIUM,0.573262,NORMAL,0.174236,0.210497,6.73,40.24,MEDIUM
TF-2026-0004641,GUARANTEE,CUST-00724,CP-03283,CA,AE,CAD,503186.46,2026-02-01,2026-07-25,ACTIVE,AUTO_PARTS,2,10,1,0,0,8,MEDIUM,0.495156,NORMAL,0.26318,0.307699,5.98,29.57,LOW
TF-2026-0004642,GUARANTEE,CUST-00883,CP-02082,CA,IN,CNY,417078.28,2026-02-20,2026-05-17,CLOSED,INDUSTRIAL_EQUIPMENT,3,9,14,0,1,7,MEDIUM,0.472759,NORMAL,0.353135,0.528366,10.57,35.28,LOW
TF-2026-0004643,GUARANTEE,CUST-00345,CP-02930,CA,FR,JPY,806256.15,2025-12-07,2026-03-07,ACTIVE,AUTO_PARTS,0,5,5,0,0,5,LOW,0.50868,NORMAL,0.114894,0.14445,5.0,17.9,LOW
TF-2026-0004644,GUARANTEE,CUST-01105,CP-01960,CA,FR,USD,2220044.76,2026-04-28,2026-08-31,ACTIVE,CHEMICALS,4,5,9,1,0,1,MEDIUM,0.545055,NORMAL,0.597549,0.51876,11.26,59.61,MEDIUM
TF-2026-0004645,GUARANTEE,CUST-00812,CP-03244,CA,JP,CNY,229266.27,2024-11-07,2025-04-25,ACTIVE,CHEMICALS,2,3,7,0,0,6,LOW,0.521926,NORMAL,0.247476,0.326898,8.69,31.87,LOW
TF-2026-0004646,GUARANTEE,CUST-00699,CP-00930,CA,SG,GBP,634035.63,2025-03-08,2025-08-16,SETTLED,AUTO_PARTS,3,3,14,0,1,9,HIGH,0.505513,NORMAL,0.315827,0.620509,11.7,49.79,MEDIUM
TF-2026-0004647,EXPORT_LC,CUST-00879,CP-01410,CA,IN,GBP,583291.04,2025-03-07,2025-05-10,CLOSED,ELECTRONICS,5,5,16,1,1,15,LOW,0.54858,NORMAL,0.68425,0.675176,13.31,63.4,MEDIUM
TF-2026-0004648,COLLECTION,CUST-00532,CP-00794,CA,JP,USD,1752605.2,2024-09-22,2025-01-19,SETTLED,ELECTRONICS,3,6,4,1,0,5,LOW,0.500065,NORMAL,0.41959,0.388224,8.31,33.27,LOW
TF-2026-0004649,GUARANTEE,CUST-01169,CP-01316,CA,IN,CAD,153142.28,2024-08-17,2024-12-19,SETTLED,TEXTILES,1,5,12,1,1,4,LOW,0.50226,NORMAL,0.169529,0.262465,8.34,21.89,LOW
TF-2026-0004650,COLLECTION,CUST-01176,CP-02311,CA,GB,USD,515886.55,2024-11-22,2025-02-19,ACTIVE,AUTO_PARTS,1,7,4,0,0,0,HIGH,0.5213,NORMAL,0.287328,0.264386,7.08,40.69,MEDIUM
TF-2026-0004651,COLLECTION,CUST-00469,CP-01009,CA,MX,EUR,380890.27,2026-05-17,2026-07-18,SETTLED,AGRICULTURE,5,4,14,0,1,4,LOW,0.510212,NORMAL,0.623528,0.642744,12.04,51.05,MEDIUM
TF-2026-0004652,EXPORT_LC,CUST-01060,CP-02227,CA,CN,JPY,579627.4,2024-12-08,2025-06-04,SETTLED,TEXTILES,4,10,6,0,0,5,HIGH,0.512219,NORMAL,0.404701,0.527388,10.21,50.96,MEDIUM
TF-2026-0004653,COLLECTION,CUST-00487,CP-02816,CA,FR,EUR,351149.03,2025-08-12,2025-12-24,CLOSED,TEXTILES,4,7,10,0,0,9,LOW,0.466616,NORMAL,0.50591,0.718044,13.5,40.76,MEDIUM
TF-2026-0004654,GUARANTEE,CUST-00758,CP-02674,CA,CN,CAD,1425970.27,2025-11-19,2026-05-08,CLOSED,AGRICULTURE,4,9,9,0,0,12,LOW,0.523278,NORMAL,0.414302,0.482197,10.92,42.66,MEDIUM
TF-2026-0004655,GUARANTEE,CUST-00399,CP-01886,CA,SG,EUR,147465.19,2024-10-22,2025-02-07,CLOSED,AUTO_PARTS,5,3,11,0,1,12,MEDIUM,0.567817,NORMAL,0.494939,0.742098,11.76,67.96,HIGH
TF-2026-0004656,COLLECTION,CUST-01110,CP-01674,CA,BR,JPY,857599.01,2025-12-17,2026-05-03,SETTLED,CHEMICALS,0,3,1,1,0,9,HIGH,0.554698,NORMAL,0.267611,0.213442,3.67,45.86,MEDIUM
TF-2026-0004657,GUARANTEE,CUST-00465,CP-00961,CA,CN,JPY,363710.78,2025-04-16,2025-07-20,ACTIVE,ELECTRONICS,5,4,8,1,0,3,MEDIUM,0.514243,NORMAL,0.639968,0.545215,11.24,54.27,MEDIUM
TF-2026-0004658,IMPORT_LC,CUST-00151,CP-03393,CA,IN,GBP,458019.13,2026-04-17,2026-09-25,SETTLED,INDUSTRIAL_EQUIPMENT,3,8,14,1,1,13,MEDIUM,0.485832,NORMAL,0.590082,0.742165,12.77,52.33,MEDIUM
TF-2026-0004659,GUARANTEE,CUST-00913,CP-01697,CA,IN,CNY,1079341.19,2026-07-19,2026-11-24,SETTLED,AUTO_PARTS,4,5,9,0,0,8,HIGH,0.483389,NORMAL,0.422731,0.469545,11.17,42.19,MEDIUM
TF-2026-0004660,IMPORT_LC,CUST-00230,CP-01072,CA,US,CAD,790193.64,2026-01-30,2026-05-08,SETTLED,TEXTILES,4,8,7,1,0,5,HIGH,0.483505,NORMAL,0.691327,0.482204,8.77,50.72,MEDIUM
TF-2026-0004661,EXPORT_LC,CUST-00265,CP-03139,CA,FR,GBP,247110.71,2024-12-24,2025-03-17,CLOSED,AGRICULTURE,2,10,7,1,0,14,LOW,0.536126,NORMAL,0.489452,0.368635,8.5,44.21,MEDIUM
TF-2026-0004662,EXPORT_LC,CUST-00256,CP-00705,CA,CN,CAD,807450.84,2025-02-16,2025-07-24,SETTLED,ELECTRONICS,0,8,12,0,1,5,LOW,0.510593,NORMAL,0.126518,0.46701,9.51,30.08,LOW
TF-2026-0004663,GUARANTEE,CUST-00782,CP-01450,CA,SG,JPY,234142.84,2024-11-24,2025-01-30,CLOSED,TEXTILES,0,5,11,1,1,0,MEDIUM,0.55168,NORMAL,0.292722,0.436622,8.68,48.94,MEDIUM
TF-2026-0004664,GUARANTEE,CUST-00852,CP-02638,CA,JP,GBP,580945.87,2026-07-30,2026-11-23,SETTLED,TEXTILES,1,5,13,0,1,6,LOW,0.476385,NORMAL,0.128589,0.507113,9.86,23.43,LOW
TF-2026-0004665,GUARANTEE,CUST-00765,CP-01405,CA,SG,CNY,1207312.65,2025-11-15,2026-03-23,SETTLED,CHEMICALS,5,10,17,1,1,8,HIGH,0.546426,NORMAL,0.771319,0.800525,16.37,79.99,HIGH
TF-2026-0004666,COLLECTION,CUST-00226,CP-01311,CA,IN,USD,454431.95,2025-09-07,2025-12-31,ACTIVE,AGRICULTURE,2,7,14,0,1,2,MEDIUM,0.47766,NORMAL,0.277439,0.611807,11.11,36.77,LOW
TF-2026-0004667,COLLECTION,CUST-00399,CP-00925,CA,AE,CAD,466283.38,2025-05-22,2025-08-24,ACTIVE,AGRICULTURE,5,7,21,1,1,0,MEDIUM,0.545691,NORMAL,0.67213,0.806771,17.62,72.05,HIGH
TF-2026-0004668,GUARANTEE,CUST-00226,CP-00391,CA,SG,EUR,3496656.28,2026-07-12,2026-11-21,CLOSED,INDUSTRIAL_EQUIPMENT,0,10,7,0,0,6,MEDIUM,0.600748,HIGH,0.147733,0.185819,6.97,40.25,MEDIUM
TF-2026-0004669,COLLECTION,CUST-00943,CP-01500,CA,JP,CAD,277252.38,2025-11-27,2026-03-24,ACTIVE,AGRICULTURE,4,6,15,1,1,0,HIGH,0.529289,NORMAL,0.668076,0.725099,13.66,70.42,HIGH
TF-2026-0004670,IMPORT_LC,CUST-01085,CP-02763,CA,US,GBP,440270.75,2025-09-06,2025-11-17,ACTIVE,INDUSTRIAL_EQUIPMENT,1,4,6,1,0,2,HIGH,0.498804,NORMAL,0.449082,0.220454,6.54,37.96,LOW
TF-2026-0004671,GUARANTEE,CUST-00994,CP-02524,CA,MX,EUR,41755.64,2025-08-30,2025-11-06,CLOSED,INDUSTRIAL_EQUIPMENT,5,5,18,0,1,9,MEDIUM,0.581115,NORMAL,0.596303,0.682034,14.61,70.0,HIGH
TF-2026-0004672,IMPORT_LC,CUST-00914,CP-01666,CA,BR,CNY,1285069.94,2025-06-09,2025-09-16,SETTLED,CHEMICALS,0,10,2,0,0,14,HIGH,0.579635,NORMAL,0.187441,0.170885,3.98,44.77,MEDIUM
TF-2026-0004673,GUARANTEE,CUST-00515,CP-01541,CA,BR,CAD,1113691.79,2024-10-09,2025-02-03,ACTIVE,ELECTRONICS,0,8,5,0,0,4,HIGH,0.52355,NORMAL,0.127604,0.203897,5.92,34.4,LOW
TF-2026-0004674,IMPORT_LC,CUST-00118,CP-02694,CA,FR,EUR,547614.2,2024-09-28,2024-12-01,CLOSED,CHEMICALS,3,10,17,0,1,7,LOW,0.493348,NORMAL,0.378639,0.64492,13.58,39.4,LOW
TF-2026-0004675,EXPORT_LC,CUST-01106,CP-02792,CA,CN,CAD,258295.68,2025-12-27,2026-04-21,SETTLED,TEXTILES,1,4,7,0,0,11,LOW,0.497879,NORMAL,0.194945,0.277818,7.27,22.14,LOW
TF-2026-0004676,IMPORT_LC,CUST-00765,CP-00865,CA,FR,JPY,844386.11,2025-03-06,2025-05-20,ACTIVE,TEXTILES,3,5,15,1,1,4,HIGH,0.481323,NORMAL,0.376859,0.53865,10.77,42.81,MEDIUM
TF-2026-0004677,IMPORT_LC,CUST-00991,CP-02767,CA,MX,EUR,902323.11,2024-11-20,2025-04-27,CLOSED,INDUSTRIAL_EQUIPMENT,1,6,5,0,0,4,MEDIUM,0.489286,NORMAL,0.245141,0.231198,7.31,24.87,LOW
TF-2026-0004678,GUARANTEE,CUST-00375,CP-00982,CA,GB,GBP,244770.76,2024-10-30,2025-02-17,ACTIVE,CHEMICALS,0,5,2,0,0,10,MEDIUM,0.513264,NORMAL,0.137881,0.193174,4.38,26.54,LOW
TF-2026-0004679,EXPORT_LC,CUST-00527,CP-01610,CA,US,GBP,393461.09,2026-06-20,2026-10-06,SETTLED,INDUSTRIAL_EQUIPMENT,1,5,3,1,0,0,LOW,0.521382,NORMAL,0.297198,0.240546,5.92,30.18,LOW
TF-2026-0004680,IMPORT_LC,CUST-01152,CP-00535,CA,DE,CNY,482965.39,2026-07-01,2026-09-10,CLOSED,AUTO_PARTS,3,9,13,0,1,14,HIGH,0.512403,NORMAL,0.490128,0.669327,11.53,58.58,MEDIUM
TF-2026-0004681,COLLECTION,CUST-00793,CP-00634,CA,SG,CNY,438620.87,2025-10-06,2026-03-15,CLOSED,INDUSTRIAL_EQUIPMENT,3,8,8,1,0,5,LOW,0.465726,NORMAL,0.427191,0.403336,9.55,27.31,LOW
TF-2026-0004682,EXPORT_LC,CUST-00900,CP-03052,CA,US,CAD,209214.19,2025-05-12,2025-08-07,SETTLED,AGRICULTURE,4,10,8,1,0,14,MEDIUM,0.552173,NORMAL,0.686331,0.514471,10.2,63.55,MEDIUM
TF-2026-0004683,COLLECTION,CUST-00463,CP-00330,CA,MX,GBP,395983.68,2025-01-08,2025-04-01,CLOSED,ELECTRONICS,4,8,14,0,1,2,MEDIUM,0.496897,NORMAL,0.247301,0.767809,14.12,45.58,MEDIUM
TF-2026-0004684,EXPORT_LC,CUST-00177,CP-00432,CA,GB,USD,1970650.09,2025-09-25,2026-02-25,SETTLED,CHEMICALS,0,5,11,0,1,11,LOW,0.543795,NORMAL,0.126704,0.479343,9.2,38.89,LOW
TF-2026-0004685,COLLECTION,CUST-00763,CP-00263,CA,IN,CNY,251126.32,2025-11-17,2026-01-30,CLOSED,INDUSTRIAL_EQUIPMENT,3,9,14,0,1,10,LOW,0.483592,NORMAL,0.382165,0.5795,12.46,34.88,LOW
TF-2026-0004686,COLLECTION,CUST-00029,CP-02671,CA,IN,JPY,270061.09,2024-10-09,2025-03-30,ACTIVE,AGRICULTURE,5,8,9,0,0,9,MEDIUM,0.491216,NORMAL,0.400579,0.739876,12.99,47.86,MEDIUM
TF-2026-0004687,IMPORT_LC,CUST-01128,CP-03357,CA,FR,USD,646097.17,2026-04-23,2026-09-02,ACTIVE,INDUSTRIAL_EQUIPMENT,0,9,7,0,0,15,MEDIUM,0.563395,NORMAL,0.133512,0.21034,6.88,37.92,LOW
TF-2026-0004688,IMPORT_LC,CUST-00375,CP-01476,CA,GB,GBP,517742.35,2024-10-12,2025-02-25,SETTLED,CHEMICALS,2,9,9,0,0,6,MEDIUM,0.481575,NORMAL,0.275761,0.345017,8.28,28.06,LOW
TF-2026-0004689,GUARANTEE,CUST-01127,CP-00913,CA,BR,JPY,661029.72,2026-07-25,2026-11-18,CLOSED,ELECTRONICS,0,6,13,0,1,14,HIGH,0.522789,NORMAL,0.182765,0.30561,8.7,39.38,LOW
TF-2026-0004690,GUARANTEE,CUST-01179,CP-00930,CA,SG,CNY,2235018.1,2025-04-01,2025-09-28,CLOSED,INDUSTRIAL_EQUIPMENT,3,7,12,1,1,9,HIGH,0.504168,NORMAL,0.642677,0.628975,11.85,59.56,MEDIUM
TF-2026-0004691,COLLECTION,CUST-01167,CP-02671,CA,IN,CAD,675359.72,2025-08-30,2025-11-22,SETTLED,AGRICULTURE,5,5,13,0,1,9,HIGH,0.4941,NORMAL,0.590019,0.735582,12.44,59.11,MEDIUM
TF-2026-0004692,EXPORT_LC,CUST-00994,CP-00202,CA,AE,USD,146377.8,2025-02-14,2025-04-28,SETTLED,ELECTRONICS,4,8,12,0,1,4,MEDIUM,0.507577,NORMAL,0.423062,0.794924,12.4,54.61,MEDIUM
TF-2026-0004693,GUARANTEE,CUST-00664,CP-01949,CA,BR,EUR,576854.0,2025-08-29,2026-01-23,CLOSED,INDUSTRIAL_EQUIPMENT,5,10,18,0,1,11,LOW,0.536254,NORMAL,0.393462,0.853752,17.17,58.33,MEDIUM
TF-2026-0004694,EXPORT_LC,CUST-00290,CP-00980,CA,FR,USD,572936.83,2024-09-17,2024-11-26,ACTIVE,TEXTILES,5,6,13,0,1,10,LOW,0.492926,NORMAL,0.518475,0.835326,13.58,50.18,MEDIUM
TF-2026-0004695,EXPORT_LC,CUST-00528,CP-03123,CA,DE,CNY,232778.67,2025-01-15,2025-06-07,ACTIVE,CHEMICALS,0,10,8,0,0,4,LOW,0.54578,NORMAL,0.132748,0.20936,7.13,29.98,LOW
TF-2026-0004696,IMPORT_LC,CUST-00717,CP-00270,CA,FR,EUR,428626.46,2024-10-19,2024-12-25,ACTIVE,ELECTRONICS,1,9,10,0,0,11,HIGH,0.490063,NORMAL,0.222569,0.262278,9.14,30.48,LOW
TF-2026-0004697,GUARANTEE,CUST-00172,CP-01322,CA,DE,GBP,728004.25,2026-08-07,2026-10-24,CLOSED,INDUSTRIAL_EQUIPMENT,0,4,8,0,0,8,LOW,0.524007,NORMAL,0.185768,0.247459,7.39,27.82,LOW
TF-2026-0004698,EXPORT_LC,CUST-00111,CP-01068,CA,CN,GBP,187279.02,2025-11-25,2026-02-09,CLOSED,ELECTRONICS,3,5,9,1,0,12,HIGH,0.498274,NORMAL,0.617159,0.469768,10.78,51.63,MEDIUM
TF-2026-0004699,IMPORT_LC,CUST-00582,CP-01516,CA,DE,JPY,178759.47,2026-06-11,2026-11-29,SETTLED,AUTO_PARTS,1,10,5,1,0,8,HIGH,0.519895,NORMAL,0.532336,0.18539,5.92,44.87,MEDIUM
TF-2026-0004700,COLLECTION,CUST-00136,CP-01524,CA,BR,JPY,170015.35,2024-11-29,2025-03-05,SETTLED,AUTO_PARTS,3,6,8,0,0,9,LOW,0.477315,NORMAL,0.426615,0.547196,11.59,33.9,LOW
TF-2026-0004701,EXPORT_LC,CUST-00470,CP-00095,CA,JP,JPY,7432445.98,2026-02-02,2026-05-07,CLOSED,AGRICULTURE,0,5,3,0,0,5,HIGH,0.609076,HIGH,0.224974,0.197294,5.7,48.19,MEDIUM
TF-2026-0004702,IMPORT_LC,CUST-00789,CP-02956,CA,IN,USD,201261.86,2024-12-05,2025-03-11,SETTLED,AGRICULTURE,1,5,6,0,0,2,MEDIUM,0.504138,NORMAL,0.185753,0.272755,6.83,28.38,LOW
TF-2026-0004703,COLLECTION,CUST-00235,CP-03110,CA,CN,CAD,459699.37,2026-05-12,2026-08-14,SETTLED,AGRICULTURE,3,10,18,1,1,11,LOW,0.50656,NORMAL,0.32122,0.675528,13.77,42.13,MEDIUM
TF-2026-0004704,GUARANTEE,CUST-00531,CP-00604,CA,FR,CAD,150643.7,2026-02-11,2026-07-01,ACTIVE,ELECTRONICS,5,7,17,1,1,1,LOW,0.550861,NORMAL,0.656048,0.787665,15.64,66.95,HIGH
TF-2026-0004705,IMPORT_LC,CUST-00051,CP-01307,CA,AE,EUR,200819.78,2025-10-26,2026-01-10,CLOSED,TEXTILES,5,6,10,0,0,4,HIGH,0.513321,NORMAL,0.563416,0.479789,12.28,54.37,MEDIUM
TF-2026-0004706,COLLECTION,CUST-00337,CP-02004,CA,CN,JPY,1062348.28,2024-12-21,2025-03-05,ACTIVE,CHEMICALS,5,4,12,1,1,10,HIGH,0.523003,NORMAL,0.688891,0.704659,14.19,68.59,HIGH
TF-2026-0004707,IMPORT_LC,CUST-00082,CP-00388,CA,JP,JPY,1430878.8,2024-09-20,2025-02-04,SETTLED,TEXTILES,1,9,9,1,0,13,HIGH,0.528967,NORMAL,0.499382,0.142674,8.41,44.87,MEDIUM
TF-2026-0004708,COLLECTION,CUST-01076,CP-00139,CA,JP,CAD,484334.96,2025-10-24,2026-02-05,SETTLED,AGRICULTURE,4,3,8,0,0,9,HIGH,0.513815,NORMAL,0.524006,0.509114,10.35,54.38,MEDIUM
TF-2026-0004709,COLLECTION,CUST-00840,CP-02607,CA,IN,EUR,1371860.31,2025-10-13,2025-12-18,ACTIVE,CHEMICALS,5,6,9,0,0,15,HIGH,0.568804,NORMAL,0.487387,0.514119,11.07,64.88,MEDIUM
TF-2026-0004710,EXPORT_LC,CUST-00463,CP-01093,CA,BR,EUR,239708.68,2024-09-09,2025-01-16,CLOSED,CHEMICALS,4,4,15,1,1,5,MEDIUM,0.49852,NORMAL,0.583799,0.810533,14.08,57.6,MEDIUM
TF-2026-0004711,COLLECTION,CUST-01066,CP-03190,CA,DE,USD,3249958.75,2025-10-29,2026-01-25,CLOSED,ELECTRONICS,0,8,5,0,0,3,LOW,0.573193,NORMAL,0.231118,0.173076,6.27,35.63,LOW
TF-2026-0004712,GUARANTEE,CUST-00196,CP-03306,CA,SG,CNY,1329662.44,2024-12-28,2025-06-15,SETTLED,AGRICULTURE,0,4,8,0,0,10,HIGH,0.536526,NORMAL,0.097666,0.254266,4.86,38.52,LOW
TF-2026-0004713,IMPORT_LC,CUST-00424,CP-00909,CA,BR,JPY,12021690.58,2026-06-12,2026-11-10,CLOSED,INDUSTRIAL_EQUIPMENT,5,3,7,1,0,12,HIGH,0.646055,HIGH,0.666835,0.538193,9.45,73.81,HIGH
TF-2026-0004714,IMPORT_LC,CUST-00627,CP-03011,CA,FR,GBP,334757.36,2026-06-13,2026-11-26,CLOSED,AGRICULTURE,2,4,16,0,1,1,LOW,0.499211,NORMAL,0.269225,0.450069,9.89,30.7,LOW
TF-2026-0004715,COLLECTION,CUST-00843,CP-03275,CA,SG,CNY,289179.84,2026-02-27,2026-08-25,CLOSED,CHEMICALS,3,6,11,0,1,15,HIGH,0.519196,NORMAL,0.463761,0.52867,10.19,54.72,MEDIUM
TF-2026-0004716,COLLECTION,CUST-00629,CP-02315,CA,AE,CNY,444455.1,2026-07-11,2026-11-13,SETTLED,INDUSTRIAL_EQUIPMENT,3,7,8,0,0,9,LOW,0.459407,NORMAL,0.439174,0.676841,11.81,36.92,LOW
TF-2026-0004717,GUARANTEE,CUST-00792,CP-00382,CA,SG,USD,459804.45,2026-05-18,2026-11-14,SETTLED,AUTO_PARTS,3,4,5,1,0,6,MEDIUM,0.476096,NORMAL,0.490658,0.454847,11.01,37.39,LOW
TF-2026-0004718,IMPORT_LC,CUST-01097,CP-02156,CA,SG,JPY,130069.61,2026-01-18,2026-06-01,SETTLED,AGRICULTURE,0,6,10,0,0,9,MEDIUM,0.522978,NORMAL,0.153422,0.196143,8.21,29.71,LOW
TF-2026-0004719,IMPORT_LC,CUST-00069,CP-00928,CA,SG,JPY,166257.35,2026-04-23,2026-08-18,CLOSED,CHEMICALS,4,6,11,1,1,0,LOW,0.543198,NORMAL,0.709384,0.699501,11.46,63.96,MEDIUM
TF-2026-0004720,COLLECTION,CUST-00041,CP-00477,CA,SG,USD,5047405.81,2025-03-19,2025-06-03,SETTLED,TEXTILES,4,3,17,0,1,12,MEDIUM,0.603684,HIGH,0.2951,0.756141,15.05,64.75,MEDIUM
TF-2026-0004721,GUARANTEE,CUST-01199,CP-01550,CA,JP,JPY,194591.59,2026-04-03,2026-08-11,SETTLED,INDUSTRIAL_EQUIPMENT,0,10,5,0,0,14,HIGH,0.57698,NORMAL,0.197315,0.166805,6.09,44.74,MEDIUM
TF-2026-0004722,GUARANTEE,CUST-00609,CP-01363,CA,DE,JPY,346327.62,2026-06-17,2026-09-25,CLOSED,AGRICULTURE,0,4,6,0,0,6,MEDIUM,0.513737,NORMAL,0.106102,0.167637,6.38,24.87,LOW
TF-2026-0004723,GUARANTEE,CUST-00974,CP-01871,CA,AE,GBP,225977.73,2025-07-23,2025-12-13,ACTIVE,CHEMICALS,3,5,17,0,1,11,LOW,0.485922,NORMAL,0.297742,0.750264,14.86,38.87,LOW
TF-2026-0004724,GUARANTEE,CUST-00399,CP-00469,CA,SG,USD,264881.93,2026-05-17,2026-09-22,ACTIVE,AUTO_PARTS,1,4,14,0,1,2,MEDIUM,0.503363,NORMAL,0.212786,0.488098,10.1,36.44,LOW
TF-2026-0004725,IMPORT_LC,CUST-00649,CP-00918,CA,CN,USD,2228370.9,2024-10-11,2025-01-04,CLOSED,AUTO_PARTS,1,10,1,0,0,0,LOW,0.600736,HIGH,0.185187,0.2442,6.03,38.41,LOW
TF-2026-0004726,GUARANTEE,CUST-00134,CP-00369,CA,IN,GBP,508281.29,2025-05-10,2025-09-28,SETTLED,CHEMICALS,2,10,10,0,0,7,MEDIUM,0.493388,NORMAL,0.331193,0.341964,9.87,32.38,LOW
TF-2026-0004727,GUARANTEE,CUST-01113,CP-03143,CA,DE,GBP,71335.81,2025-07-29,2025-12-03,CLOSED,AUTO_PARTS,3,3,12,0,1,3,HIGH,0.573499,NORMAL,0.335874,0.62376,10.92,64.6,MEDIUM
TF-2026-0004728,GUARANTEE,CUST-00758,CP-01966,CA,IN,GBP,167358.1,2026-06-01,2026-08-06,ACTIVE,INDUSTRIAL_EQUIPMENT,1,3,13,0,1,15,LOW,0.580162,NORMAL,0.243097,0.418908,9.84,45.15,MEDIUM
TF-2026-0004729,IMPORT_LC,CUST-00997,CP-03097,CA,DE,USD,368184.73,2024-12-06,2025-02-14,ACTIVE,CHEMICALS,5,8,11,0,1,1,LOW,0.531671,NORMAL,0.367633,0.81926,12.31,55.27,MEDIUM
TF-2026-0004730,COLLECTION,CUST-00617,CP-03052,CA,US,EUR,708065.43,2026-05-07,2026-09-21,ACTIVE,AGRICULTURE,1,10,15,0,1,14,MEDIUM,0.540949,NORMAL,0.24556,0.283483,8.0,40.03,MEDIUM
TF-2026-0004731,EXPORT_LC,CUST-01123,CP-00362,CA,DE,EUR,399883.59,2024-10-06,2025-03-30,ACTIVE,AGRICULTURE,4,5,15,1,1,0,MEDIUM,0.52636,NORMAL,0.708814,0.690849,13.23,64.69,MEDIUM
TF-2026-0004732,GUARANTEE,CUST-00332,CP-00906,CA,BR,CNY,268828.49,2026-03-26,2026-06-05,CLOSED,AGRICULTURE,3,9,7,0,0,1,HIGH,0.505354,NORMAL,0.360752,0.559656,10.99,48.95,MEDIUM
TF-2026-0004733,COLLECTION,CUST-00756,CP-00688,CA,GB,JPY,150260.32,2026-03-27,2026-08-16,ACTIVE,ELECTRONICS,1,5,12,0,1,3,HIGH,0.507171,NORMAL,0.166099,0.469404,10.37,40.41,MEDIUM
TF-2026-0004734,IMPORT_LC,CUST-00333,CP-02318,CA,GB,JPY,116574.52,2026-05-13,2026-09-15,CLOSED,ELECTRONICS,4,3,13,0,1,8,MEDIUM,0.547293,NORMAL,0.400569,0.638847,12.98,58.4,MEDIUM
TF-2026-0004735,COLLECTION,CUST-00085,CP-01689,CA,IN,GBP,2598832.0,2026-02-23,2026-05-02,ACTIVE,AGRICULTURE,5,4,8,1,0,2,MEDIUM,0.569443,NORMAL,0.378293,0.535781,11.11,57.44,MEDIUM
TF-2026-0004736,EXPORT_LC,CUST-01100,CP-02319,CA,IN,EUR,177960.66,2024-09-19,2025-02-26,ACTIVE,AGRICULTURE,2,7,14,0,1,14,LOW,0.510759,NORMAL,0.286119,0.494914,11.95,35.92,LOW
TF-2026-0004737,GUARANTEE,CUST-00155,CP-01804,CA,IN,GBP,1297434.0,2025-08-25,2025-10-25,ACTIVE,ELECTRONICS,2,7,8,0,0,6,LOW,0.483609,NORMAL,0.28488,0.456348,10.59,27.66,LOW
TF-2026-0004738,GUARANTEE,CUST-00937,CP-01973,CA,FR,CNY,534174.15,2026-05-31,2026-11-20,CLOSED,AGRICULTURE,3,3,11,1,1,13,MEDIUM,0.519427,NORMAL,0.459755,0.641653,10.25,53.59,MEDIUM
TF-2026-0004739,IMPORT_LC,CUST-00820,CP-00227,CA,SG,USD,509003.35,2026-04-19,2026-09-26,SETTLED,CHEMICALS,1,10,14,0,1,10,HIGH,0.512974,NORMAL,0.168106,0.473237,9.73,42.18,MEDIUM
TF-2026-0004740,GUARANTEE,CUST-00733,CP-01066,CA,DE,JPY,180547.05,2024-08-15,2024-10-22,SETTLED,ELECTRONICS,5,10,18,1,1,12,LOW,0.553558,NORMAL,0.744252,0.821766,16.38,71.28,HIGH
TF-2026-0004741,COLLECTION,CUST-00969,CP-01825,CA,IN,GBP,1969952.92,2025-04-25,2025-07-09,SETTLED,TEXTILES,1,9,9,0,0,14,MEDIUM,0.552625,NORMAL,0.237182,0.350577,7.76,44.42,MEDIUM
TF-2026-0004742,GUARANTEE,CUST-00314,CP-01366,CA,FR,USD,475967.51,2026-06-23,2026-09-03,CLOSED,TEXTILES,4,10,14,0,1,13,LOW,0.52791,NORMAL,0.549505,0.761216,13.51,57.74,MEDIUM
TF-2026-0004743,IMPORT_LC,CUST-00957,CP-00327,CA,GB,CNY,704468.36,2026-07-19,2026-10-16,SETTLED,TEXTILES,2,8,13,0,1,10,MEDIUM,0.472879,NORMAL,0.397921,0.594061,12.39,38.93,LOW
TF-2026-0004744,COLLECTION,CUST-00074,CP-02345,CA,DE,EUR,1710180.46,2026-05-14,2026-10-11,SETTLED,AGRICULTURE,5,3,10,1,0,7,HIGH,0.571584,NORMAL,0.724949,0.490097,12.17,71.42,HIGH
TF-2026-0004745,COLLECTION,CUST-00739,CP-01799,CA,CN,CNY,104684.74,2026-02-09,2026-04-14,SETTLED,AUTO_PARTS,3,7,9,0,0,0,HIGH,0.555982,NORMAL,0.447314,0.446229,10.31,59.58,MEDIUM
TF-2026-0004746,IMPORT_LC,CUST-00511,CP-03488,CA,FR,GBP,189380.47,2025-02-27,2025-05-20,SETTLED,ELECTRONICS,2,3,6,0,0,2,HIGH,0.544713,NORMAL,0.202044,0.321777,7.39,45.78,MEDIUM
TF-2026-0004747,GUARANTEE,CUST-00034,CP-02800,CA,GB,JPY,626466.97,2026-06-18,2026-12-11,SETTLED,INDUSTRIAL_EQUIPMENT,0,3,13,0,1,14,LOW,0.578136,NORMAL,0.103549,0.436306,9.75,41.42,MEDIUM
TF-2026-0004748,GUARANTEE,CUST-00664,CP-01279,CA,GB,EUR,170281.4,2024-11-25,2025-03-10,ACTIVE,TEXTILES,2,5,3,0,0,7,LOW,0.488688,NORMAL,0.244204,0.475028,11.73,28.24,LOW
TF-2026-0004749,GUARANTEE,CUST-00752,CP-02353,CA,MX,EUR,2173259.74,2025-10-19,2026-03-20,ACTIVE,AUTO_PARTS,3,8,8,1,0,7,MEDIUM,0.505403,NORMAL,0.647309,0.395991,9.76,46.83,MEDIUM
TF-2026-0004750,IMPORT_LC,CUST-00654,CP-01660,CA,FR,GBP,223646.42,2026-06-06,2026-11-03,ACTIVE,CHEMICALS,1,5,14,0,1,10,HIGH,0.48943,NORMAL,0.156119,0.476361,11.23,35.83,LOW
TF-2026-0004751,GUARANTEE,CUST-01039,CP-02841,CA,BR,CNY,40829.0,2025-05-19,2025-09-01,SETTLED,AUTO_PARTS,2,4,9,0,0,15,MEDIUM,0.609782,HIGH,0.29648,0.249132,8.57,47.17,MEDIUM
TF-2026-0004752,EXPORT_LC,CUST-00495,CP-02226,CA,AE,JPY,130373.55,2025-12-15,2026-06-06,CLOSED,ELECTRONICS,2,9,12,1,1,10,HIGH,0.506977,NORMAL,0.582099,0.570006,10.75,56.38,MEDIUM
TF-2026-0004753,COLLECTION,CUST-00726,CP-00442,CA,AE,CAD,824696.87,2026-05-01,2026-08-17,ACTIVE,TEXTILES,0,4,9,0,0,3,LOW,0.526272,NORMAL,0.27086,0.192396,7.64,29.06,LOW
TF-2026-0004754,EXPORT_LC,CUST-00591,CP-01159,CA,IN,CNY,203655.9,2025-12-05,2026-04-27,CLOSED,TEXTILES,5,3,19,0,1,15,MEDIUM,0.594874,HIGH,0.445873,0.7717,14.57,69.48,HIGH
TF-2026-0004755,COLLECTION,CUST-00448,CP-03352,CA,IN,EUR,400031.34,2025-10-15,2026-03-22,ACTIVE,INDUSTRIAL_EQUIPMENT,0,7,8,1,0,1,LOW,0.52534,NORMAL,0.25374,0.170327,6.76,27.53,LOW
TF-2026-0004756,EXPORT_LC,CUST-01143,CP-02702,CA,AE,CAD,418218.06,2025-02-05,2025-04-20,ACTIVE,TEXTILES,3,3,13,1,1,13,HIGH,0.517766,NORMAL,0.622974,0.653169,12.56,63.52,MEDIUM
TF-2026-0004757,COLLECTION,CUST-00201,CP-02226,CA,AE,CAD,614793.35,2025-04-26,2025-08-03,SETTLED,CHEMICALS,4,8,13,1,1,10,LOW,0.475162,NORMAL,0.706123,0.825268,13.93,51.62,MEDIUM
TF-2026-0004758,IMPORT_LC,CUST-00637,CP-00564,CA,IN,USD,638295.43,2025-03-05,2025-08-24,SETTLED,AUTO_PARTS,1,10,2,0,0,14,MEDIUM,0.541595,NORMAL,0.262506,0.248118,8.27,39.46,LOW
TF-2026-0004759,EXPORT_LC,CUST-00994,CP-01789,CA,SG,CAD,887828.52,2024-11-12,2025-02-18,CLOSED,AGRICULTURE,4,7,12,0,1,0,MEDIUM,0.531336,NORMAL,0.461901,0.814018,12.4,62.86,MEDIUM
TF-2026-0004760,EXPORT_LC,CUST-01095,CP-00879,CA,MX,CAD,497115.08,2025-02-08,2025-06-07,SETTLED,INDUSTRIAL_EQUIPMENT,2,7,14,0,1,15,HIGH,0.519527,NORMAL,0.293743,0.488551,8.6,48.27,MEDIUM
TF-2026-0004761,EXPORT_LC,CUST-00311,CP-00263,CA,IN,EUR,1482596.66,2026-06-07,2026-10-17,ACTIVE,TEXTILES,0,6,3,0,0,10,MEDIUM,0.522503,NORMAL,0.181369,0.275349,7.1,33.2,LOW
TF-2026-0004762,EXPORT_LC,CUST-00607,CP-03202,CA,MX,EUR,448950.67,2025-10-14,2026-03-15,SETTLED,INDUSTRIAL_EQUIPMENT,5,9,9,1,0,10,MEDIUM,0.511343,NORMAL,0.580501,0.499404,11.3,50.02,MEDIUM
TF-2026-0004763,GUARANTEE,CUST-00016,CP-01561,CA,IN,EUR,110501.17,2025-04-12,2025-07-12,SETTLED,AGRICULTURE,5,3,12,0,1,2,LOW,0.582396,NORMAL,0.42143,0.671155,11.84,59.46,MEDIUM
TF-2026-0004764,IMPORT_LC,CUST-00320,CP-00765,CA,US,GBP,220976.24,2026-03-09,2026-05-19,SETTLED,AGRICULTURE,5,5,18,1,1,15,MEDIUM,0.561785,NORMAL,0.701267,0.752661,15.49,73.74,HIGH
TF-2026-0004765,COLLECTION,CUST-00765,CP-00864,CA,AE,CNY,223492.41,2024-12-24,2025-04-26,SETTLED,TEXTILES,0,6,8,0,0,13,HIGH,0.520023,NORMAL,0.228162,0.226516,8.23,37.25,LOW
TF-2026-0004766,GUARANTEE,CUST-00078,CP-00245,CA,IN,CAD,339041.22,2026-07-27,2026-11-20,CLOSED,INDUSTRIAL_EQUIPMENT,4,7,9,0,0,13,HIGH,0.489425,NORMAL,0.445685,0.515206,11.89,45.87,MEDIUM
TF-2026-0004767,GUARANTEE,CUST-00327,CP-00635,CA,JP,EUR,933298.19,2025-12-24,2026-06-22,ACTIVE,ELECTRONICS,5,3,13,1,1,5,LOW,0.546282,NORMAL,0.578679,0.775352,13.66,63.27,MEDIUM
TF-2026-0004768,GUARANTEE,CUST-00483,CP-00271,CA,JP,CAD,209346.94,2026-07-12,2026-11-10,SETTLED,ELECTRONICS,2,9,8,0,0,13,LOW,0.507236,NORMAL,0.284232,0.320543,8.54,28.77,LOW
TF-2026-0004769,COLLECTION,CUST-01129,CP-01330,CA,CN,GBP,513004.2,2025-01-08,2025-05-30,ACTIVE,ELECTRONICS,4,9,9,1,0,5,HIGH,0.488068,NORMAL,0.710288,0.633123,13.03,57.6,MEDIUM
TF-2026-0004770,COLLECTION,CUST-00175,CP-02589,CA,CN,USD,2125699.24,2025-02-16,2025-06-12,CLOSED,TEXTILES,5,7,16,0,1,1,LOW,0.561555,NORMAL,0.450891,0.678186,13.25,58.56,MEDIUM
TF-2026-0004771,COLLECTION,CUST-01008,CP-02747,CA,MX,JPY,292536.3,2024-10-18,2025-03-17,CLOSED,CHEMICALS,2,7,8,0,0,8,HIGH,0.467399,NORMAL,0.270025,0.291717,8.95,28.85,LOW
TF-2026-0004772,COLLECTION,CUST-00644,CP-01417,CA,FR,CAD,569092.99,2026-01-06,2026-07-01,CLOSED,INDUSTRIAL_EQUIPMENT,1,5,9,0,0,12,HIGH,0.486763,NORMAL,0.223193,0.225702,7.76,28.46,LOW
TF-2026-0004773,GUARANTEE,CUST-00804,CP-01911,CA,AE,GBP,278617.62,2026-05-27,2026-10-01,ACTIVE,TEXTILES,2,6,8,0,0,5,HIGH,0.47114,NORMAL,0.263889,0.381471,9.13,32.19,LOW
TF-2026-0004774,GUARANTEE,CUST-00314,CP-02107,CA,US,EUR,473079.42,2026-08-11,2026-11-01,SETTLED,CHEMICALS,2,3,15,1,1,11,LOW,0.520982,NORMAL,0.296413,0.574105,11.51,41.73,MEDIUM
TF-2026-0004775,IMPORT_LC,CUST-00497,CP-01801,CA,CN,GBP,626830.2,2025-10-02,2026-03-31,CLOSED,AGRICULTURE,5,5,15,0,1,14,LOW,0.534421,NORMAL,0.435718,0.757341,14.29,55.85,MEDIUM
TF-2026-0004776,IMPORT_LC,CUST-00758,CP-00219,CA,SG,EUR,806535.38,2026-01-09,2026-05-11,CLOSED,ELECTRONICS,5,5,11,0,1,1,LOW,0.521923,NORMAL,0.601562,0.797619,13.26,58.96,MEDIUM
TF-2026-0004777,GUARANTEE,CUST-00117,CP-03168,CA,MX,JPY,102311.11,2025-03-10,2025-06-27,ACTIVE,INDUSTRIAL_EQUIPMENT,0,10,14,0,1,10,LOW,0.565203,NORMAL,0.188375,0.230679,6.49,35.53,LOW
TF-2026-0004778,IMPORT_LC,CUST-00059,CP-00567,CA,MX,CNY,739090.65,2025-05-28,2025-10-30,ACTIVE,ELECTRONICS,3,5,13,0,1,4,LOW,0.478688,NORMAL,0.409306,0.62492,11.26,36.37,LOW
TF-2026-0004779,EXPORT_LC,CUST-00153,CP-03234,CA,IN,EUR,257597.04,2024-09-11,2025-01-25,ACTIVE,ELECTRONICS,3,4,14,1,1,2,HIGH,0.49549,NORMAL,0.669691,0.567993,12.51,55.96,MEDIUM
TF-2026-0004780,IMPORT_LC,CUST-00819,CP-00206,CA,IN,GBP,1496518.0,2025-11-20,2026-01-30,SETTLED,CHEMICALS,0,5,15,1,1,4,MEDIUM,0.528355,NORMAL,0.169195,0.265386,6.27,34.12,LOW
TF-2026-0004781,GUARANTEE,CUST-00095,CP-00655,CA,DE,JPY,393702.37,2026-01-10,2026-05-19,CLOSED,INDUSTRIAL_EQUIPMENT,3,5,15,1,1,14,HIGH,0.503668,NORMAL,0.649377,0.742023,12.94,63.56,MEDIUM
TF-2026-0004782,COLLECTION,CUST-00463,CP-02279,CA,MX,USD,4361013.09,2026-04-18,2026-09-07,SETTLED,TEXTILES,5,5,9,0,0,3,MEDIUM,0.592061,HIGH,0.439733,0.651839,13.5,64.93,MEDIUM
TF-2026-0004783,COLLECTION,CUST-01066,CP-01053,CA,CN,JPY,225193.75,2025-06-10,2025-10-06,ACTIVE,CHEMICALS,5,7,17,1,1,14,LOW,0.528093,NORMAL,0.665598,0.747613,15.25,60.82,MEDIUM
TF-2026-0004784,COLLECTION,CUST-00222,CP-01625,CA,GB,CNY,715604.34,2026-07-28,2026-12-10,SETTLED,CHEMICALS,0,8,9,0,0,6,LOW,0.508238,NORMAL,0.200037,0.182272,8.31,21.65,LOW
TF-2026-0004785,EXPORT_LC,CUST-00200,CP-01049,CA,IN,USD,176254.33,2026-04-25,2026-08-05,ACTIVE,AUTO_PARTS,2,10,13,0,1,2,MEDIUM,0.523902,NORMAL,0.336319,0.570877,11.44,48.62,MEDIUM
TF-2026-0004786,COLLECTION,CUST-01010,CP-00057,CA,SG,GBP,99419.3,2025-12-23,2026-05-08,SETTLED,AGRICULTURE,0,3,10,0,0,3,LOW,0.583866,NORMAL,0.102028,0.35408,7.17,38.87,LOW
TF-2026-0004787,IMPORT_LC,CUST-00182,CP-00142,CA,CN,EUR,405152.89,2026-06-19,2026-11-24,SETTLED,ELECTRONICS,2,9,4,0,0,6,HIGH,0.481151,NORMAL,0.445249,0.318865,8.03,37.13,LOW
TF-2026-0004788,COLLECTION,CUST-00301,CP-00071,CA,SG,JPY,1727652.62,2024-09-13,2025-02-23,ACTIVE,ELECTRONICS,4,10,18,0,1,10,MEDIUM,0.546311,NORMAL,0.344813,0.758832,15.7,60.7,MEDIUM
TF-2026-0004789,COLLECTION,CUST-01054,CP-02480,CA,US,JPY,811802.96,2025-10-15,2025-12-19,ACTIVE,CHEMICALS,0,10,5,0,0,10,MEDIUM,0.540937,NORMAL,0.149694,0.131227,5.32,31.81,LOW
TF-2026-0004790,COLLECTION,CUST-00543,CP-01382,CA,SG,GBP,864662.04,2024-10-16,2025-03-08,SETTLED,AGRICULTURE,5,7,14,0,1,0,MEDIUM,0.550489,NORMAL,0.407171,0.743726,15.03,62.86,MEDIUM
TF-2026-0004791,EXPORT_LC,CUST-00021,CP-02364,CA,JP,CAD,194408.71,2024-09-26,2025-03-09,SETTLED,CHEMICALS,0,4,13,0,1,4,LOW,0.527756,NORMAL,0.209928,0.407641,8.75,35.12,LOW
TF-2026-0004792,IMPORT_LC,CUST-00534,CP-03223,CA,IN,USD,460504.99,2025-01-07,2025-04-18,SETTLED,ELECTRONICS,4,4,13,0,1,14,HIGH,0.520091,NORMAL,0.356308,0.722964,13.28,58.49,MEDIUM
TF-2026-0004793,IMPORT_LC,CUST-00520,CP-00634,CA,SG,CAD,61762.93,2025-07-12,2025-09-15,ACTIVE,ELECTRONICS,2,9,6,0,0,5,LOW,0.541789,NORMAL,0.385425,0.326036,7.3,40.92,MEDIUM
TF-2026-0004794,GUARANTEE,CUST-00529,CP-00560,CA,DE,GBP,3229170.12,2026-03-01,2026-08-26,ACTIVE,CHEMICALS,1,3,8,0,0,0,LOW,0.623073,HIGH,0.315954,0.261613,9.31,43.49,MEDIUM
TF-2026-0004795,GUARANTEE,CUST-00699,CP-00889,CA,CN,GBP,879972.26,2025-08-07,2026-01-04,ACTIVE,CHEMICALS,5,4,27,1,1,9,HIGH,0.514342,NORMAL,0.68207,0.784947,18.84,68.96,HIGH
TF-2026-0004796,IMPORT_LC,CUST-00845,CP-00727,CA,GB,JPY,462524.1,2024-12-17,2025-05-28,CLOSED,TEXTILES,1,6,11,0,1,11,LOW,0.479687,NORMAL,0.180052,0.477769,8.25,24.5,LOW
TF-2026-0004797,COLLECTION,CUST-00543,CP-00999,CA,US,GBP,1353951.27,2025-06-20,2025-10-11,CLOSED,TEXTILES,3,10,13,1,1,0,MEDIUM,0.568884,NORMAL,0.4599,0.657034,11.73,64.07,MEDIUM
TF-2026-0004798,IMPORT_LC,CUST-01167,CP-01125,CA,DE,USD,33988.65,2025-03-21,2025-05-25,CLOSED,CHEMICALS,4,4,10,1,0,8,HIGH,0.578062,NORMAL,0.687475,0.479516,11.32,70.44,HIGH
TF-2026-0004799,COLLECTION,CUST-00125,CP-00601,CA,BR,CNY,77427.68,2026-01-09,2026-03-18,CLOSED,INDUSTRIAL_EQUIPMENT,0,8,1,0,0,2,LOW,0.57432,NORMAL,0.180428,0.210858,6.67,35.56,LOW
TF-2026-0004800,IMPORT_LC,CUST-00468,CP-00327,CA,GB,USD,1733312.62,2025-11-27,2026-02-23,CLOSED,ELECTRONICS,1,8,10,0,0,10,LOW,0.511472,NORMAL,0.240808,0.247682,9.13,26.06,LOW
TF-2026-0004801,IMPORT_LC,CUST-00665,CP-00328,CA,US,GBP,2263813.45,2026-08-01,2026-12-02,ACTIVE,ELECTRONICS,1,3,8,0,0,6,MEDIUM,0.56071,NORMAL,0.193147,0.392818,9.85,45.74,MEDIUM
TF-2026-0004802,GUARANTEE,CUST-00167,CP-00546,CA,AE,CNY,403791.43,2025-10-28,2026-01-26,SETTLED,CHEMICALS,1,10,7,0,0,14,MEDIUM,0.54209,NORMAL,0.319932,0.248727,8.63,41.29,MEDIUM
TF-2026-0004803,EXPORT_LC,CUST-00957,CP-01019,CA,MX,JPY,685882.67,2024-10-30,2025-02-04,ACTIVE,CHEMICALS,4,8,17,0,1,8,MEDIUM,0.469546,NORMAL,0.412716,0.817141,15.84,46.67,MEDIUM
TF-2026-0004804,GUARANTEE,CUST-00494,CP-01688,CA,DE,USD,1010632.91,2025-09-06,2025-12-20,SETTLED,ELECTRONICS,2,5,9,0,0,3,MEDIUM,0.491375,NORMAL,0.238654,0.397683,9.64,31.07,LOW
TF-2026-0004805,IMPORT_LC,CUST-01007,CP-01059,CA,DE,GBP,505932.58,2026-01-28,2026-06-27,ACTIVE,TEXTILES,5,4,19,1,1,1,LOW,0.52617,NORMAL,0.479049,0.749247,13.95,54.78,MEDIUM
TF-2026-0004806,GUARANTEE,CUST-00403,CP-03107,CA,FR,CAD,203287.99,2025-10-13,2026-01-15,CLOSED,INDUSTRIAL_EQUIPMENT,2,10,14,0,1,9,HIGH,0.509323,NORMAL,0.230582,0.499291,10.74,43.97,MEDIUM
TF-2026-0004807,IMPORT_LC,CUST-00966,CP-01544,CA,DE,USD,230988.1,2025-03-15,2025-07-07,ACTIVE,TEXTILES,5,6,9,1,0,2,LOW,0.519948,NORMAL,0.592191,0.794154,14.91,58.01,MEDIUM
TF-2026-0004808,EXPORT_LC,CUST-00687,CP-01712,CA,IN,GBP,905496.21,2025-10-04,2026-02-06,CLOSED,AGRICULTURE,3,10,14,0,1,12,HIGH,0.513914,NORMAL,0.330371,0.663547,12.19,54.01,MEDIUM
TF-2026-0004809,GUARANTEE,CUST-00733,CP-01996,CA,IN,CAD,345531.43,2025-05-11,2025-07-17,ACTIVE,AUTO_PARTS,2,3,11,0,1,0,LOW,0.559942,NORMAL,0.285402,0.37743,9.78,42.87,MEDIUM
TF-2026-0004810,EXPORT_LC,CUST-00729,CP-02200,CA,CN,USD,195941.82,2026-05-03,2026-10-06,SETTLED,CHEMICALS,5,6,17,1,1,3,MEDIUM,0.517679,NORMAL,0.503899,0.751547,15.7,58.37,MEDIUM
TF-2026-0004811,IMPORT_LC,CUST-00276,CP-03470,CA,MX,CNY,37805.13,2025-08-10,2025-12-07,ACTIVE,ELECTRONICS,4,6,15,0,1,13,HIGH,0.584087,NORMAL,0.473242,0.694303,13.82,71.93,HIGH
TF-2026-0004812,COLLECTION,CUST-01155,CP-00726,CA,AE,CNY,106215.12,2025-10-15,2026-01-21,CLOSED,TEXTILES,5,6,15,0,1,13,MEDIUM,0.550543,NORMAL,0.37767,0.727848,13.32,61.43,MEDIUM
TF-2026-0004813,GUARANTEE,CUST-00378,CP-01321,CA,BR,CAD,1963967.15,2026-03-28,2026-07-11,ACTIVE,TEXTILES,4,6,18,0,1,7,HIGH,0.509639,NORMAL,0.625458,0.74789,14.56,64.62,MEDIUM
TF-2026-0004814,COLLECTION,CUST-00600,CP-01064,CA,DE,CAD,223325.13,2026-06-20,2026-11-10,SETTLED,AGRICULTURE,2,10,9,0,0,11,MEDIUM,0.514253,NORMAL,0.240646,0.47184,9.66,39.72,LOW
TF-2026-0004815,EXPORT_LC,CUST-00500,CP-03259,CA,MX,GBP,61216.36,2026-04-03,2026-07-15,CLOSED,INDUSTRIAL_EQUIPMENT,4,9,17,0,1,5,LOW,0.558089,NORMAL,0.614997,0.681167,12.64,63.18,MEDIUM
TF-2026-0004816,GUARANTEE,CUST-00514,CP-00528,CA,AE,GBP,94709.16,2025-03-02,2025-05-22,CLOSED,CHEMICALS,1,9,1,0,0,13,LOW,0.541142,NORMAL,0.212211,0.380178,8.22,37.48,LOW
TF-2026-0004817,COLLECTION,CUST-01190,CP-01287,CA,JP,CAD,170483.79,2025-07-15,2026-01-06,CLOSED,AGRICULTURE,2,7,14,0,1,13,MEDIUM,0.499101,NORMAL,0.246545,0.526837,11.22,37.7,LOW
TF-2026-0004818,GUARANTEE,CUST-00530,CP-00979,CA,GB,EUR,233334.31,2025-03-01,2025-08-16,SETTLED,INDUSTRIAL_EQUIPMENT,4,4,16,0,1,4,LOW,0.498954,NORMAL,0.458779,0.633879,13.2,42.75,MEDIUM
TF-2026-0004819,COLLECTION,CUST-00548,CP-00197,CA,MX,GBP,382817.36,2024-11-28,2025-02-12,ACTIVE,CHEMICALS,2,10,14,0,1,5,HIGH,0.497986,NORMAL,0.233885,0.57745,11.66,43.83,MEDIUM
TF-2026-0004820,IMPORT_LC,CUST-00508,CP-01633,CA,BR,CNY,1017712.57,2025-08-12,2026-01-05,CLOSED,AGRICULTURE,3,8,16,0,1,12,HIGH,0.488585,NORMAL,0.365457,0.613097,12.94,46.68,MEDIUM
TF-2026-0004821,COLLECTION,CUST-00203,CP-00978,CA,MX,CNY,3257630.37,2026-03-25,2026-06-09,ACTIVE,AGRICULTURE,0,9,3,1,0,1,MEDIUM,0.593814,HIGH,0.56685,0.188314,4.71,52.63,MEDIUM
TF-2026-0004822,EXPORT_LC,CUST-00217,CP-02773,CA,JP,JPY,781532.66,2025-08-18,2025-11-13,ACTIVE,INDUSTRIAL_EQUIPMENT,2,6,7,1,0,10,HIGH,0.471762,NORMAL,0.555434,0.305309,7.96,38.36,LOW
TF-2026-0004823,EXPORT_LC,CUST-00514,CP-00163,CA,BR,CNY,68879.08,2025-07-11,2025-11-15,ACTIVE,AGRICULTURE,2,5,18,0,1,9,LOW,0.538154,NORMAL,0.290081,0.431776,8.23,40.94,MEDIUM
TF-2026-0004824,EXPORT_LC,CUST-00702,CP-01259,CA,IN,JPY,368855.05,2024-10-24,2025-01-06,ACTIVE,CHEMICALS,4,10,20,0,1,9,MEDIUM,0.50847,NORMAL,0.301858,0.828916,16.57,52.41,MEDIUM
TF-2026-0004825,COLLECTION,CUST-01094,CP-03240,CA,AE,CNY,3647361.24,2025-11-01,2026-03-18,ACTIVE,AUTO_PARTS,5,7,14,0,1,10,MEDIUM,0.559131,NORMAL,0.383539,0.788419,14.31,65.1,HIGH
TF-2026-0004826,EXPORT_LC,CUST-00319,CP-03399,CA,SG,CAD,1054155.74,2025-04-06,2025-09-05,ACTIVE,INDUSTRIAL_EQUIPMENT,5,9,18,0,1,13,HIGH,0.540139,NORMAL,0.499373,0.839925,16.2,71.96,HIGH
TF-2026-0004827,EXPORT_LC,CUST-01114,CP-01773,CA,BR,CAD,215607.14,2024-12-19,2025-04-28,SETTLED,TEXTILES,3,7,12,0,1,1,MEDIUM,0.497337,NORMAL,0.489642,0.686572,11.73,50.12,MEDIUM
TF-2026-0004828,IMPORT_LC,CUST-01013,CP-01027,CA,IN,JPY,980300.37,2026-07-13,2026-10-21,SETTLED,ELECTRONICS,2,8,11,1,1,8,MEDIUM,0.477311,NORMAL,0.503676,0.534738,9.72,40.77,MEDIUM
TF-2026-0004829,IMPORT_LC,CUST-01120,CP-01328,CA,US,CAD,688499.15,2025-07-16,2025-12-18,ACTIVE,CHEMICALS,0,9,8,0,0,10,HIGH,0.514484,NORMAL,0.190434,0.125115,6.63,31.14,LOW
TF-2026-0004830,EXPORT_LC,CUST-00462,CP-00604,CA,FR,CAD,203148.94,2026-01-06,2026-03-11,SETTLED,TEXTILES,5,4,15,1,1,1,HIGH,0.543965,NORMAL,0.676631,0.751707,14.01,74.97,HIGH
TF-2026-0004831,GUARANTEE,CUST-00939,CP-02540,CA,SG,JPY,1210525.01,2025-10-31,2026-04-08,SETTLED,INDUSTRIAL_EQUIPMENT,2,4,18,1,1,13,LOW,0.517299,NORMAL,0.523171,0.379662,8.8,40.84,MEDIUM
TF-2026-0004832,GUARANTEE,CUST-00525,CP-01464,CA,CN,GBP,164803.79,2026-01-05,2026-06-08,ACTIVE,AUTO_PARTS,5,3,14,0,1,2,MEDIUM,0.56964,NORMAL,0.399577,0.777868,14.69,66.57,HIGH
TF-2026-0004833,GUARANTEE,CUST-00773,CP-01537,CA,CN,USD,7808879.37,2025-01-31,2025-07-04,CLOSED,ELECTRONICS,5,4,19,0,1,11,MEDIUM,0.620896,HIGH,0.341946,0.594814,10.58,60.89,MEDIUM
TF-2026-0004834,IMPORT_LC,CUST-00013,CP-01394,CA,CN,USD,300067.77,2025-12-03,2026-05-25,SETTLED,AUTO_PARTS,5,10,11,0,1,6,LOW,0.535697,NORMAL,0.409607,0.774262,12.8,55.93,MEDIUM
TF-2026-0004835,EXPORT_LC,CUST-01090,CP-00935,CA,BR,GBP,1526785.01,2024-09-08,2025-02-08,CLOSED,ELECTRONICS,2,4,7,0,0,9,HIGH,0.513053,NORMAL,0.201676,0.471358,8.71,43.14,MEDIUM
TF-2026-0004836,IMPORT_LC,CUST-01159,CP-02128,CA,SG,USD,1998717.02,2025-11-19,2026-04-11,SETTLED,INDUSTRIAL_EQUIPMENT,3,8,10,0,0,5,MEDIUM,0.505675,NORMAL,0.357631,0.40693,10.81,38.61,LOW
TF-2026-0004837,GUARANTEE,CUST-00961,CP-03030,CA,SG,GBP,108043.21,2025-05-03,2025-07-30,SETTLED,CHEMICALS,5,8,5,1,0,6,MEDIUM,0.539178,NORMAL,0.568031,0.648756,11.49,62.13,MEDIUM
TF-2026-0004838,EXPORT_LC,CUST-00312,CP-03453,CA,SG,USD,308514.0,2026-02-22,2026-07-30,SETTLED,INDUSTRIAL_EQUIPMENT,3,7,2,0,0,0,LOW,0.515846,NORMAL,0.45988,0.421298,7.14,39.99,LOW
TF-2026-0004839,GUARANTEE,CUST-00202,CP-00559,CA,AE,EUR,26266834.81,2025-10-08,2026-01-28,CLOSED,CHEMICALS,4,3,15,0,1,2,MEDIUM,0.62864,HIGH,0.480212,0.757367,13.83,70.83,HIGH
TF-2026-0004840,GUARANTEE,CUST-00363,CP-00137,CA,US,CNY,480343.21,2025-07-13,2025-09-13,ACTIVE,AGRICULTURE,4,5,16,0,1,0,HIGH,0.52403,NORMAL,0.343974,0.726592,13.38,59.34,MEDIUM
TF-2026-0004841,EXPORT_LC,CUST-00500,CP-03102,CA,IN,EUR,2689942.59,2026-05-23,2026-09-23,SETTLED,TEXTILES,1,5,8,0,0,9,LOW,0.530654,NORMAL,0.177658,0.167484,7.58,26.57,LOW
TF-2026-0004842,COLLECTION,CUST-01130,CP-03292,CA,FR,USD,680659.3,2025-07-04,2025-09-02,ACTIVE,AUTO_PARTS,3,8,6,0,0,1,LOW,0.498624,NORMAL,0.378072,0.35066,8.62,30.36,LOW
TF-2026-0004843,GUARANTEE,CUST-00120,CP-01457,CA,IN,JPY,158642.17,2026-01-27,2026-06-11,SETTLED,ELECTRONICS,3,10,8,0,0,8,HIGH,0.510258,NORMAL,0.404192,0.510124,11.34,49.84,MEDIUM
TF-2026-0004844,IMPORT_LC,CUST-01194,CP-00605,CA,US,CNY,101751.46,2025-09-18,2026-02-27,CLOSED,AGRICULTURE,3,6,9,1,0,12,LOW,0.516862,NORMAL,0.641517,0.378851,9.76,44.25,MEDIUM
TF-2026-0004845,EXPORT_LC,CUST-01157,CP-03139,CA,FR,JPY,529717.35,2025-08-06,2025-12-07,ACTIVE,TEXTILES,4,9,15,1,1,14,LOW,0.523825,NORMAL,0.458481,0.735091,13.1,53.02,MEDIUM
TF-2026-0004846,EXPORT_LC,CUST-00324,CP-01193,CA,GB,CAD,8057185.53,2026-01-03,2026-04-24,CLOSED,INDUSTRIAL_EQUIPMENT,4,4,14,1,1,5,MEDIUM,0.593635,HIGH,0.635826,0.745998,13.88,74.21,HIGH
TF-2026-0004847,GUARANTEE,CUST-00394,CP-00386,CA,JP,CAD,147595.22,2025-05-06,2025-10-21,ACTIVE,AUTO_PARTS,2,10,4,0,0,12,LOW,0.524822,NORMAL,0.246704,0.35338,8.25,33.54,LOW
TF-2026-0004848,EXPORT_LC,CUST-00467,CP-01740,CA,US,JPY,101894.6,2025-07-15,2025-10-05,CLOSED,INDUSTRIAL_EQUIPMENT,1,10,8,0,0,8,LOW,0.538935,NORMAL,0.307999,0.217958,7.83,34.17,LOW
TF-2026-0004849,GUARANTEE,CUST-00352,CP-02357,CA,GB,GBP,1944575.79,2024-12-15,2025-05-06,SETTLED,TEXTILES,4,5,14,0,1,6,LOW,0.51854,NORMAL,0.445548,0.76193,13.8,52.18,MEDIUM
TF-2026-0004850,EXPORT_LC,CUST-00637,CP-00483,CA,JP,CNY,615231.24,2026-01-30,2026-05-22,SETTLED,INDUSTRIAL_EQUIPMENT,2,8,10,1,0,14,MEDIUM,0.500941,NORMAL,0.254675,0.314489,9.15,30.94,LOW
TF-2026-0004851,COLLECTION,CUST-00911,CP-03112,CA,AE,GBP,481978.54,2025-09-24,2026-03-03,ACTIVE,AUTO_PARTS,2,7,4,0,0,3,MEDIUM,0.470552,NORMAL,0.278151,0.300863,5.93,24.74,LOW
TF-2026-0004852,COLLECTION,CUST-00028,CP-00467,CA,BR,CNY,2800604.96,2025-05-12,2025-08-06,CLOSED,TEXTILES,0,5,3,1,0,5,HIGH,0.551439,NORMAL,0.473568,0.226033,5.61,51.94,MEDIUM
TF-2026-0004853,EXPORT_LC,CUST-00917,CP-01470,CA,CN,CAD,1469736.91,2025-05-11,2025-08-21,CLOSED,TEXTILES,4,5,8,0,0,2,HIGH,0.51815,NORMAL,0.597974,0.532944,10.49,58.62,MEDIUM
TF-2026-0004854,EXPORT_LC,CUST-00526,CP-03171,CA,CN,GBP,770036.38,2025-06-20,2025-09-20,SETTLED,INDUSTRIAL_EQUIPMENT,4,8,8,1,0,2,HIGH,0.502735,NORMAL,0.661552,0.50144,11.0,55.15,MEDIUM
TF-2026-0004855,EXPORT_LC,CUST-00812,CP-00392,CA,BR,GBP,95893.32,2025-05-21,2025-11-11,CLOSED,AGRICULTURE,0,10,11,0,1,10,LOW,0.565969,NORMAL,0.184406,0.412432,8.65,41.87,MEDIUM
TF-2026-0004856,GUARANTEE,CUST-00550,CP-03082,CA,GB,CNY,137704.55,2026-04-01,2026-06-19,SETTLED,CHEMICALS,1,10,1,0,0,13,HIGH,0.543169,NORMAL,0.254877,0.295231,9.19,46.17,MEDIUM
TF-2026-0004857,IMPORT_LC,CUST-00511,CP-01205,CA,MX,GBP,1336596.57,2026-07-10,2026-10-01,SETTLED,CHEMICALS,5,5,9,0,0,12,HIGH,0.536801,NORMAL,0.457545,0.517995,12.47,58.63,MEDIUM
TF-2026-0004858,EXPORT_LC,CUST-00681,CP-02307,CA,BR,JPY,195587.65,2025-02-01,2025-05-19,CLOSED,INDUSTRIAL_EQUIPMENT,3,7,3,0,0,7,HIGH,0.469665,NORMAL,0.515463,0.541666,8.26,45.13,MEDIUM
TF-2026-0004859,EXPORT_LC,CUST-00945,CP-02028,CA,US,CNY,138311.39,2026-02-01,2026-05-17,ACTIVE,TEXTILES,1,4,3,0,0,9,HIGH,0.51808,NORMAL,0.234505,0.189543,6.36,35.68,LOW
TF-2026-0004860,IMPORT_LC,CUST-00185,CP-00188,CA,AE,JPY,159810.1,2025-11-29,2026-04-26,ACTIVE,INDUSTRIAL_EQUIPMENT,5,4,16,1,1,9,HIGH,0.531974,NORMAL,0.660901,0.741956,14.03,71.45,HIGH
TF-2026-0004861,EXPORT_LC,CUST-00823,CP-00816,CA,DE,EUR,1036350.87,2025-08-23,2026-01-14,ACTIVE,CHEMICALS,0,4,7,0,0,2,HIGH,0.534364,NORMAL,0.129303,0.181701,7.4,36.47,LOW
TF-2026-0004862,COLLECTION,CUST-00454,CP-01735,CA,CN,EUR,297685.78,2026-01-01,2026-06-29,ACTIVE,AGRICULTURE,0,10,4,1,0,0,LOW,0.580959,NORMAL,0.271203,0.156406,4.73,36.84,LOW
TF-2026-0004863,EXPORT_LC,CUST-01136,CP-01276,CA,CN,USD,325744.1,2025-10-15,2025-12-26,SETTLED,INDUSTRIAL_EQUIPMENT,5,7,19,0,1,3,MEDIUM,0.500839,NORMAL,0.474704,0.757557,13.65,53.02,MEDIUM
TF-2026-0004864,COLLECTION,CUST-00659,CP-00840,CA,DE,JPY,103797.83,2026-03-02,2026-07-01,SETTLED,INDUSTRIAL_EQUIPMENT,3,4,14,0,1,12,MEDIUM,0.52606,NORMAL,0.514214,0.700641,12.43,59.09,MEDIUM
TF-2026-0004865,GUARANTEE,CUST-00107,CP-00560,CA,DE,USD,67526.0,2024-09-12,2024-12-23,ACTIVE,AUTO_PARTS,3,6,7,1,0,0,HIGH,0.576154,NORMAL,0.658729,0.438384,8.99,68.04,HIGH
TF-2026-0004866,EXPORT_LC,CUST-00270,CP-00576,CA,SG,USD,548442.69,2025-02-28,2025-07-31,SETTLED,AUTO_PARTS,4,10,13,0,1,5,MEDIUM,0.512897,NORMAL,0.33133,0.754907,12.34,51.92,MEDIUM
TF-2026-0004867,COLLECTION,CUST-00260,CP-02916,CA,BR,CAD,338381.98,2026-02-10,2026-04-14,ACTIVE,CHEMICALS,5,4,17,0,1,15,MEDIUM,0.558579,NORMAL,0.520538,0.716543,12.31,66.65,HIGH
TF-2026-0004868,EXPORT_LC,CUST-01034,CP-00446,CA,JP,CAD,5757709.17,2024-10-04,2025-03-12,CLOSED,CHEMICALS,4,10,12,0,1,13,LOW,0.61496,HIGH,0.33711,0.727817,15.05,60.31,MEDIUM
TF-2026-0004869,IMPORT_LC,CUST-00682,CP-01772,CA,JP,JPY,332135.82,2024-08-17,2024-12-19,CLOSED,AGRICULTURE,3,3,5,0,0,2,HIGH,0.528488,NORMAL,0.308795,0.351275,7.49,46.35,MEDIUM
TF-2026-0004870,EXPORT_LC,CUST-00600,CP-02726,CA,MX,CNY,163809.61,2024-11-24,2025-05-19,SETTLED,CHEMICALS,4,5,14,0,1,6,MEDIUM,0.499644,NORMAL,0.592245,0.747158,13.16,55.88,MEDIUM
TF-2026-0004871,EXPORT_LC,CUST-00776,CP-01433,CA,FR,GBP,966831.25,2026-05-04,2026-08-27,SETTLED,AUTO_PARTS,5,7,4,0,0,1,HIGH,0.528615,NORMAL,0.478755,0.530793,10.3,57.76,MEDIUM
TF-2026-0004872,GUARANTEE,CUST-00441,CP-00087,CA,MX,GBP,620427.46,2025-08-09,2026-01-16,SETTLED,ELECTRONICS,1,6,7,0,0,4,MEDIUM,0.480472,NORMAL,0.141347,0.217,6.98,19.35,LOW
TF-2026-0004873,EXPORT_LC,CUST-00618,CP-01071,CA,DE,CAD,870600.86,2025-11-15,2026-02-24,ACTIVE,ELECTRONICS,5,6,17,0,1,4,MEDIUM,0.498331,NORMAL,0.38879,0.697862,13.9,47.77,MEDIUM
TF-2026-0004874,GUARANTEE,CUST-00842,CP-02694,CA,FR,JPY,963426.62,2025-01-21,2025-05-11,ACTIVE,CHEMICALS,1,3,3,0,0,7,HIGH,0.524381,NORMAL,0.251935,0.285309,6.61,41.21,MEDIUM
TF-2026-0004875,IMPORT_LC,CUST-00786,CP-03228,CA,BR,CNY,54630.15,2024-09-16,2024-12-25,CLOSED,ELECTRONICS,0,7,2,0,0,8,MEDIUM,0.570977,NORMAL,0.1614,0.179523,5.02,38.61,LOW
TF-2026-0004876,GUARANTEE,CUST-01085,CP-00739,CA,AE,EUR,300592.71,2025-06-12,2025-08-29,ACTIVE,TEXTILES,3,3,9,1,0,0,HIGH,0.556172,NORMAL,0.682823,0.456674,10.4,67.04,HIGH
TF-2026-0004877,GUARANTEE,CUST-00235,CP-01040,CA,JP,EUR,2831480.18,2025-12-11,2026-04-14,CLOSED,CHEMICALS,0,7,3,0,0,13,LOW,0.565176,NORMAL,0.192363,0.229292,6.25,35.59,LOW
TF-2026-0004878,EXPORT_LC,CUST-01150,CP-00220,CA,BR,EUR,517811.2,2024-09-21,2025-01-25,SETTLED,CHEMICALS,0,5,4,0,0,1,HIGH,0.529122,NORMAL,0.167264,0.21376,5.47,37.43,LOW
TF-2026-0004879,EXPORT_LC,CUST-00527,CP-01539,CA,BR,USD,356043.62,2025-11-30,2026-04-17,SETTLED,TEXTILES,3,5,13,0,1,2,LOW,0.486573,NORMAL,0.444412,0.647948,10.36,39.82,LOW
TF-2026-0004880,EXPORT_LC,CUST-00078,CP-02373,CA,SG,CAD,65662.73,2026-06-24,2026-11-05,ACTIVE,TEXTILES,1,6,10,0,0,7,HIGH,0.534081,NORMAL,0.21583,0.269007,6.55,42.05,MEDIUM
TF-2026-0004881,COLLECTION,CUST-00004,CP-01164,CA,US,EUR,1276181.02,2025-11-17,2026-03-25,ACTIVE,CHEMICALS,4,9,9,1,0,12,LOW,0.518471,NORMAL,0.693796,0.469417,9.68,49.37,MEDIUM
TF-2026-0004882,COLLECTION,CUST-00135,CP-01067,CA,MX,USD,813337.47,2026-03-13,2026-08-15,CLOSED,ELECTRONICS,0,4,1,0,0,14,LOW,0.552474,NORMAL,0.182631,0.325891,6.62,36.9,LOW
TF-2026-0004883,IMPORT_LC,CUST-00926,CP-00766,CA,US,EUR,195552.54,2025-02-21,2025-08-09,ACTIVE,TEXTILES,3,7,18,0,1,10,MEDIUM,0.475948,NORMAL,0.387229,0.632094,13.63,40.43,MEDIUM
TF-2026-0004884,EXPORT_LC,CUST-00860,CP-01929,CA,BR,JPY,2132868.71,2025-08-25,2025-11-03,CLOSED,CHEMICALS,1,5,12,0,1,15,MEDIUM,0.568845,NORMAL,0.111372,0.494111,10.05,47.91,MEDIUM
TF-2026-0004885,GUARANTEE,CUST-01034,CP-01630,CA,US,CAD,88749.12,2025-06-16,2025-10-02,ACTIVE,TEXTILES,4,4,10,0,0,6,LOW,0.53369,NORMAL,0.505031,0.486559,10.51,48.26,MEDIUM
TF-2026-0004886,GUARANTEE,CUST-00176,CP-00206,CA,IN,GBP,106596.69,2024-12-16,2025-04-28,SETTLED,TEXTILES,3,8,16,0,1,4,LOW,0.505269,NORMAL,0.317834,0.610323,12.86,39.38,LOW
TF-2026-0004887,EXPORT_LC,CUST-00354,CP-02346,CA,BR,JPY,161647.96,2024-10-29,2025-01-22,SETTLED,AUTO_PARTS,0,10,4,0,0,10,HIGH,0.550527,NORMAL,0.252063,0.282808,7.14,47.09,MEDIUM
TF-2026-0004888,IMPORT_LC,CUST-00653,CP-02696,CA,SG,CAD,1086267.14,2025-05-03,2025-07-25,ACTIVE,CHEMICALS,4,8,10,0,0,2,MEDIUM,0.508332,NORMAL,0.529036,0.766687,12.99,57.0,MEDIUM
TF-2026-0004889,IMPORT_LC,CUST-00835,CP-01875,CA,FR,JPY,482610.99,2026-07-17,2027-01-09,CLOSED,AUTO_PARTS,4,3,7,0,0,7,LOW,0.512359,NORMAL,0.419388,0.504527,10.03,40.67,MEDIUM
TF-2026-0004890,GUARANTEE,CUST-00741,CP-01452,CA,MX,CAD,1220462.68,2026-07-05,2026-11-07,SETTLED,AUTO_PARTS,0,10,7,0,0,3,MEDIUM,0.562949,NORMAL,0.163589,0.154776,6.23,36.82,LOW
TF-2026-0004891,COLLECTION,CUST-01088,CP-02612,CA,FR,EUR,989209.71,2025-03-15,2025-07-25,CLOSED,AGRICULTURE,1,3,12,1,1,7,HIGH,0.525152,NORMAL,0.543182,0.381111,9.69,53.51,MEDIUM
TF-2026-0004892,COLLECTION,CUST-00137,CP-03163,CA,GB,CAD,372920.25,2025-01-07,2025-06-21,SETTLED,CHEMICALS,1,6,2,0,0,14,MEDIUM,0.500943,NORMAL,0.253182,0.240459,7.0,28.31,LOW
TF-2026-0004893,GUARANTEE,CUST-00383,CP-02765,CA,DE,EUR,2003924.74,2025-02-26,2025-06-04,ACTIVE,CHEMICALS,3,6,13,1,1,13,MEDIUM,0.52628,NORMAL,0.633886,0.522654,10.85,56.52,MEDIUM
TF-2026-0004894,GUARANTEE,CUST-00823,CP-00921,CA,FR,CNY,649026.26,2025-08-18,2026-02-14,SETTLED,ELECTRONICS,5,10,17,1,1,7,HIGH,0.529865,NORMAL,0.464576,0.755518,16.28,65.54,HIGH
TF-2026-0004895,IMPORT_LC,CUST-00050,CP-01740,CA,US,JPY,495243.34,2025-06-08,2025-08-11,ACTIVE,ELECTRONICS,0,4,5,0,0,8,MEDIUM,0.517548,NORMAL,0.152894,0.237963,6.31,29.83,LOW
TF-2026-0004896,GUARANTEE,CUST-00740,CP-00235,CA,US,EUR,805414.86,2025-12-20,2026-06-15,CLOSED,INDUSTRIAL_EQUIPMENT,1,3,8,0,0,11,HIGH,0.528355,NORMAL,0.239476,0.216205,7.79,39.5,LOW
TF-2026-0004897,COLLECTION,CUST-00123,CP-01331,CA,MX,CNY,497365.09,2026-05-01,2026-10-11,SETTLED,AUTO_PARTS,3,5,11,0,1,12,LOW,0.482009,NORMAL,0.372096,0.643623,11.43,36.48,LOW
TF-2026-0004898,IMPORT_LC,CUST-00058,CP-01745,CA,CN,EUR,115257.09,2024-11-10,2025-04-06,CLOSED,ELECTRONICS,5,3,16,0,1,11,HIGH,0.57683,NORMAL,0.371693,0.763453,13.39,70.84,HIGH
TF-2026-0004899,COLLECTION,CUST-00504,CP-00020,CA,BR,CNY,98910.93,2026-04-20,2026-08-22,CLOSED,AUTO_PARTS,0,10,4,0,0,6,MEDIUM,0.574413,NORMAL,0.301202,0.164521,5.6,42.57,MEDIUM
TF-2026-0004900,IMPORT_LC,CUST-00023,CP-01531,CA,CN,EUR,199465.0,2026-06-25,2026-10-06,CLOSED,INDUSTRIAL_EQUIPMENT,2,4,10,1,0,11,LOW,0.504638,NORMAL,0.501336,0.326669,9.43,34.84,LOW
TF-2026-0004901,EXPORT_LC,CUST-00904,CP-01890,CA,BR,CAD,579177.32,2024-10-29,2025-04-20,CLOSED,INDUSTRIAL_EQUIPMENT,4,3,13,0,1,14,LOW,0.553871,NORMAL,0.463439,0.784891,13.53,61.62,MEDIUM
TF-2026-0004902,IMPORT_LC,CUST-01073,CP-02024,CA,US,CNY,1027371.91,2025-06-04,2025-09-04,CLOSED,AGRICULTURE,5,6,11,0,1,2,MEDIUM,0.516587,NORMAL,0.534196,0.697862,13.88,57.13,MEDIUM
TF-2026-0004903,IMPORT_LC,CUST-00165,CP-00714,CA,AE,CAD,405710.58,2026-04-13,2026-07-11,ACTIVE,ELECTRONICS,2,10,8,0,0,2,HIGH,0.515996,NORMAL,0.4418,0.426698,8.77,49.69,MEDIUM
TF-2026-0004904,COLLECTION,CUST-00279,CP-01718,CA,AE,CNY,202303.46,2025-10-06,2025-12-31,CLOSED,TEXTILES,2,6,7,0,0,14,HIGH,0.51354,NORMAL,0.276209,0.437602,9.72,44.35,MEDIUM
TF-2026-0004905,COLLECTION,CUST-01134,CP-02849,CA,MX,GBP,813941.75,2025-01-03,2025-03-22,SETTLED,CHEMICALS,3,3,11,0,1,5,LOW,0.514217,NORMAL,0.312993,0.570754,10.71,40.34,MEDIUM
TF-2026-0004906,EXPORT_LC,CUST-00241,CP-02068,CA,BR,JPY,162151.41,2026-03-21,2026-06-07,SETTLED,CHEMICALS,5,3,18,0,1,14,MEDIUM,0.590984,HIGH,0.345664,0.726126,14.23,64.65,MEDIUM
TF-2026-0004907,EXPORT_LC,CUST-00652,CP-01529,CA,BR,CAD,595025.5,2026-02-23,2026-05-12,CLOSED,CHEMICALS,3,10,6,1,0,3,LOW,0.509834,NORMAL,0.571549,0.584465,11.69,47.32,MEDIUM
TF-2026-0004908,IMPORT_LC,CUST-01073,CP-00317,CA,GB,EUR,3486955.1,2026-01-28,2026-04-16,SETTLED,ELECTRONICS,2,9,1,0,0,2,MEDIUM,0.560499,NORMAL,0.364283,0.277147,6.24,46.81,MEDIUM
TF-2026-0004909,IMPORT_LC,CUST-00153,CP-02193,CA,US,JPY,852674.89,2025-09-03,2025-12-13,SETTLED,TEXTILES,3,6,7,0,0,9,HIGH,0.467937,NORMAL,0.36294,0.448265,9.87,37.16,LOW
TF-2026-0004910,COLLECTION,CUST-00060,CP-02497,CA,AE,GBP,497917.32,2026-07-24,2027-01-01,SETTLED,AGRICULTURE,2,7,10,1,0,2,MEDIUM,0.478677,NORMAL,0.269678,0.46451,8.59,31.56,LOW
TF-2026-0004911,EXPORT_LC,CUST-00897,CP-00689,CA,GB,GBP,78036.28,2025-07-07,2025-10-23,SETTLED,ELECTRONICS,4,10,14,0,1,3,MEDIUM,0.578359,NORMAL,0.456985,0.77024,13.32,68.73,HIGH
TF-2026-0004912,EXPORT_LC,CUST-00517,CP-03228,CA,BR,JPY,374926.4,2026-03-10,2026-08-18,ACTIVE,AUTO_PARTS,5,4,13,1,1,8,MEDIUM,0.506842,NORMAL,0.559464,0.824481,12.6,59.57,MEDIUM
TF-2026-0004913,GUARANTEE,CUST-00818,CP-03230,CA,AE,CAD,5249688.35,2026-05-01,2026-08-19,SETTLED,AGRICULTURE,2,3,12,0,1,12,LOW,0.603247,HIGH,0.222228,0.639973,11.02,53.48,MEDIUM
TF-2026-0004914,GUARANTEE,CUST-00266,CP-00627,CA,DE,CAD,594683.56,2024-12-28,2025-03-19,ACTIVE,INDUSTRIAL_EQUIPMENT,3,3,11,1,1,0,MEDIUM,0.554733,NORMAL,0.70197,0.668803,10.85,69.84,HIGH
TF-2026-0004915,EXPORT_LC,CUST-00840,CP-02954,CA,FR,USD,966577.24,2026-01-02,2026-06-14,SETTLED,AGRICULTURE,2,6,11,1,1,13,HIGH,0.491813,NORMAL,0.249994,0.627334,10.52,44.56,MEDIUM
TF-2026-0004916,GUARANTEE,CUST-00762,CP-01260,CA,AE,CAD,177076.11,2025-09-26,2026-01-29,CLOSED,TEXTILES,2,9,4,0,0,4,LOW,0.495897,NORMAL,0.296531,0.346054,8.97,27.07,LOW
TF-2026-0004917,IMPORT_LC,CUST-00204,CP-02312,CA,BR,CAD,1108089.81,2024-12-23,2025-05-04,SETTLED,CHEMICALS,4,9,16,1,1,2,HIGH,0.519276,NORMAL,0.701781,0.737575,12.94,69.17,HIGH
TF-2026-0004918,GUARANTEE,CUST-00659,CP-00523,CA,GB,USD,261172.84,2025-03-19,2025-08-07,ACTIVE,AGRICULTURE,5,7,10,1,0,7,MEDIUM,0.491955,NORMAL,0.700188,0.604913,12.51,52.33,MEDIUM
TF-2026-0004919,COLLECTION,CUST-00359,CP-01589,CA,CN,CNY,89968.44,2025-12-17,2026-03-12,SETTLED,AUTO_PARTS,1,9,4,0,0,0,HIGH,0.57305,NORMAL,0.240457,0.309474,6.69,50.67,MEDIUM
TF-2026-0004920,EXPORT_LC,CUST-00307,CP-03329,CA,BR,JPY,629312.17,2025-05-19,2025-10-29,SETTLED,TEXTILES,1,10,14,0,1,13,HIGH,0.527951,NORMAL,0.168676,0.315361,7.65,40.73,MEDIUM
TF-2026-0004921,GUARANTEE,CUST-00844,CP-02743,CA,GB,CAD,859109.05,2024-12-03,2025-05-13,ACTIVE,CHEMICALS,3,6,9,1,0,9,HIGH,0.468079,NORMAL,0.670715,0.404573,7.97,44.88,MEDIUM
TF-2026-0004922,COLLECTION,CUST-00428,CP-00371,CA,AE,USD,222112.25,2026-01-06,2026-03-28,SETTLED,INDUSTRIAL_EQUIPMENT,1,6,9,0,0,12,HIGH,0.489521,NORMAL,0.248996,0.311137,8.28,32.85,LOW
TF-2026-0004923,COLLECTION,CUST-00541,CP-03199,CA,US,CAD,395873.71,2025-04-18,2025-07-01,CLOSED,AUTO_PARTS,3,4,14,0,1,9,MEDIUM,0.475436,NORMAL,0.397427,0.632726,12.93,40.67,MEDIUM
TF-2026-0004924,IMPORT_LC,CUST-01113,CP-01600,CA,IN,CAD,788139.77,2026-03-27,2026-09-03,ACTIVE,CHEMICALS,1,10,6,0,0,8,HIGH,0.511987,NORMAL,0.20848,0.162785,6.26,32.26,LOW
TF-2026-0004925,EXPORT_LC,CUST-00576,CP-02655,CA,GB,JPY,218554.51,2025-11-23,2026-02-09,SETTLED,AGRICULTURE,4,9,20,1,1,12,LOW,0.509347,NORMAL,0.725528,0.669889,15.54,54.8,MEDIUM
TF-2026-0004926,IMPORT_LC,CUST-00915,CP-00988,CA,CN,EUR,1377015.57,2025-04-21,2025-09-23,SETTLED,TEXTILES,4,4,9,1,0,6,LOW,0.51144,NORMAL,0.684152,0.65179,11.81,53.49,MEDIUM
TF-2026-0004927,GUARANTEE,CUST-00814,CP-00961,CA,CN,CAD,746763.98,2026-03-30,2026-08-30,ACTIVE,ELECTRONICS,2,4,13,0,1,3,HIGH,0.490653,NORMAL,0.192893,0.408697,8.02,34.87,LOW
TF-2026-0004928,IMPORT_LC,CUST-00347,CP-02753,CA,FR,CAD,991329.09,2025-03-05,2025-05-25,CLOSED,AGRICULTURE,3,5,15,1,1,9,HIGH,0.476367,NORMAL,0.571041,0.640398,13.17,51.37,MEDIUM
TF-2026-0004929,GUARANTEE,CUST-00636,CP-01349,CA,AE,JPY,314687.26,2026-03-04,2026-06-11,ACTIVE,ELECTRONICS,4,8,9,0,0,15,HIGH,0.530559,NORMAL,0.453881,0.554822,11.64,58.38,MEDIUM
TF-2026-0004930,IMPORT_LC,CUST-00742,CP-02974,CA,DE,JPY,540726.19,2026-02-07,2026-05-26,CLOSED,TEXTILES,4,5,18,0,1,8,LOW,0.469914,NORMAL,0.398375,0.752721,13.4,39.04,LOW
TF-2026-0004931,IMPORT_LC,CUST-00227,CP-02809,CA,JP,CAD,1882525.23,2025-11-22,2026-01-26,ACTIVE,AUTO_PARTS,1,10,10,0,0,13,HIGH,0.557681,NORMAL,0.193203,0.141848,8.42,41.58,MEDIUM
TF-2026-0004932,COLLECTION,CUST-00462,CP-01058,CA,MX,CNY,1261012.66,2025-12-05,2026-05-08,ACTIVE,AGRICULTURE,5,4,16,0,1,3,HIGH,0.531804,NORMAL,0.46685,0.660711,13.04,62.73,MEDIUM
TF-2026-0004933,GUARANTEE,CUST-00336,CP-00140,CA,BR,CNY,698177.35,2025-03-12,2025-05-14,CLOSED,TEXTILES,0,5,9,0,0,15,MEDIUM,0.558883,NORMAL,0.172755,0.196782,7.93,38.05,LOW
TF-2026-0004934,COLLECTION,CUST-00536,CP-03173,CA,SG,CNY,119652.56,2026-02-11,2026-07-21,ACTIVE,AUTO_PARTS,4,5,15,0,1,9,LOW,0.508699,NORMAL,0.411935,0.62322,10.19,43.58,MEDIUM
TF-2026-0004935,IMPORT_LC,CUST-00582,CP-00308,CA,JP,CNY,149993.6,2025-03-07,2025-06-10,SETTLED,INDUSTRIAL_EQUIPMENT,4,9,9,0,0,12,HIGH,0.52516,NORMAL,0.401859,0.600778,10.35,56.97,MEDIUM
TF-2026-0004936,IMPORT_LC,CUST-00782,CP-01344,CA,GB,GBP,883367.46,2024-09-06,2025-03-01,SETTLED,TEXTILES,5,10,17,1,1,5,MEDIUM,0.537992,NORMAL,0.550457,0.812402,14.96,67.02,HIGH
TF-2026-0004937,GUARANTEE,CUST-00548,CP-01415,CA,FR,USD,240944.43,2024-09-10,2024-12-17,ACTIVE,INDUSTRIAL_EQUIPMENT,1,3,9,0,0,14,HIGH,0.549969,NORMAL,0.228651,0.234615,8.82,44.61,MEDIUM
TF-2026-0004938,EXPORT_LC,CUST-00726,CP-01973,CA,FR,USD,613359.53,2025-12-20,2026-05-04,ACTIVE,ELECTRONICS,5,9,10,0,0,13,LOW,0.529965,NORMAL,0.412519,0.616742,12.4,49.15,MEDIUM
TF-2026-0004939,EXPORT_LC,CUST-00647,CP-00602,CA,US,CAD,376799.53,2024-12-20,2025-02-27,CLOSED,AUTO_PARTS,2,9,1,1,0,2,MEDIUM,0.495058,NORMAL,0.309016,0.406044,6.61,34.36,LOW
TF-2026-0004940,EXPORT_LC,CUST-00441,CP-01304,CA,SG,EUR,350891.73,2025-07-20,2025-09-28,SETTLED,AGRICULTURE,0,6,9,0,0,6,MEDIUM,0.498968,NORMAL,0.123637,0.196251,7.93,22.39,LOW
TF-2026-0004941,EXPORT_LC,CUST-00406,CP-02791,CA,CN,GBP,540435.6,2025-01-31,2025-07-02,CLOSED,TEXTILES,0,7,8,0,0,12,LOW,0.503859,NORMAL,0.132729,0.214733,6.01,19.67,LOW
TF-2026-0004942,COLLECTION,CUST-00388,CP-03381,CA,FR,USD,296184.64,2024-12-15,2025-02-18,SETTLED,CHEMICALS,2,9,10,0,0,8,HIGH,0.480343,NORMAL,0.273938,0.360576,9.85,33.31,LOW
TF-2026-0004943,IMPORT_LC,CUST-00973,CP-02535,CA,BR,EUR,160157.85,2024-10-04,2025-03-27,ACTIVE,AGRICULTURE,5,4,16,0,1,7,HIGH,0.528006,NORMAL,0.504492,0.707592,13.52,64.55,MEDIUM
TF-2026-0004944,COLLECTION,CUST-00160,CP-00981,CA,MX,JPY,264872.94,2026-05-13,2026-08-29,SETTLED,AUTO_PARTS,0,3,1,0,0,14,LOW,0.578685,NORMAL,0.265487,0.211221,4.19,38.44,LOW
TF-2026-0004945,EXPORT_LC,CUST-00597,CP-02432,CA,AE,JPY,425593.66,2025-02-09,2025-07-25,CLOSED,AUTO_PARTS,2,5,7,0,0,2,LOW,0.480449,NORMAL,0.249387,0.40674,8.63,24.22,LOW
TF-2026-0004946,COLLECTION,CUST-00414,CP-00199,CA,JP,EUR,243425.88,2024-11-13,2025-01-16,SETTLED,ELECTRONICS,0,6,7,0,0,12,HIGH,0.510257,NORMAL,0.15343,0.151428,6.91,29.76,LOW
TF-2026-0004947,IMPORT_LC,CUST-00028,CP-01200,CA,BR,USD,283149.41,2024-12-15,2025-03-27,ACTIVE,CHEMICALS,5,7,7,0,0,11,HIGH,0.498558,NORMAL,0.346457,0.824882,14.36,55.99,MEDIUM
TF-2026-0004948,EXPORT_LC,CUST-00135,CP-03286,CA,AE,GBP,34550.5,2025-05-03,2025-10-25,ACTIVE,ELECTRONICS,0,9,5,0,0,1,LOW,0.609951,HIGH,0.243576,0.347928,6.57,44.06,MEDIUM
TF-2026-0004949,EXPORT_LC,CUST-00503,CP-00603,CA,US,USD,254200.53,2024-11-29,2025-02-12,ACTIVE,AGRICULTURE,5,10,10,1,0,8,LOW,0.535862,NORMAL,0.689635,0.572958,13.08,57.31,MEDIUM
TF-2026-0004950,COLLECTION,CUST-00501,CP-01431,CA,BR,GBP,223826.97,2024-11-26,2025-01-31,ACTIVE,TEXTILES,5,6,12,0,1,0,MEDIUM,0.559602,NORMAL,0.459134,0.785679,15.16,67.33,HIGH
TF-2026-0004951,IMPORT_LC,CUST-00643,CP-01689,CA,IN,USD,1031695.35,2025-05-18,2025-10-15,ACTIVE,AGRICULTURE,5,9,15,0,1,2,MEDIUM,0.537759,NORMAL,0.432986,0.681696,12.52,58.87,MEDIUM
TF-2026-0004952,COLLECTION,CUST-00375,CP-02752,CA,FR,CAD,686058.66,2025-04-03,2025-09-25,ACTIVE,TEXTILES,0,6,8,0,0,0,MEDIUM,0.549704,NORMAL,0.323586,0.199348,7.77,41.15,MEDIUM
TF-2026-0004953,COLLECTION,CUST-00464,CP-02208,CA,DE,GBP,432254.48,2026-05-07,2026-07-18,CLOSED,INDUSTRIAL_EQUIPMENT,1,10,6,0,0,0,HIGH,0.557598,NORMAL,0.265946,0.275732,6.67,48.43,MEDIUM
TF-2026-0004954,GUARANTEE,CUST-01009,CP-02796,CA,US,CAD,558909.76,2026-07-28,2026-10-08,SETTLED,INDUSTRIAL_EQUIPMENT,5,6,12,0,1,12,HIGH,0.506408,NORMAL,0.352812,0.824,13.4,58.23,MEDIUM
TF-2026-0004955,IMPORT_LC,CUST-01194,CP-01398,CA,MX,JPY,191598.42,2026-04-10,2026-07-05,SETTLED,CHEMICALS,2,9,6,0,0,6,LOW,0.495531,NORMAL,0.369179,0.252758,7.61,25.92,LOW
TF-2026-0004956,COLLECTION,CUST-00768,CP-01140,CA,SG,EUR,30263.1,2025-12-17,2026-02-18,SETTLED,AGRICULTURE,3,6,12,1,1,5,MEDIUM,0.563761,NORMAL,0.540228,0.633604,11.76,64.97,MEDIUM
TF-2026-0004957,GUARANTEE,CUST-00742,CP-02744,CA,MX,JPY,117179.21,2024-09-21,2024-12-20,ACTIVE,AGRICULTURE,3,6,20,0,1,13,LOW,0.514168,NORMAL,0.379427,0.625838,13.87,44.24,MEDIUM
TF-2026-0004958,COLLECTION,CUST-00899,CP-00337,CA,US,GBP,157320.25,2026-06-15,2026-08-31,CLOSED,ELECTRONICS,4,8,5,0,0,3,MEDIUM,0.51223,NORMAL,0.402127,0.551153,9.02,46.72,MEDIUM
TF-2026-0004959,COLLECTION,CUST-00064,CP-03159,CA,SG,GBP,110748.2,2026-04-08,2026-08-05,SETTLED,AGRICULTURE,0,8,11,0,1,9,HIGH,0.538307,NORMAL,0.144903,0.479359,8.99,48.27,MEDIUM
TF-2026-0004960,GUARANTEE,CUST-01170,CP-00790,CA,AE,CAD,706391.57,2025-11-11,2026-02-12,ACTIVE,TEXTILES,4,10,8,0,0,3,LOW,0.52775,NORMAL,0.455491,0.548451,10.65,47.41,MEDIUM
TF-2026-0004961,COLLECTION,CUST-00534,CP-00381,CA,AE,GBP,365243.61,2025-02-19,2025-06-28,SETTLED,TEXTILES,1,10,12,0,1,15,HIGH,0.56515,NORMAL,0.245316,0.479956,9.97,55.95,MEDIUM
TF-2026-0004962,EXPORT_LC,CUST-01074,CP-00195,CA,DE,JPY,2928090.96,2025-11-08,2026-01-22,ACTIVE,CHEMICALS,2,10,9,0,0,15,HIGH,0.605602,HIGH,0.186683,0.368172,9.56,52.95,MEDIUM
TF-2026-0004963,EXPORT_LC,CUST-01066,CP-00183,CA,DE,USD,8116928.3,2025-06-02,2025-08-18,ACTIVE,INDUSTRIAL_EQUIPMENT,0,7,7,0,0,14,LOW,0.623612,HIGH,0.167188,0.233679,6.82,38.05,LOW
TF-2026-0004964,IMPORT_LC,CUST-00947,CP-02235,CA,SG,USD,525460.14,2025-07-20,2025-10-23,ACTIVE,ELECTRONICS,0,6,4,0,0,12,HIGH,0.503573,NORMAL,0.090276,0.32206,7.13,32.04,LOW
TF-2026-0004965,COLLECTION,CUST-00366,CP-01661,CA,IN,GBP,548994.98,2026-01-25,2026-07-10,ACTIVE,TEXTILES,5,10,16,0,1,11,MEDIUM,0.537553,NORMAL,0.492112,0.821933,14.56,65.46,HIGH
TF-2026-0004966,GUARANTEE,CUST-00649,CP-02147,CA,AE,USD,1346483.63,2026-05-20,2026-09-21,SETTLED,CHEMICALS,2,7,8,1,0,9,LOW,0.483739,NORMAL,0.317934,0.487992,10.57,29.8,LOW
TF-2026-0004967,IMPORT_LC,CUST-00626,CP-01034,CA,MX,USD,140739.85,2026-01-28,2026-05-26,SETTLED,CHEMICALS,4,10,14,0,1,3,LOW,0.54613,NORMAL,0.531136,0.6699,13.02,58.12,MEDIUM
TF-2026-0004968,COLLECTION,CUST-00516,CP-03019,CA,US,JPY,3070264.61,2024-10-12,2025-01-24,ACTIVE,INDUSTRIAL_EQUIPMENT,1,10,6,1,0,5,LOW,0.573341,NORMAL,0.237604,0.286286,7.83,39.81,LOW
TF-2026-0004969,IMPORT_LC,CUST-00887,CP-02082,CA,IN,JPY,281042.87,2025-06-15,2025-08-25,ACTIVE,AGRICULTURE,0,10,9,0,0,7,MEDIUM,0.538687,NORMAL,0.125807,0.148947,7.8,31.21,LOW
TF-2026-0004970,GUARANTEE,CUST-00607,CP-01291,CA,CN,EUR,1567583.13,2025-07-18,2025-10-02,ACTIVE,AUTO_PARTS,1,8,7,0,0,11,MEDIUM,0.508877,NORMAL,0.21073,0.243553,7.84,29.3,LOW
TF-2026-0004971,IMPORT_LC,CUST-01051,CP-02668,CA,MX,CNY,866982.19,2026-04-27,2026-08-23,SETTLED,TEXTILES,4,7,18,1,1,14,MEDIUM,0.509236,NORMAL,0.696636,0.682307,12.72,59.32,MEDIUM
TF-2026-0004972,COLLECTION,CUST-00698,CP-00926,CA,BR,JPY,1606081.2,2026-01-09,2026-03-29,CLOSED,INDUSTRIAL_EQUIPMENT,4,9,15,0,1,4,MEDIUM,0.522603,NORMAL,0.36242,0.838297,14.65,58.36,MEDIUM
TF-2026-0004973,EXPORT_LC,CUST-00998,CP-01623,CA,CN,JPY,624673.99,2026-08-09,2027-01-27,ACTIVE,TEXTILES,1,5,1,0,0,12,MEDIUM,0.487092,NORMAL,0.189502,0.310803,5.23,25.46,LOW
TF-2026-0004974,COLLECTION,CUST-00124,CP-02101,CA,MX,EUR,142679.35,2025-05-18,2025-10-07,ACTIVE,INDUSTRIAL_EQUIPMENT,0,7,4,0,0,11,HIGH,0.527771,NORMAL,0.18419,0.189423,4.71,36.72,LOW
TF-2026-0004975,EXPORT_LC,CUST-01051,CP-03052,CA,US,EUR,2140969.18,2025-07-29,2025-11-23,CLOSED,ELECTRONICS,2,6,7,0,0,14,MEDIUM,0.548441,NORMAL,0.246791,0.331027,8.69,43.2,MEDIUM
TF-2026-0004976,EXPORT_LC,CUST-00754,CP-03137,CA,BR,GBP,228558.04,2025-01-06,2025-04-21,SETTLED,INDUSTRIAL_EQUIPMENT,1,6,1,0,0,14,MEDIUM,0.506677,NORMAL,0.154764,0.279305,6.33,28.31,LOW
TF-2026-0004977,EXPORT_LC,CUST-00005,CP-02610,CA,GB,GBP,730012.8,2024-12-04,2025-02-28,ACTIVE,AUTO_PARTS,3,6,7,1,0,11,LOW,0.476882,NORMAL,0.3774,0.345354,7.61,25.28,LOW
TF-2026-0004978,COLLECTION,CUST-00138,CP-02323,CA,BR,GBP,1145611.16,2025-06-09,2025-11-05,CLOSED,CHEMICALS,1,5,15,0,1,2,MEDIUM,0.506509,NORMAL,0.175693,0.474783,11.59,35.71,LOW
TF-2026-0004979,EXPORT_LC,CUST-00635,CP-03425,CA,GB,JPY,48740.82,2025-09-29,2026-03-21,SETTLED,AUTO_PARTS,0,10,12,1,1,2,MEDIUM,0.612115,HIGH,0.257269,0.413105,7.86,51.86,MEDIUM
TF-2026-0004980,GUARANTEE,CUST-00124,CP-03136,CA,GB,CNY,882269.06,2025-10-15,2026-04-12,SETTLED,AUTO_PARTS,4,4,18,1,1,4,HIGH,0.493425,NORMAL,0.465305,0.803138,15.52,57.56,MEDIUM
TF-2026-0004981,EXPORT_LC,CUST-00450,CP-02555,CA,AE,JPY,177450.82,2025-01-17,2025-03-29,ACTIVE,CHEMICALS,2,5,12,0,1,5,HIGH,0.490397,NORMAL,0.330611,0.595123,10.35,45.47,MEDIUM
TF-2026-0004982,IMPORT_LC,CUST-00810,CP-01893,CA,US,GBP,551249.76,2024-10-04,2025-01-08,CLOSED,AGRICULTURE,3,10,3,0,0,12,MEDIUM,0.508605,NORMAL,0.397898,0.454309,7.96,42.22,MEDIUM
TF-2026-0004983,EXPORT_LC,CUST-00632,CP-01876,CA,US,USD,3369605.83,2025-01-02,2025-04-14,SETTLED,AGRICULTURE,5,8,16,1,1,13,MEDIUM,0.580067,NORMAL,0.371279,0.7285,15.12,64.83,MEDIUM
TF-2026-0004984,EXPORT_LC,CUST-00195,CP-02181,CA,AE,CAD,284757.77,2025-04-24,2025-10-14,CLOSED,ELECTRONICS,1,5,7,0,0,14,MEDIUM,0.511415,NORMAL,0.224574,0.292641,8.11,32.13,LOW
TF-2026-0004985,COLLECTION,CUST-00230,CP-01782,CA,FR,CNY,46592.88,2024-11-25,2025-05-24,ACTIVE,CHEMICALS,4,9,17,0,1,2,HIGH,0.583567,NORMAL,0.433561,0.614442,11.44,67.92,HIGH
TF-2026-0004986,COLLECTION,CUST-00030,CP-02201,CA,CN,GBP,79204.67,2026-02-22,2026-05-14,CLOSED,CHEMICALS,2,9,11,0,1,12,HIGH,0.544553,NORMAL,0.273562,0.556805,10.35,56.14,MEDIUM
TF-2026-0004987,GUARANTEE,CUST-00202,CP-03301,CA,FR,GBP,2567548.31,2025-01-30,2025-05-06,ACTIVE,AUTO_PARTS,0,8,4,0,0,5,MEDIUM,0.550997,NORMAL,0.157835,0.180796,5.84,35.78,LOW
TF-2026-0004988,GUARANTEE,CUST-00032,CP-02294,CA,BR,CNY,234769.83,2025-11-21,2026-04-10,CLOSED,AUTO_PARTS,3,8,8,1,0,7,MEDIUM,0.464976,NORMAL,0.681369,0.410885,9.61,40.16,MEDIUM
TF-2026-0004989,EXPORT_LC,CUST-00880,CP-01389,CA,SG,GBP,64563.21,2025-03-17,2025-09-11,ACTIVE,INDUSTRIAL_EQUIPMENT,3,3,9,1,0,3,LOW,0.578977,NORMAL,0.341547,0.550973,10.84,52.65,MEDIUM
TF-2026-0004990,IMPORT_LC,CUST-00818,CP-01328,CA,US,JPY,357976.1,2026-03-13,2026-08-25,CLOSED,AGRICULTURE,3,9,13,1,1,10,LOW,0.483536,NORMAL,0.609578,0.464365,10.76,37.66,LOW
TF-2026-0004991,EXPORT_LC,CUST-00569,CP-00345,CA,IN,CAD,456067.52,2026-07-02,2026-11-05,SETTLED,INDUSTRIAL_EQUIPMENT,3,4,11,1,1,12,HIGH,0.485733,NORMAL,0.685003,0.655412,11.58,57.13,MEDIUM
TF-2026-0004992,GUARANTEE,CUST-00400,CP-02121,CA,GB,CAD,124295.09,2026-07-18,2027-01-05,ACTIVE,CHEMICALS,2,9,14,0,1,0,MEDIUM,0.554807,NORMAL,0.366519,0.602324,12.26,57.47,MEDIUM
TF-2026-0004993,COLLECTION,CUST-00049,CP-00282,CA,BR,EUR,3646043.84,2026-04-26,2026-10-21,CLOSED,INDUSTRIAL_EQUIPMENT,2,3,6,0,0,5,MEDIUM,0.582359,NORMAL,0.284947,0.352725,7.33,49.21,MEDIUM
TF-2026-0004994,EXPORT_LC,CUST-00398,CP-01251,CA,CN,EUR,1665284.12,2026-03-13,2026-06-15,SETTLED,AUTO_PARTS,3,8,7,0,0,9,HIGH,0.491505,NORMAL,0.340323,0.426139,9.25,40.15,MEDIUM
TF-2026-0004995,COLLECTION,CUST-00281,CP-01344,CA,GB,CNY,109133.81,2026-02-13,2026-04-18,SETTLED,INDUSTRIAL_EQUIPMENT,4,3,16,0,1,5,LOW,0.552624,NORMAL,0.370995,0.637271,14.63,53.46,MEDIUM
TF-2026-0004996,IMPORT_LC,CUST-00187,CP-00375,CA,GB,GBP,1248369.05,2025-02-19,2025-06-14,CLOSED,TEXTILES,0,3,1,0,0,2,MEDIUM,0.570338,NORMAL,0.191258,0.170611,4.53,39.14,LOW
TF-2026-0004997,GUARANTEE,CUST-00658,CP-00041,CA,FR,JPY,1898491.6,2025-05-09,2025-08-04,SETTLED,INDUSTRIAL_EQUIPMENT,5,4,5,0,0,6,HIGH,0.549718,NORMAL,0.511711,0.545508,10.61,63.92,MEDIUM
TF-2026-0004998,IMPORT_LC,CUST-00099,CP-02994,CA,BR,CAD,424022.39,2025-09-27,2026-03-02,SETTLED,ELECTRONICS,0,7,6,0,0,4,MEDIUM,0.506259,NORMAL,0.148294,0.22313,6.92,26.04,LOW
TF-2026-0004999,EXPORT_LC,CUST-00620,CP-00365,CA,SG,CAD,740642.04,2026-02-17,2026-06-26,CLOSED,AUTO_PARTS,1,5,5,0,0,10,LOW,0.483727,NORMAL,0.146114,0.338307,6.54,19.39,LOW
TF-2026-0005000,COLLECTION,CUST-00277,CP-00108,CA,SG,GBP,982195.42,2025-06-26,2025-09-20,ACTIVE,AUTO_PARTS,2,6,9,0,0,12,HIGH,0.488943,NORMAL,0.202176,0.326879,8.97,31.86,LOW
